<?xml version="1.0"?>
<manifest xmlns="http://www.imsglobal.org/xsd/imsccv1p1/imscp_v1p1" xmlns:lom="http://ltsc.ieee.org/xsd/imsccv1p1/LOM/resource" xmlns:imsmd="http://www.imsglobal.org/xsd/imsmd_v1p2" xmlns:xsi="http://www.w3.org/2001/XMLSchema-instance" identifier="bad97ff9-8ea0-48b0-bb67-5454902d3609" xsi:schemaLocation="http://www.imsglobal.org/xsd/imsccv1p1/imscp_v1p1 http://www.imsglobal.org/xsd/imscp_v1p1.xsd http://ltsc.ieee.org/xsd/imsccv1p1/LOM/resource http://www.imsglobal.org/profile/cc/ccv1p1/LOM/ccv1p1_lomresource_v1p0.xsd http://www.imsglobal.org/xsd/imsmd_v1p2 http://www.imsglobal.org/xsd/imsmd_v1p2p2.xsd">
	<metadata>
		<schema>IMS Content</schema>
		<schemaversion>1.1.3</schemaversion>
		<imsmd:lom>
			<imsmd:general>
				<imsmd:title>
					<imsmd:string>Semester Exam - Chapters 3 to 9 (Plus 16 FITB on Cumulative Code Stimulus)</imsmd:string>
				</imsmd:title>
			</imsmd:general>
			<imsmd:lifeCycle>
				<imsmd:contribute>
					<imsmd:date>
						<imsmd:dateTime>2026-01-05</imsmd:dateTime>
					</imsmd:date>
				</imsmd:contribute>
			</imsmd:lifeCycle>
		</imsmd:lom>
	</metadata>
	<organizations/>
	<resources>
		<resource identifier="403f4090-7c36-41da-b91a-161a2018e731" type="imsqti_xmlv1p2">
			<file href="403f4090-7c36-41da-b91a-161a2018e731/403f4090-7c36-41da-b91a-161a2018e731.xml"/>
			<dependency identifierref="58eed1b6-6222-481c-a770-c16c9c8c0c2c"/>
		</resource>
		<resource identifier="58eed1b6-6222-481c-a770-c16c9c8c0c2c" type="associatedcontent/imscc_xmlv1p1/learning-application-resource" href="403f4090-7c36-41da-b91a-161a2018e731/assessment_meta.xml">
			<file href="403f4090-7c36-41da-b91a-161a2018e731/assessment_meta.xml"/>
		</resource>
	</resources>
</manifest>
