<?xml version="1.0"?>
<questestinterop xmlns="http://www.imsglobal.org/xsd/ims_qtiasiv1p2" xmlns:xsi="http://www.w3.org/2001/XMLSchema-instance" xsi:schemaLocation="http://www.imsglobal.org/xsd/ims_qtiasiv1p2 http://www.imsglobal.org/xsd/ims_qtiasiv1p2p1.xsd"><assessment ident="assessment_11075d67" title="Attempt 4 - Doc-Friendly All Question Types"><qtimetadata><qtimetadatafield><fieldlabel>cc_maxattempts</fieldlabel><fieldentry>1</fieldentry></qtimetadatafield></qtimetadata><section ident="root_section"><item ident="item_q01_554c24e3" title="Q01"><itemmetadata><qtimetadata><qtimetadatafield><fieldlabel>question_type</fieldlabel><fieldentry>multiple_choice_question</fieldentry></qtimetadatafield><qtimetadatafield><fieldlabel>calculator_type</fieldlabel><fieldentry>none</fieldentry></qtimetadatafield><qtimetadatafield><fieldlabel>points_possible</fieldlabel><fieldentry>10.0</fieldentry></qtimetadatafield></qtimetadata></itemmetadata><presentation><material><mattext texttype="text/html">&lt;p&gt;Which note-taking approach best captures main ideas during a lecture?&lt;/p&gt;</mattext></material><response_lid ident="response1" rcardinality="Single"><render_choice><response_label ident="a"><material><mattext texttype="text/html">&lt;p&gt;Only jot down vocabulary, not explanations&lt;/p&gt;</mattext></material></response_label><response_label ident="b"><material><mattext texttype="text/html">&lt;p&gt;Write every word the teacher says&lt;/p&gt;</mattext></material></response_label><response_label ident="c"><material><mattext texttype="text/html">&lt;p&gt;Skip notes and rely on memory later&lt;/p&gt;</mattext></material></response_label><response_label ident="d"><material><mattext texttype="text/html">&lt;p&gt;Use a short outline with headings&lt;/p&gt;</mattext></material></response_label></render_choice></response_lid></presentation><resprocessing><outcomes><decvar maxvalue="100" minvalue="0" varname="SCORE" vartype="Decimal" /></outcomes><respcondition continue="No"><conditionvar><varequal respident="response1">d</varequal></conditionvar><setvar action="Set" varname="SCORE">100</setvar></respcondition></resprocessing></item><item ident="item_q02_f973c345" title="Q02"><itemmetadata><qtimetadata><qtimetadatafield><fieldlabel>question_type</fieldlabel><fieldentry>multiple_answers_question</fieldentry></qtimetadatafield><qtimetadatafield><fieldlabel>calculator_type</fieldlabel><fieldentry>none</fieldentry></qtimetadatafield><qtimetadatafield><fieldlabel>points_possible</fieldlabel><fieldentry>10.0</fieldentry></qtimetadatafield></qtimetadata></itemmetadata><presentation><material><mattext texttype="text/html">&lt;p&gt;Select ALL active study habits that improve recall. Options:
A) Teach the concept aloud to someone else
B) Space practice over several short sessions
C) Highlight everything in the book without reviewing it
D) Mix different types of problems in one study set&lt;/p&gt;</mattext></material><response_lid ident="response1" rcardinality="Multiple"><render_choice><response_label ident="a"><material><mattext texttype="text/html">&lt;p&gt;Highlight everything in the book without reviewing it&lt;/p&gt;</mattext></material></response_label><response_label ident="b"><material><mattext texttype="text/html">&lt;p&gt;Mix different types of problems in one study set&lt;/p&gt;</mattext></material></response_label><response_label ident="c"><material><mattext texttype="text/html">&lt;p&gt;Space practice over several short sessions&lt;/p&gt;</mattext></material></response_label><response_label ident="d"><material><mattext texttype="text/html">&lt;p&gt;Teach the concept aloud to someone else&lt;/p&gt;</mattext></material></response_label></render_choice></response_lid></presentation><resprocessing><outcomes><decvar maxvalue="100" minvalue="0" varname="SCORE" vartype="Decimal" /></outcomes><respcondition continue="Yes"><conditionvar><varequal respident="response1">b</varequal></conditionvar><setvar action="Add" varname="SCORE">33.33</setvar></respcondition><respcondition continue="Yes"><conditionvar><varequal respident="response1">c</varequal></conditionvar><setvar action="Add" varname="SCORE">33.33</setvar></respcondition><respcondition continue="Yes"><conditionvar><varequal respident="response1">d</varequal></conditionvar><setvar action="Add" varname="SCORE">33.34</setvar></respcondition></resprocessing></item><item ident="item_q03_d5fd86cc" title="Q03"><itemmetadata><qtimetadata><qtimetadatafield><fieldlabel>question_type</fieldlabel><fieldentry>true_false_question</fieldentry></qtimetadatafield><qtimetadatafield><fieldlabel>calculator_type</fieldlabel><fieldentry>none</fieldentry></qtimetadatafield><qtimetadatafield><fieldlabel>points_possible</fieldlabel><fieldentry>10.0</fieldentry></qtimetadatafield></qtimetadata></itemmetadata><presentation><material><mattext texttype="text/html">&lt;p&gt;True or False: Checking units in every calculation is a reliable way to catch setup errors early.&lt;/p&gt;</mattext></material><response_lid ident="response1" rcardinality="Single"><render_choice><response_label ident="true"><material><mattext texttype="text/html">&lt;p&gt;True&lt;/p&gt;</mattext></material></response_label><response_label ident="false"><material><mattext texttype="text/html">&lt;p&gt;False&lt;/p&gt;</mattext></material></response_label></render_choice></response_lid></presentation><resprocessing><outcomes><decvar maxvalue="100" minvalue="0" varname="SCORE" vartype="Decimal" /></outcomes><respcondition continue="No"><conditionvar><varequal respident="response1">false</varequal></conditionvar><setvar action="Set" varname="SCORE">100</setvar></respcondition></resprocessing></item><item ident="item_q04_b95d4120" title="Q04"><itemmetadata><qtimetadata><qtimetadatafield><fieldlabel>question_type</fieldlabel><fieldentry>matching_question</fieldentry></qtimetadatafield><qtimetadatafield><fieldlabel>calculator_type</fieldlabel><fieldentry>none</fieldentry></qtimetadatafield><qtimetadatafield><fieldlabel>points_possible</fieldlabel><fieldentry>10.0</fieldentry></qtimetadatafield></qtimetadata></itemmetadata><presentation><material><mattext texttype="text/html">&lt;p&gt;Match each lab tool to what it measures (shown here for the DOCX view):
1) Graduated cylinder -&amp;gt; ____
2) Spring scale -&amp;gt; ____
3) Stopwatch -&amp;gt; ____&lt;/p&gt;</mattext></material><response_lid ident="7035818e-76ed-4e23-bbc8-8a7e9eb601f7"><material><mattext texttype="text/plain">Graduated cylinder</mattext></material><render_choice><response_label ident="3b5ff8ed-ecd7-4183-81f7-f3d075b0d697"><material><mattext texttype="text/plain">Volume of a liquid</mattext></material></response_label><response_label ident="05d5e7b4-61bd-4dc0-b553-cbe683fe5dd7"><material><mattext texttype="text/plain">Force or weight</mattext></material></response_label><response_label ident="8fe72620-6680-48d8-be17-b24e5e1ebfcf"><material><mattext texttype="text/plain">Elapsed time</mattext></material></response_label></render_choice></response_lid><response_lid ident="696b7221-4e65-435d-8369-3373b60dd388"><material><mattext texttype="text/plain">Spring scale</mattext></material><render_choice><response_label ident="3b5ff8ed-ecd7-4183-81f7-f3d075b0d697"><material><mattext texttype="text/plain">Volume of a liquid</mattext></material></response_label><response_label ident="05d5e7b4-61bd-4dc0-b553-cbe683fe5dd7"><material><mattext texttype="text/plain">Force or weight</mattext></material></response_label><response_label ident="8fe72620-6680-48d8-be17-b24e5e1ebfcf"><material><mattext texttype="text/plain">Elapsed time</mattext></material></response_label></render_choice></response_lid><response_lid ident="e57b2e63-c983-42d4-8e5d-ded2d288e6c3"><material><mattext texttype="text/plain">Stopwatch</mattext></material><render_choice><response_label ident="3b5ff8ed-ecd7-4183-81f7-f3d075b0d697"><material><mattext texttype="text/plain">Volume of a liquid</mattext></material></response_label><response_label ident="05d5e7b4-61bd-4dc0-b553-cbe683fe5dd7"><material><mattext texttype="text/plain">Force or weight</mattext></material></response_label><response_label ident="8fe72620-6680-48d8-be17-b24e5e1ebfcf"><material><mattext texttype="text/plain">Elapsed time</mattext></material></response_label></render_choice></response_lid></presentation><resprocessing><outcomes><decvar maxvalue="100" minvalue="0" varname="SCORE" vartype="Decimal" /></outcomes><respcondition><conditionvar><varequal respident="7035818e-76ed-4e23-bbc8-8a7e9eb601f7">3b5ff8ed-ecd7-4183-81f7-f3d075b0d697</varequal></conditionvar><setvar action="Add" varname="SCORE">33.33</setvar></respcondition><respcondition><conditionvar><varequal respident="696b7221-4e65-435d-8369-3373b60dd388">05d5e7b4-61bd-4dc0-b553-cbe683fe5dd7</varequal></conditionvar><setvar action="Add" varname="SCORE">33.33</setvar></respcondition><respcondition><conditionvar><varequal respident="e57b2e63-c983-42d4-8e5d-ded2d288e6c3">8fe72620-6680-48d8-be17-b24e5e1ebfcf</varequal></conditionvar><setvar action="Add" varname="SCORE">33.34</setvar></respcondition></resprocessing></item><item ident="item_q05_2decee9a" title="Q05"><itemmetadata><qtimetadata><qtimetadatafield><fieldlabel>question_type</fieldlabel><fieldentry>fill_in_multiple_blanks_question</fieldentry></qtimetadatafield><qtimetadatafield><fieldlabel>calculator_type</fieldlabel><fieldentry>none</fieldentry></qtimetadatafield><qtimetadatafield><fieldlabel>points_possible</fieldlabel><fieldentry>10.0</fieldentry></qtimetadatafield></qtimetadata></itemmetadata><presentation><material><mattext texttype="text/html">&lt;p&gt;A controlled variable is a factor kept [9e39d98365ea4c17bf0b626d0ff31f5e] so results depend only on what you test.&lt;/p&gt;</mattext></material><response_lid ident="response_9e39d98365ea4c17bf0b626d0ff31f5e"><material><mattext>Question</mattext></material><render_choice><response_label scoring_algorithm="TextContainsAnswer" answer_type="openEntry" ident="9e39d98365ea4c17bf0b626d0ff31f5e-0"><material><mattext texttype="text/plain">constant</mattext></material></response_label><response_label scoring_algorithm="TextContainsAnswer" answer_type="openEntry" ident="9e39d98365ea4c17bf0b626d0ff31f5e-1"><material><mattext texttype="text/plain">unchanged</mattext></material></response_label><response_label scoring_algorithm="TextContainsAnswer" answer_type="openEntry" ident="9e39d98365ea4c17bf0b626d0ff31f5e-2"><material><mattext texttype="text/plain">the same</mattext></material></response_label></render_choice></response_lid></presentation><resprocessing><outcomes><decvar maxvalue="100" minvalue="0" varname="SCORE" vartype="Decimal" /></outcomes><respcondition><conditionvar><varequal respident="response_9e39d98365ea4c17bf0b626d0ff31f5e">9e39d98365ea4c17bf0b626d0ff31f5e-0</varequal></conditionvar><setvar action="Add" varname="SCORE">100.00</setvar></respcondition><respcondition><conditionvar><varequal respident="response_9e39d98365ea4c17bf0b626d0ff31f5e">9e39d98365ea4c17bf0b626d0ff31f5e-1</varequal></conditionvar><setvar action="Add" varname="SCORE">100.00</setvar></respcondition><respcondition><conditionvar><varequal respident="response_9e39d98365ea4c17bf0b626d0ff31f5e">9e39d98365ea4c17bf0b626d0ff31f5e-2</varequal></conditionvar><setvar action="Add" varname="SCORE">100.00</setvar></respcondition></resprocessing></item><item ident="item_q06_b1392006" title="Q06"><itemmetadata><qtimetadata><qtimetadatafield><fieldlabel>question_type</fieldlabel><fieldentry>essay_question</fieldentry></qtimetadatafield><qtimetadatafield><fieldlabel>calculator_type</fieldlabel><fieldentry>none</fieldentry></qtimetadatafield><qtimetadatafield><fieldlabel>points_possible</fieldlabel><fieldentry>10.0</fieldentry></qtimetadatafield></qtimetadata></itemmetadata><presentation><material><mattext texttype="text/html">&lt;p&gt;Describe how you would troubleshoot a math word problem when your first answer seems too large. Mention at least two checkpoints (units, estimation, inverse operations, or calculator entry) before trying again.&lt;/p&gt;</mattext></material><response_str ident="response1" rcardinality="Single"><render_fib><response_label ident="answer1" /></render_fib></response_str></presentation></item><item ident="item_q07_ed5115aa" title="Q07"><itemmetadata><qtimetadata><qtimetadatafield><fieldlabel>question_type</fieldlabel><fieldentry>file_upload_question</fieldentry></qtimetadatafield><qtimetadatafield><fieldlabel>calculator_type</fieldlabel><fieldentry>none</fieldentry></qtimetadatafield><qtimetadatafield><fieldlabel>points_possible</fieldlabel><fieldentry>10.0</fieldentry></qtimetadatafield></qtimetadata></itemmetadata><presentation><material><mattext texttype="text/html">&lt;p&gt;Upload a clear photo or PDF of a data table from a quick investigation you ran (for example, cooling different liquids).&lt;/p&gt;</mattext></material><response_str ident="response1" rcardinality="Single"><render_fib><response_label ident="answer1" /></render_fib></response_str></presentation></item><item ident="item_q08_498d041c" title="Q08"><itemmetadata><qtimetadata><qtimetadatafield><fieldlabel>question_type</fieldlabel><fieldentry>ordering_question</fieldentry></qtimetadatafield><qtimetadatafield><fieldlabel>calculator_type</fieldlabel><fieldentry>none</fieldentry></qtimetadatafield><qtimetadatafield><fieldlabel>points_possible</fieldlabel><fieldentry>10.0</fieldentry></qtimetadatafield></qtimetadata></itemmetadata><presentation><material><mattext texttype="text/html">&lt;p&gt;Place these scientific method steps in order (list shown for DOCX):
1) Define the testable question
2) Plan variables, materials, and procedure
3) Collect data by running the procedure
4) Analyze patterns and state a conclusion&lt;/p&gt;</mattext></material><response_lid ident="response1" rcardinality="Ordered"><render_extension><ims_render_object shuffle="No"><flow_label><response_label ident="63871506-5c20-48a7-ac8b-b98735139799"><material><mattext texttype="text/html">&lt;p&gt;Define the testable question&lt;/p&gt;</mattext></material></response_label><response_label ident="6fc7d598-eb4b-4e27-8026-f2f4927b681e"><material><mattext texttype="text/html">&lt;p&gt;Plan variables, materials, and procedure&lt;/p&gt;</mattext></material></response_label><response_label ident="73177446-1dc5-44b3-96fc-d786ef5aa033"><material><mattext texttype="text/html">&lt;p&gt;Collect data by running the procedure&lt;/p&gt;</mattext></material></response_label><response_label ident="9bd39506-d55d-4212-a000-2f52e40e4fd6"><material><mattext texttype="text/html">&lt;p&gt;Analyze patterns and state a conclusion&lt;/p&gt;</mattext></material></response_label></flow_label></ims_render_object><material position="bottom"><mattext /></material></render_extension></response_lid></presentation><resprocessing><outcomes><decvar maxvalue="100" minvalue="0" varname="SCORE" vartype="Decimal" /></outcomes><respcondition continue="No"><conditionvar><varequal respident="response1">63871506-5c20-48a7-ac8b-b98735139799</varequal><varequal respident="response1">6fc7d598-eb4b-4e27-8026-f2f4927b681e</varequal><varequal respident="response1">73177446-1dc5-44b3-96fc-d786ef5aa033</varequal><varequal respident="response1">9bd39506-d55d-4212-a000-2f52e40e4fd6</varequal></conditionvar><setvar action="Set" varname="SCORE">100</setvar></respcondition></resprocessing></item><item ident="item_q09_0ee05d58" title="Q09"><itemmetadata><qtimetadata><qtimetadatafield><fieldlabel>question_type</fieldlabel><fieldentry>categorization_question</fieldentry></qtimetadatafield><qtimetadatafield><fieldlabel>calculator_type</fieldlabel><fieldentry>none</fieldentry></qtimetadatafield><qtimetadatafield><fieldlabel>points_possible</fieldlabel><fieldentry>10.0</fieldentry></qtimetadatafield></qtimetadata></itemmetadata><presentation><material><mattext texttype="text/html">&lt;p&gt;Categorize each classroom observation as Qualitative or Quantitative (items shown for DOCX):
- Temperature dropped from 23 C to 18 C
- The solution turned pale yellow
- It fizzed for 35 seconds
- A sharp vinegar smell appeared&lt;/p&gt;</mattext></material><response_lid ident="643552a3-e2a2-4222-8988-ad5fb0d7a99b" rcardinality="Multiple"><material><mattext texttype="text/plain">Qualitative</mattext></material><render_choice><response_label ident="96719521-9f92-46ef-a558-b712caabc651"><material><mattext texttype="text/plain">Temperature dropped from 23 C to 18 C</mattext></material></response_label><response_label ident="d932cbd2-0464-47df-a65e-e4effddb623e"><material><mattext texttype="text/plain">The solution turned pale yellow</mattext></material></response_label><response_label ident="786440fb-a8a0-48d7-af71-7f863f4e2159"><material><mattext texttype="text/plain">It fizzed for 35 seconds</mattext></material></response_label><response_label ident="63804387-b43d-4d11-90c7-e2f65499e135"><material><mattext texttype="text/plain">A sharp vinegar smell appeared</mattext></material></response_label><response_label ident="3e9a37a5-387c-46d2-8208-b76b635c3d3d"><material><mattext texttype="text/plain">Used a glass beaker</mattext></material></response_label><response_label ident="83292b6d-1e48-4c92-8e2a-854f111562a3"><material><mattext texttype="text/plain">Recorded observations after class</mattext></material></response_label></render_choice></response_lid><response_lid ident="85326027-de48-496f-b227-edb564ff0e57" rcardinality="Multiple"><material><mattext texttype="text/plain">Quantitative</mattext></material><render_choice><response_label ident="96719521-9f92-46ef-a558-b712caabc651"><material><mattext texttype="text/plain">Temperature dropped from 23 C to 18 C</mattext></material></response_label><response_label ident="d932cbd2-0464-47df-a65e-e4effddb623e"><material><mattext texttype="text/plain">The solution turned pale yellow</mattext></material></response_label><response_label ident="786440fb-a8a0-48d7-af71-7f863f4e2159"><material><mattext texttype="text/plain">It fizzed for 35 seconds</mattext></material></response_label><response_label ident="63804387-b43d-4d11-90c7-e2f65499e135"><material><mattext texttype="text/plain">A sharp vinegar smell appeared</mattext></material></response_label><response_label ident="3e9a37a5-387c-46d2-8208-b76b635c3d3d"><material><mattext texttype="text/plain">Used a glass beaker</mattext></material></response_label><response_label ident="83292b6d-1e48-4c92-8e2a-854f111562a3"><material><mattext texttype="text/plain">Recorded observations after class</mattext></material></response_label></render_choice></response_lid></presentation><resprocessing><outcomes><decvar maxvalue="100" minvalue="0" varname="SCORE" vartype="Decimal" /></outcomes><respcondition><conditionvar><varequal respident="643552a3-e2a2-4222-8988-ad5fb0d7a99b">d932cbd2-0464-47df-a65e-e4effddb623e</varequal><varequal respident="643552a3-e2a2-4222-8988-ad5fb0d7a99b">63804387-b43d-4d11-90c7-e2f65499e135</varequal></conditionvar><setvar action="Add" varname="SCORE">50.00</setvar></respcondition><respcondition><conditionvar><varequal respident="85326027-de48-496f-b227-edb564ff0e57">96719521-9f92-46ef-a558-b712caabc651</varequal><varequal respident="85326027-de48-496f-b227-edb564ff0e57">786440fb-a8a0-48d7-af71-7f863f4e2159</varequal></conditionvar><setvar action="Add" varname="SCORE">50.00</setvar></respcondition></resprocessing></item><item ident="item_q10_fd97bc57" title="Q10"><itemmetadata><qtimetadata><qtimetadatafield><fieldlabel>question_type</fieldlabel><fieldentry>numerical_question</fieldentry></qtimetadatafield><qtimetadatafield><fieldlabel>calculator_type</fieldlabel><fieldentry>none</fieldentry></qtimetadatafield><qtimetadatafield><fieldlabel>points_possible</fieldlabel><fieldentry>10.0</fieldentry></qtimetadatafield></qtimetadata></itemmetadata><presentation><material><mattext texttype="text/html">&lt;p&gt;Compute the value of the expression below.&lt;/p&gt;
&lt;pre style="background-color: #272822; color: #F8F8F2; padding: 10px; border-radius: 4px; font-family: 'Courier New', Consolas, monospace; overflow-x: auto; line-height: 1.5;"&gt;&lt;code class="language-math"&gt;(12 + 8) / 4 - 3&lt;/code&gt;&lt;/pre&gt;</mattext></material><response_str ident="response1" rcardinality="Single"><render_fib fibtype="Decimal"><response_label ident="answer1" /></render_fib></response_str></presentation><resprocessing><outcomes><decvar maxvalue="100" minvalue="0" varname="SCORE" vartype="Decimal" /></outcomes><respcondition continue="No"><conditionvar><or><varequal respident="response1">2.0</varequal><and><vargte respident="response1">2.0</vargte><varlte respident="response1">2.0</varlte></and></or></conditionvar><setvar action="Set" varname="SCORE">100</setvar></respcondition></resprocessing></item></section></assessment></questestinterop>
