<?xml version="1.0"?>
<questestinterop xmlns="http://www.imsglobal.org/xsd/ims_qtiasiv1p2" xmlns:xsi="http://www.w3.org/2001/XMLSchema-instance" xsi:schemaLocation="http://www.imsglobal.org/xsd/ims_qtiasiv1p2 http://www.imsglobal.org/xsd/ims_qtiasiv1p2p1.xsd"><assessment ident="assessment_c681182f" title="Attempt 7 - DocX All Types (12 Questions)"><qtimetadata><qtimetadatafield><fieldlabel>cc_maxattempts</fieldlabel><fieldentry>1</fieldentry></qtimetadatafield></qtimetadata><section ident="root_section"><item ident="stim_club" title="Q01"><itemmetadata><qtimetadata><qtimetadatafield><fieldlabel>question_type</fieldlabel><fieldentry>text_only_question</fieldentry></qtimetadatafield><qtimetadatafield><fieldlabel>points_possible</fieldlabel><fieldentry>0.0</fieldentry></qtimetadatafield></qtimetadata></itemmetadata><presentation><material><mattext texttype="text/html">&lt;p&gt;Read the short notice:&lt;/p&gt;
&lt;div style="margin:10px 0;"&gt;&lt;div style="font-family: inherit; font-size:0.95em; padding:14px 18px; background:#fff; border:1px solid #d9d9d9; border-left:5px solid #4b79ff; line-height:1.6;"&gt;&lt;p style="margin: 0 0 0.9em 0; line-height: 1.6;"&gt;&lt;span style="font-size: 0.85em; font-style: italic; color: #999; font-weight: normal;"&gt;[1]&lt;/span&gt;     The robotics club is hosting a Saturday build session. Teams will test lightweight bridge designs, collect load-to-failure data, and decide which variables to change for the final build.&lt;/p&gt;&lt;/div&gt;&lt;/div&gt;</mattext></material></presentation></item><item ident="item_q02_130125c5" title="Q02"><itemmetadata><qtimetadata><qtimetadatafield><fieldlabel>question_type</fieldlabel><fieldentry>multiple_choice_question</fieldentry></qtimetadatafield><qtimetadatafield><fieldlabel>calculator_type</fieldlabel><fieldentry>none</fieldentry></qtimetadatafield><qtimetadatafield><fieldlabel>points_possible</fieldlabel><fieldentry>4.0</fieldentry></qtimetadatafield><qtimetadatafield><fieldlabel>parent_stimulus_item_ident</fieldlabel><fieldentry>stim_club</fieldentry></qtimetadatafield></qtimetadata></itemmetadata><presentation><material><mattext texttype="text/html">&lt;p&gt;What is the main goal of the Saturday build session?&lt;/p&gt;</mattext></material><response_lid ident="response1" rcardinality="Single"><render_choice><response_label ident="a"><material><mattext texttype="text/html">&lt;p&gt;Test bridges and use data to choose improvements&lt;/p&gt;</mattext></material></response_label><response_label ident="b"><material><mattext texttype="text/html">&lt;p&gt;Watch videos about famous bridges without building&lt;/p&gt;</mattext></material></response_label><response_label ident="c"><material><mattext texttype="text/html">&lt;p&gt;Decorate the classroom for an awards night&lt;/p&gt;</mattext></material></response_label><response_label ident="d"><material><mattext texttype="text/html">&lt;p&gt;Vote on club officers for the semester&lt;/p&gt;</mattext></material></response_label></render_choice></response_lid></presentation><resprocessing><outcomes><decvar maxvalue="100" minvalue="0" varname="SCORE" vartype="Decimal" /></outcomes><respcondition continue="No"><conditionvar><varequal respident="response1">a</varequal></conditionvar><setvar action="Set" varname="SCORE">100</setvar></respcondition></resprocessing></item><item ident="item_q03_ef15fd18" title="Q03"><itemmetadata><qtimetadata><qtimetadatafield><fieldlabel>question_type</fieldlabel><fieldentry>multiple_choice_question</fieldentry></qtimetadatafield><qtimetadatafield><fieldlabel>calculator_type</fieldlabel><fieldentry>none</fieldentry></qtimetadatafield><qtimetadatafield><fieldlabel>points_possible</fieldlabel><fieldentry>8.0</fieldentry></qtimetadatafield><qtimetadatafield><fieldlabel>parent_stimulus_item_ident</fieldlabel><fieldentry>stim_club</fieldentry></qtimetadatafield></qtimetadata></itemmetadata><presentation><material><mattext texttype="text/html">&lt;p&gt;Which evidence would best support a bridge design improvement?&lt;/p&gt;</mattext></material><response_lid ident="response1" rcardinality="Single"><render_choice><response_label ident="a"><material><mattext texttype="text/html">&lt;p&gt;A team slogan written on the side of the bridge&lt;/p&gt;</mattext></material></response_label><response_label ident="b"><material><mattext texttype="text/html">&lt;p&gt;A dramatic guess about which bridge looks strongest without data&lt;/p&gt;</mattext></material></response_label><response_label ident="c"><material><mattext texttype="text/html">&lt;p&gt;A story about a bridge from a movie&lt;/p&gt;</mattext></material></response_label><response_label ident="d"><material><mattext texttype="text/html">&lt;p&gt;Load-to-failure numbers showing one design held more weight&lt;/p&gt;</mattext></material></response_label></render_choice></response_lid></presentation><resprocessing><outcomes><decvar maxvalue="100" minvalue="0" varname="SCORE" vartype="Decimal" /></outcomes><respcondition continue="No"><conditionvar><varequal respident="response1">d</varequal></conditionvar><setvar action="Set" varname="SCORE">100</setvar></respcondition></resprocessing></item><item ident="item_q04_441ea1e2" title="Q04"><itemmetadata><qtimetadata><qtimetadatafield><fieldlabel>question_type</fieldlabel><fieldentry>STIMULUS_END</fieldentry></qtimetadatafield><qtimetadatafield><fieldlabel>points_possible</fieldlabel><fieldentry>8.0</fieldentry></qtimetadatafield></qtimetadata></itemmetadata><presentation><material><mattext texttype="text/html">&lt;p&gt;End of stimulus.&lt;/p&gt;</mattext></material><response_lid ident="response1" rcardinality="Single"><render_choice /></response_lid></presentation><resprocessing><outcomes><decvar maxvalue="100" minvalue="0" varname="SCORE" vartype="Decimal" /></outcomes></resprocessing></item><item ident="item_q05_057616a9" title="Q05"><itemmetadata><qtimetadata><qtimetadatafield><fieldlabel>question_type</fieldlabel><fieldentry>multiple_choice_question</fieldentry></qtimetadatafield><qtimetadatafield><fieldlabel>calculator_type</fieldlabel><fieldentry>none</fieldentry></qtimetadatafield><qtimetadatafield><fieldlabel>points_possible</fieldlabel><fieldentry>8.0</fieldentry></qtimetadatafield></qtimetadata></itemmetadata><presentation><material><mattext texttype="text/html">&lt;p&gt;Which note-taking approach helps capture main ideas from a lecture?&lt;/p&gt;</mattext></material><response_lid ident="response1" rcardinality="Single"><render_choice><response_label ident="a"><material><mattext texttype="text/html">&lt;p&gt;Use a short outline with headings and key phrases&lt;/p&gt;</mattext></material></response_label><response_label ident="b"><material><mattext texttype="text/html">&lt;p&gt;Only jot down vocabulary, not explanations&lt;/p&gt;</mattext></material></response_label><response_label ident="c"><material><mattext texttype="text/html">&lt;p&gt;Write every word the speaker says&lt;/p&gt;</mattext></material></response_label><response_label ident="d"><material><mattext texttype="text/html">&lt;p&gt;Skip notes and rely on memory later&lt;/p&gt;</mattext></material></response_label></render_choice></response_lid></presentation><resprocessing><outcomes><decvar maxvalue="100" minvalue="0" varname="SCORE" vartype="Decimal" /></outcomes><respcondition continue="No"><conditionvar><varequal respident="response1">a</varequal></conditionvar><setvar action="Set" varname="SCORE">100</setvar></respcondition></resprocessing></item><item ident="item_q06_29171898" title="Q06"><itemmetadata><qtimetadata><qtimetadatafield><fieldlabel>question_type</fieldlabel><fieldentry>multiple_answers_question</fieldentry></qtimetadatafield><qtimetadatafield><fieldlabel>calculator_type</fieldlabel><fieldentry>none</fieldentry></qtimetadatafield><qtimetadatafield><fieldlabel>points_possible</fieldlabel><fieldentry>8.0</fieldentry></qtimetadatafield></qtimetadata></itemmetadata><presentation><material><mattext texttype="text/html">&lt;p&gt;Select ALL active study habits that improve recall. Circle every correct letter: A) Teach someone else B) Space practice over days C) Highlight everything once D) Mix different problem types&lt;/p&gt;</mattext></material><response_lid ident="response1" rcardinality="Multiple"><render_choice><response_label ident="a"><material><mattext texttype="text/html">&lt;p&gt;Mix different types of problems in one study set&lt;/p&gt;</mattext></material></response_label><response_label ident="b"><material><mattext texttype="text/html">&lt;p&gt;Space practice over several short sessions&lt;/p&gt;</mattext></material></response_label><response_label ident="c"><material><mattext texttype="text/html">&lt;p&gt;Teach the concept aloud to someone else&lt;/p&gt;</mattext></material></response_label><response_label ident="d"><material><mattext texttype="text/html">&lt;p&gt;Highlight everything once without review&lt;/p&gt;</mattext></material></response_label></render_choice></response_lid></presentation><resprocessing><outcomes><decvar maxvalue="100" minvalue="0" varname="SCORE" vartype="Decimal" /></outcomes><respcondition continue="Yes"><conditionvar><varequal respident="response1">a</varequal></conditionvar><setvar action="Add" varname="SCORE">33.33</setvar></respcondition><respcondition continue="Yes"><conditionvar><varequal respident="response1">b</varequal></conditionvar><setvar action="Add" varname="SCORE">33.33</setvar></respcondition><respcondition continue="Yes"><conditionvar><varequal respident="response1">c</varequal></conditionvar><setvar action="Add" varname="SCORE">33.34</setvar></respcondition></resprocessing></item><item ident="item_q07_5d2d40da" title="Q07"><itemmetadata><qtimetadata><qtimetadatafield><fieldlabel>question_type</fieldlabel><fieldentry>true_false_question</fieldentry></qtimetadatafield><qtimetadatafield><fieldlabel>calculator_type</fieldlabel><fieldentry>none</fieldentry></qtimetadatafield><qtimetadatafield><fieldlabel>points_possible</fieldlabel><fieldentry>8.0</fieldentry></qtimetadatafield></qtimetadata></itemmetadata><presentation><material><mattext texttype="text/html">&lt;p&gt;Circle True or False: Checking units in every calculation helps catch setup errors early.&lt;/p&gt;</mattext></material><response_lid ident="response1" rcardinality="Single"><render_choice><response_label ident="true"><material><mattext texttype="text/html">&lt;p&gt;True&lt;/p&gt;</mattext></material></response_label><response_label ident="false"><material><mattext texttype="text/html">&lt;p&gt;False&lt;/p&gt;</mattext></material></response_label></render_choice></response_lid></presentation><resprocessing><outcomes><decvar maxvalue="100" minvalue="0" varname="SCORE" vartype="Decimal" /></outcomes><respcondition continue="No"><conditionvar><varequal respident="response1">false</varequal></conditionvar><setvar action="Set" varname="SCORE">100</setvar></respcondition></resprocessing></item><item ident="item_q08_3e6d3c55" title="Q08"><itemmetadata><qtimetadata><qtimetadatafield><fieldlabel>question_type</fieldlabel><fieldentry>matching_question</fieldentry></qtimetadatafield><qtimetadatafield><fieldlabel>calculator_type</fieldlabel><fieldentry>none</fieldentry></qtimetadatafield><qtimetadatafield><fieldlabel>points_possible</fieldlabel><fieldentry>8.0</fieldentry></qtimetadatafield></qtimetadata></itemmetadata><presentation><material><mattext texttype="text/html">&lt;p&gt;Match each lab tool to what it measures. Write the letter (A-C) next to each tool.
A) Volume of a liquid
B) Force or weight
C) Elapsed time&lt;/p&gt;</mattext></material><response_lid ident="801c98b3-5843-49c4-8910-c2a9d69d176e"><material><mattext texttype="text/plain">Graduated cylinder</mattext></material><render_choice><response_label ident="34683bee-ddda-48b1-8eb2-238103bbf9d8"><material><mattext texttype="text/plain">Volume of a liquid</mattext></material></response_label><response_label ident="254cffee-276a-4832-9629-c36284ffe15a"><material><mattext texttype="text/plain">Force or weight</mattext></material></response_label><response_label ident="b5afb18d-5a32-42ca-9c81-647f32afbc50"><material><mattext texttype="text/plain">Elapsed time</mattext></material></response_label></render_choice></response_lid><response_lid ident="197c39ab-2d34-4be9-a4fd-db8a3a7fbd8a"><material><mattext texttype="text/plain">Spring scale</mattext></material><render_choice><response_label ident="34683bee-ddda-48b1-8eb2-238103bbf9d8"><material><mattext texttype="text/plain">Volume of a liquid</mattext></material></response_label><response_label ident="254cffee-276a-4832-9629-c36284ffe15a"><material><mattext texttype="text/plain">Force or weight</mattext></material></response_label><response_label ident="b5afb18d-5a32-42ca-9c81-647f32afbc50"><material><mattext texttype="text/plain">Elapsed time</mattext></material></response_label></render_choice></response_lid><response_lid ident="7a522546-fa63-4fc3-a967-dab01f0d2878"><material><mattext texttype="text/plain">Stopwatch</mattext></material><render_choice><response_label ident="34683bee-ddda-48b1-8eb2-238103bbf9d8"><material><mattext texttype="text/plain">Volume of a liquid</mattext></material></response_label><response_label ident="254cffee-276a-4832-9629-c36284ffe15a"><material><mattext texttype="text/plain">Force or weight</mattext></material></response_label><response_label ident="b5afb18d-5a32-42ca-9c81-647f32afbc50"><material><mattext texttype="text/plain">Elapsed time</mattext></material></response_label></render_choice></response_lid></presentation><resprocessing><outcomes><decvar maxvalue="100" minvalue="0" varname="SCORE" vartype="Decimal" /></outcomes><respcondition><conditionvar><varequal respident="801c98b3-5843-49c4-8910-c2a9d69d176e">34683bee-ddda-48b1-8eb2-238103bbf9d8</varequal></conditionvar><setvar action="Add" varname="SCORE">33.33</setvar></respcondition><respcondition><conditionvar><varequal respident="197c39ab-2d34-4be9-a4fd-db8a3a7fbd8a">254cffee-276a-4832-9629-c36284ffe15a</varequal></conditionvar><setvar action="Add" varname="SCORE">33.33</setvar></respcondition><respcondition><conditionvar><varequal respident="7a522546-fa63-4fc3-a967-dab01f0d2878">b5afb18d-5a32-42ca-9c81-647f32afbc50</varequal></conditionvar><setvar action="Add" varname="SCORE">33.34</setvar></respcondition></resprocessing></item><item ident="item_q09_977aca12" title="Q09"><itemmetadata><qtimetadata><qtimetadatafield><fieldlabel>question_type</fieldlabel><fieldentry>fill_in_multiple_blanks_question</fieldentry></qtimetadatafield><qtimetadatafield><fieldlabel>calculator_type</fieldlabel><fieldentry>none</fieldentry></qtimetadatafield><qtimetadatafield><fieldlabel>points_possible</fieldlabel><fieldentry>8.0</fieldentry></qtimetadatafield></qtimetadata></itemmetadata><presentation><material><mattext texttype="text/html">&lt;p&gt;A controlled variable is a factor kept [0b8b0ad2c933496eb889f8059a0f21c7] so results depend only on what you test.&lt;/p&gt;</mattext></material><response_lid ident="response_0b8b0ad2c933496eb889f8059a0f21c7"><material><mattext>Question</mattext></material><render_choice><response_label scoring_algorithm="TextContainsAnswer" answer_type="openEntry" ident="0b8b0ad2c933496eb889f8059a0f21c7-0"><material><mattext texttype="text/plain">constant</mattext></material></response_label><response_label scoring_algorithm="TextContainsAnswer" answer_type="openEntry" ident="0b8b0ad2c933496eb889f8059a0f21c7-1"><material><mattext texttype="text/plain">unchanged</mattext></material></response_label><response_label scoring_algorithm="TextContainsAnswer" answer_type="openEntry" ident="0b8b0ad2c933496eb889f8059a0f21c7-2"><material><mattext texttype="text/plain">the same</mattext></material></response_label></render_choice></response_lid></presentation><resprocessing><outcomes><decvar maxvalue="100" minvalue="0" varname="SCORE" vartype="Decimal" /></outcomes><respcondition><conditionvar><varequal respident="response_0b8b0ad2c933496eb889f8059a0f21c7">0b8b0ad2c933496eb889f8059a0f21c7-0</varequal></conditionvar><setvar action="Add" varname="SCORE">100.00</setvar></respcondition><respcondition><conditionvar><varequal respident="response_0b8b0ad2c933496eb889f8059a0f21c7">0b8b0ad2c933496eb889f8059a0f21c7-1</varequal></conditionvar><setvar action="Add" varname="SCORE">100.00</setvar></respcondition><respcondition><conditionvar><varequal respident="response_0b8b0ad2c933496eb889f8059a0f21c7">0b8b0ad2c933496eb889f8059a0f21c7-2</varequal></conditionvar><setvar action="Add" varname="SCORE">100.00</setvar></respcondition></resprocessing></item><item ident="item_q10_48b30870" title="Q10"><itemmetadata><qtimetadata><qtimetadatafield><fieldlabel>question_type</fieldlabel><fieldentry>ordering_question</fieldentry></qtimetadatafield><qtimetadatafield><fieldlabel>calculator_type</fieldlabel><fieldentry>none</fieldentry></qtimetadatafield><qtimetadatafield><fieldlabel>points_possible</fieldlabel><fieldentry>8.0</fieldentry></qtimetadatafield></qtimetadata></itemmetadata><presentation><material><mattext texttype="text/html">&lt;p&gt;Number the steps 1-4 to show the correct scientific method sequence. Write the number beside each item.&lt;/p&gt;</mattext></material><response_lid ident="response1" rcardinality="Ordered"><render_extension><ims_render_object shuffle="No"><flow_label><response_label ident="31c297dc-8ddc-4aec-baa2-677ec56ed812"><material><mattext texttype="text/html">&lt;p&gt;Define the testable question&lt;/p&gt;</mattext></material></response_label><response_label ident="93c2ada8-fcc5-4020-bcd2-cde78c37ad5e"><material><mattext texttype="text/html">&lt;p&gt;Plan variables, materials, and procedure&lt;/p&gt;</mattext></material></response_label><response_label ident="57422293-8e33-4df6-a984-ca49eb314868"><material><mattext texttype="text/html">&lt;p&gt;Collect data by running the procedure&lt;/p&gt;</mattext></material></response_label><response_label ident="433d806c-3fa3-46d2-890e-e12013ca4710"><material><mattext texttype="text/html">&lt;p&gt;Analyze patterns and state a conclusion&lt;/p&gt;</mattext></material></response_label></flow_label></ims_render_object><material position="bottom"><mattext /></material></render_extension></response_lid></presentation><resprocessing><outcomes><decvar maxvalue="100" minvalue="0" varname="SCORE" vartype="Decimal" /></outcomes><respcondition continue="No"><conditionvar><varequal respident="response1">31c297dc-8ddc-4aec-baa2-677ec56ed812</varequal><varequal respident="response1">93c2ada8-fcc5-4020-bcd2-cde78c37ad5e</varequal><varequal respident="response1">57422293-8e33-4df6-a984-ca49eb314868</varequal><varequal respident="response1">433d806c-3fa3-46d2-890e-e12013ca4710</varequal></conditionvar><setvar action="Set" varname="SCORE">100</setvar></respcondition></resprocessing></item><item ident="item_q11_fd124211" title="Q11"><itemmetadata><qtimetadata><qtimetadatafield><fieldlabel>question_type</fieldlabel><fieldentry>categorization_question</fieldentry></qtimetadatafield><qtimetadatafield><fieldlabel>calculator_type</fieldlabel><fieldentry>none</fieldentry></qtimetadatafield><qtimetadatafield><fieldlabel>points_possible</fieldlabel><fieldentry>8.0</fieldentry></qtimetadatafield></qtimetadata></itemmetadata><presentation><material><mattext texttype="text/html">&lt;p&gt;Write QL (Qualitative), QT (Quantitative), or U (Uncategorized) next to each observation.&lt;/p&gt;</mattext></material><response_lid ident="ccd5ecbd-4243-45e1-bd34-20982fe92356" rcardinality="Multiple"><material><mattext texttype="text/plain">Qualitative</mattext></material><render_choice><response_label ident="2e6cf55a-a541-417b-a303-cf2e2855c22d"><material><mattext texttype="text/plain">Temperature dropped from 23 C to 18 C</mattext></material></response_label><response_label ident="c6644aa1-cc06-47a6-a18a-0c0b6cde8a24"><material><mattext texttype="text/plain">The solution turned pale yellow</mattext></material></response_label><response_label ident="ffcd7c6d-93d8-4f03-9b58-c7d02c16498b"><material><mattext texttype="text/plain">It fizzed for 35 seconds</mattext></material></response_label><response_label ident="e20baf70-8436-4bdf-a49c-e45d05b6b042"><material><mattext texttype="text/plain">A sharp vinegar smell appeared</mattext></material></response_label><response_label ident="f10d15c1-d6bd-427e-878e-f58bbb1d176c"><material><mattext texttype="text/plain">Used a glass beaker</mattext></material></response_label><response_label ident="7758231d-e8b9-4881-b80a-6e1f0822280a"><material><mattext texttype="text/plain">Recorded observations after class</mattext></material></response_label></render_choice></response_lid><response_lid ident="2271a229-5470-41b5-b1d5-cc0d71881dfc" rcardinality="Multiple"><material><mattext texttype="text/plain">Quantitative</mattext></material><render_choice><response_label ident="2e6cf55a-a541-417b-a303-cf2e2855c22d"><material><mattext texttype="text/plain">Temperature dropped from 23 C to 18 C</mattext></material></response_label><response_label ident="c6644aa1-cc06-47a6-a18a-0c0b6cde8a24"><material><mattext texttype="text/plain">The solution turned pale yellow</mattext></material></response_label><response_label ident="ffcd7c6d-93d8-4f03-9b58-c7d02c16498b"><material><mattext texttype="text/plain">It fizzed for 35 seconds</mattext></material></response_label><response_label ident="e20baf70-8436-4bdf-a49c-e45d05b6b042"><material><mattext texttype="text/plain">A sharp vinegar smell appeared</mattext></material></response_label><response_label ident="f10d15c1-d6bd-427e-878e-f58bbb1d176c"><material><mattext texttype="text/plain">Used a glass beaker</mattext></material></response_label><response_label ident="7758231d-e8b9-4881-b80a-6e1f0822280a"><material><mattext texttype="text/plain">Recorded observations after class</mattext></material></response_label></render_choice></response_lid><response_lid ident="df977e98-78b4-4936-bf5d-6ba3876efb6b" rcardinality="Multiple"><material><mattext texttype="text/plain">Uncategorized</mattext></material><render_choice><response_label ident="2e6cf55a-a541-417b-a303-cf2e2855c22d"><material><mattext texttype="text/plain">Temperature dropped from 23 C to 18 C</mattext></material></response_label><response_label ident="c6644aa1-cc06-47a6-a18a-0c0b6cde8a24"><material><mattext texttype="text/plain">The solution turned pale yellow</mattext></material></response_label><response_label ident="ffcd7c6d-93d8-4f03-9b58-c7d02c16498b"><material><mattext texttype="text/plain">It fizzed for 35 seconds</mattext></material></response_label><response_label ident="e20baf70-8436-4bdf-a49c-e45d05b6b042"><material><mattext texttype="text/plain">A sharp vinegar smell appeared</mattext></material></response_label><response_label ident="f10d15c1-d6bd-427e-878e-f58bbb1d176c"><material><mattext texttype="text/plain">Used a glass beaker</mattext></material></response_label><response_label ident="7758231d-e8b9-4881-b80a-6e1f0822280a"><material><mattext texttype="text/plain">Recorded observations after class</mattext></material></response_label></render_choice></response_lid></presentation><resprocessing><outcomes><decvar maxvalue="100" minvalue="0" varname="SCORE" vartype="Decimal" /></outcomes><respcondition><conditionvar><varequal respident="ccd5ecbd-4243-45e1-bd34-20982fe92356">c6644aa1-cc06-47a6-a18a-0c0b6cde8a24</varequal><varequal respident="ccd5ecbd-4243-45e1-bd34-20982fe92356">e20baf70-8436-4bdf-a49c-e45d05b6b042</varequal></conditionvar><setvar action="Add" varname="SCORE">33.33</setvar></respcondition><respcondition><conditionvar><varequal respident="2271a229-5470-41b5-b1d5-cc0d71881dfc">2e6cf55a-a541-417b-a303-cf2e2855c22d</varequal><varequal respident="2271a229-5470-41b5-b1d5-cc0d71881dfc">ffcd7c6d-93d8-4f03-9b58-c7d02c16498b</varequal></conditionvar><setvar action="Add" varname="SCORE">33.33</setvar></respcondition><respcondition><conditionvar /><setvar action="Add" varname="SCORE">33.34</setvar></respcondition></resprocessing></item><item ident="item_q12_f6d7a350" title="Q12"><itemmetadata><qtimetadata><qtimetadatafield><fieldlabel>question_type</fieldlabel><fieldentry>numerical_question</fieldentry></qtimetadatafield><qtimetadatafield><fieldlabel>calculator_type</fieldlabel><fieldentry>none</fieldentry></qtimetadatafield><qtimetadatafield><fieldlabel>points_possible</fieldlabel><fieldentry>8.0</fieldentry></qtimetadatafield></qtimetadata></itemmetadata><presentation><material><mattext texttype="text/html">&lt;div style="margin:10px 0;"&gt;&lt;div style="font-family: inherit; font-size:0.95em; padding:14px 18px; background:#fff; border:1px solid #d9d9d9; border-left:5px solid #4b79ff; line-height:1.6;"&gt;&lt;p style="margin: 0 0 0.9em 0; line-height: 1.6;"&gt;&lt;span style="font-size: 0.85em; font-style: italic; color: #999; font-weight: normal;"&gt;[1]&lt;/span&gt;     Compute the value of the expression: (18 - 6) / 3 + 4&lt;/p&gt;&lt;/div&gt;&lt;/div&gt;</mattext></material><response_str ident="response1" rcardinality="Single"><render_fib fibtype="Decimal"><response_label ident="answer1" /></render_fib></response_str></presentation><resprocessing><outcomes><decvar maxvalue="100" minvalue="0" varname="SCORE" vartype="Decimal" /></outcomes><respcondition continue="No"><conditionvar><or><varequal respident="response1">8.0</varequal><and><vargte respident="response1">8.0</vargte><varlte respident="response1">8.0</varlte></and></or></conditionvar><setvar action="Set" varname="SCORE">100</setvar></respcondition></resprocessing></item><item ident="item_q13_3f7bf6a4" title="Q13"><itemmetadata><qtimetadata><qtimetadatafield><fieldlabel>question_type</fieldlabel><fieldentry>essay_question</fieldentry></qtimetadatafield><qtimetadatafield><fieldlabel>calculator_type</fieldlabel><fieldentry>none</fieldentry></qtimetadatafield><qtimetadatafield><fieldlabel>points_possible</fieldlabel><fieldentry>8.0</fieldentry></qtimetadatafield></qtimetadata></itemmetadata><presentation><material><mattext texttype="text/html">&lt;p&gt;Describe how you would troubleshoot a math word problem when your first answer seems too large. Mention at least two checkpoints (units, estimation, inverse operations, or calculator entry) before trying again.&lt;/p&gt;</mattext></material><response_str ident="response1" rcardinality="Single"><render_fib><response_label ident="answer1" /></render_fib></response_str></presentation></item><item ident="item_q14_77e76780" title="Q14"><itemmetadata><qtimetadata><qtimetadatafield><fieldlabel>question_type</fieldlabel><fieldentry>file_upload_question</fieldentry></qtimetadatafield><qtimetadatafield><fieldlabel>calculator_type</fieldlabel><fieldentry>none</fieldentry></qtimetadatafield><qtimetadatafield><fieldlabel>points_possible</fieldlabel><fieldentry>8.0</fieldentry></qtimetadatafield></qtimetadata></itemmetadata><presentation><material><mattext texttype="text/html">&lt;p&gt;Upload a clear photo or PDF of a data table from a quick investigation you ran (for example, cooling different liquids). Include a title, labeled columns with units, at least five data rows, and one brief note on possible error sources.&lt;/p&gt;</mattext></material><response_str ident="response1" rcardinality="Single"><render_fib><response_label ident="answer1" /></render_fib></response_str></presentation></item></section></assessment></questestinterop>
