<?xml version="1.0"?>
<manifest xmlns="http://www.imsglobal.org/xsd/imsccv1p1/imscp_v1p1" xmlns:lom="http://ltsc.ieee.org/xsd/imsccv1p1/LOM/resource" xmlns:imsmd="http://www.imsglobal.org/xsd/imsmd_v1p2" xmlns:xsi="http://www.w3.org/2001/XMLSchema-instance" identifier="7daa1eb6-eda2-4fa9-a67d-38073b79fd67" xsi:schemaLocation="http://www.imsglobal.org/xsd/imsccv1p1/imscp_v1p1 http://www.imsglobal.org/xsd/imscp_v1p1.xsd http://ltsc.ieee.org/xsd/imsccv1p1/LOM/resource http://www.imsglobal.org/profile/cc/ccv1p1/LOM/ccv1p1_lomresource_v1p0.xsd http://www.imsglobal.org/xsd/imsmd_v1p2 http://www.imsglobal.org/xsd/imsmd_v1p2p2.xsd">
	<metadata>
		<schema>IMS Content</schema>
		<schemaversion>1.1.3</schemaversion>
		<imsmd:lom>
			<imsmd:general>
				<imsmd:title>
					<imsmd:string>The Hitchhiker - Day 2 Reading Check (Half 2, No Text)</imsmd:string>
				</imsmd:title>
			</imsmd:general>
			<imsmd:lifeCycle>
				<imsmd:contribute>
					<imsmd:date>
						<imsmd:dateTime>2026-01-21</imsmd:dateTime>
					</imsmd:date>
				</imsmd:contribute>
			</imsmd:lifeCycle>
		</imsmd:lom>
	</metadata>
	<organizations/>
	<resources>
		<resource identifier="d58e8893-19a0-4339-9fb2-57155c5e60a2" type="imsqti_xmlv1p2">
			<file href="d58e8893-19a0-4339-9fb2-57155c5e60a2/d58e8893-19a0-4339-9fb2-57155c5e60a2.xml"/>
			<dependency identifierref="8b40a0a6-4d28-45e8-aa60-7c989807e010"/>
		</resource>
		<resource identifier="8b40a0a6-4d28-45e8-aa60-7c989807e010" type="associatedcontent/imscc_xmlv1p1/learning-application-resource" href="d58e8893-19a0-4339-9fb2-57155c5e60a2/assessment_meta.xml">
			<file href="d58e8893-19a0-4339-9fb2-57155c5e60a2/assessment_meta.xml"/>
		</resource>
	</resources>
</manifest>
