<?xml version="1.0"?>
<questestinterop xmlns="http://www.imsglobal.org/xsd/ims_qtiasiv1p2" xmlns:xsi="http://www.w3.org/2001/XMLSchema-instance" xsi:schemaLocation="http://www.imsglobal.org/xsd/ims_qtiasiv1p2 http://www.imsglobal.org/xsd/ims_qtiasiv1p2p1.xsd"><assessment ident="assessment_5bc931b1" title="Chapter 8 - While Loops (Lesson 2)"><qtimetadata><qtimetadatafield><fieldlabel>cc_maxattempts</fieldlabel><fieldentry>1</fieldentry></qtimetadatafield></qtimetadata><section ident="root_section"><item ident="stim_l2_intro" title="Q01"><itemmetadata><qtimetadata><qtimetadatafield><fieldlabel>question_type</fieldlabel><fieldentry>text_only_question</fieldentry></qtimetadatafield><qtimetadatafield><fieldlabel>points_possible</fieldlabel><fieldentry>0.0</fieldentry></qtimetadatafield></qtimetadata></itemmetadata><presentation><material><mattext texttype="text/html">&lt;pre style="background-color: #272822; color: #F8F8F2; padding: 10px; border-radius: 4px; font-family: 'Courier New', Consolas, monospace; overflow-x: auto; line-height: 1.5;"&gt;&lt;code class="language-prose\nA while loop repeats as long as its condition is True. If it starts False, the loop never runs. If it never becomes False, the loop becomes infinite.\n```"&gt;&lt;/code&gt;&lt;/pre&gt;</mattext></material></presentation></item><item ident="item_q02_762ff145" title="Q02"><itemmetadata><qtimetadata><qtimetadatafield><fieldlabel>question_type</fieldlabel><fieldentry>STIMULUS_END</fieldentry></qtimetadatafield><qtimetadatafield><fieldlabel>points_possible</fieldlabel><fieldentry>0.0</fieldentry></qtimetadatafield></qtimetadata></itemmetadata><presentation><material><mattext texttype="text/html">&lt;p&gt;&lt;/p&gt;</mattext></material><response_lid ident="response1" rcardinality="Single"><render_choice /></response_lid></presentation><resprocessing><outcomes><decvar maxvalue="100" minvalue="0" varname="SCORE" vartype="Decimal" /></outcomes></resprocessing></item><item ident="mc_use_case" title="Q03"><itemmetadata><qtimetadata><qtimetadatafield><fieldlabel>question_type</fieldlabel><fieldentry>multiple_choice_question</fieldentry></qtimetadatafield><qtimetadatafield><fieldlabel>calculator_type</fieldlabel><fieldentry>none</fieldentry></qtimetadatafield><qtimetadatafield><fieldlabel>points_possible</fieldlabel><fieldentry>7.0</fieldentry></qtimetadatafield></qtimetadata></itemmetadata><presentation><material><mattext texttype="text/html">&lt;p&gt;Which scenario is most appropriate for a while loop?&lt;/p&gt;</mattext></material><response_lid ident="response1" rcardinality="Single"><render_choice><response_label ident="a"><material><mattext texttype="text/html">&lt;p&gt;Running a set number of times&lt;/p&gt;</mattext></material></response_label><response_label ident="b"><material><mattext texttype="text/html">&lt;p&gt;Repeating a question until input is valid&lt;/p&gt;</mattext></material></response_label><response_label ident="c"><material><mattext texttype="text/html">&lt;p&gt;Looping through characters in a string&lt;/p&gt;</mattext></material></response_label><response_label ident="d"><material><mattext texttype="text/html">&lt;p&gt;Printing numbers one time&lt;/p&gt;</mattext></material></response_label></render_choice></response_lid></presentation><resprocessing><outcomes><decvar maxvalue="100" minvalue="0" varname="SCORE" vartype="Decimal" /></outcomes><respcondition continue="No"><conditionvar><varequal respident="response1">b</varequal></conditionvar><setvar action="Set" varname="SCORE">100</setvar></respcondition></resprocessing></item><item ident="mc_zero_runs" title="Q04"><itemmetadata><qtimetadata><qtimetadatafield><fieldlabel>question_type</fieldlabel><fieldentry>multiple_choice_question</fieldentry></qtimetadatafield><qtimetadatafield><fieldlabel>calculator_type</fieldlabel><fieldentry>none</fieldentry></qtimetadatafield><qtimetadatafield><fieldlabel>points_possible</fieldlabel><fieldentry>7.0</fieldentry></qtimetadatafield></qtimetadata></itemmetadata><presentation><material><mattext texttype="text/html">&lt;p&gt;Which loop will run zero times?&lt;/p&gt;</mattext></material><response_lid ident="response1" rcardinality="Single"><render_choice><response_label ident="a"><material><mattext texttype="text/html">&lt;pre style="background-color: #272822; color: #F8F8F2; padding: 10px; border-radius: 4px; font-family: 'Courier New', Consolas, monospace; overflow-x: auto; line-height: 1.5; white-space: pre; display: block;"&gt;&lt;code class="language-python"&gt;&lt;span style="color: #F92672;"&gt;while&lt;/span&gt; x &amp;lt; &lt;span style="color: #AE81FF;"&gt;10&lt;/span&gt;:
    x += &lt;span style="color: #AE81FF;"&gt;1&lt;/span&gt;&lt;/code&gt;&lt;/pre&gt;</mattext></material></response_label><response_label ident="b"><material><mattext texttype="text/html">&lt;pre style="background-color: #272822; color: #F8F8F2; padding: 10px; border-radius: 4px; font-family: 'Courier New', Consolas, monospace; overflow-x: auto; line-height: 1.5; white-space: pre; display: block;"&gt;&lt;code class="language-python"&gt;&lt;span style="color: #F92672;"&gt;while&lt;/span&gt; &lt;span style="color: #F92672;"&gt;True&lt;/span&gt;:
    &lt;span style="color: #F92672;"&gt;break&lt;/span&gt;&lt;/code&gt;&lt;/pre&gt;</mattext></material></response_label><response_label ident="c"><material><mattext texttype="text/html">&lt;pre style="background-color: #272822; color: #F8F8F2; padding: 10px; border-radius: 4px; font-family: 'Courier New', Consolas, monospace; overflow-x: auto; line-height: 1.5; white-space: pre; display: block;"&gt;&lt;code class="language-python"&gt;&lt;span style="color: #F92672;"&gt;while&lt;/span&gt; x != &lt;span style="color: #AE81FF;"&gt;5&lt;/span&gt;:
    x = &lt;span style="color: #AE81FF;"&gt;5&lt;/span&gt;&lt;/code&gt;&lt;/pre&gt;</mattext></material></response_label><response_label ident="d"><material><mattext texttype="text/html">&lt;pre style="background-color: #272822; color: #F8F8F2; padding: 10px; border-radius: 4px; font-family: 'Courier New', Consolas, monospace; overflow-x: auto; line-height: 1.5; white-space: pre; display: block;"&gt;&lt;code class="language-python"&gt;&lt;span style="color: #F92672;"&gt;while&lt;/span&gt; x &amp;lt; &lt;span style="color: #AE81FF;"&gt;0&lt;/span&gt;:
    &lt;span style="color: #A6E22E;"&gt;&lt;span style="color: #66D9EF;"&gt;print&lt;/span&gt;&lt;/span&gt;(x)&lt;/code&gt;&lt;/pre&gt;</mattext></material></response_label></render_choice></response_lid></presentation><resprocessing><outcomes><decvar maxvalue="100" minvalue="0" varname="SCORE" vartype="Decimal" /></outcomes><respcondition continue="No"><conditionvar><varequal respident="response1">d</varequal></conditionvar><setvar action="Set" varname="SCORE">100</setvar></respcondition></resprocessing></item><item ident="tf_condition_top" title="Q05"><itemmetadata><qtimetadata><qtimetadatafield><fieldlabel>question_type</fieldlabel><fieldentry>true_false_question</fieldentry></qtimetadatafield><qtimetadatafield><fieldlabel>calculator_type</fieldlabel><fieldentry>none</fieldentry></qtimetadatafield><qtimetadatafield><fieldlabel>points_possible</fieldlabel><fieldentry>7.0</fieldentry></qtimetadatafield></qtimetadata></itemmetadata><presentation><material><mattext texttype="text/html">&lt;p&gt;True or False: A while loop checks its condition before its body runs.&lt;/p&gt;</mattext></material><response_lid ident="response1" rcardinality="Single"><render_choice><response_label ident="true"><material><mattext texttype="text/html">&lt;p&gt;True&lt;/p&gt;</mattext></material></response_label><response_label ident="false"><material><mattext texttype="text/html">&lt;p&gt;False&lt;/p&gt;</mattext></material></response_label></render_choice></response_lid></presentation><resprocessing><outcomes><decvar maxvalue="100" minvalue="0" varname="SCORE" vartype="Decimal" /></outcomes><respcondition continue="No"><conditionvar><varequal respident="response1">true</varequal></conditionvar><setvar action="Set" varname="SCORE">100</setvar></respcondition></resprocessing></item><item ident="fitb_infinite" title="Q06"><itemmetadata><qtimetadata><qtimetadatafield><fieldlabel>question_type</fieldlabel><fieldentry>fill_in_multiple_blanks_question</fieldentry></qtimetadatafield><qtimetadatafield><fieldlabel>calculator_type</fieldlabel><fieldentry>none</fieldentry></qtimetadatafield><qtimetadatafield><fieldlabel>points_possible</fieldlabel><fieldentry>7.0</fieldentry></qtimetadatafield></qtimetadata></itemmetadata><presentation><material><mattext texttype="text/html">&lt;p&gt;A while loop is infinite if the condition never becomes _____.\n\n[a08c2b429e3a400486f8dfb932109328]&lt;/p&gt;</mattext></material><response_lid ident="response_a08c2b429e3a400486f8dfb932109328"><material><mattext>Question</mattext></material><render_choice><response_label scoring_algorithm="TextContainsAnswer" answer_type="openEntry" ident="a08c2b429e3a400486f8dfb932109328-0"><material><mattext texttype="text/plain">false</mattext></material></response_label><response_label scoring_algorithm="TextContainsAnswer" answer_type="openEntry" ident="a08c2b429e3a400486f8dfb932109328-1"><material><mattext texttype="text/plain">False</mattext></material></response_label></render_choice></response_lid></presentation><resprocessing><outcomes><decvar maxvalue="100" minvalue="0" varname="SCORE" vartype="Decimal" /></outcomes><respcondition><conditionvar><varequal respident="response_a08c2b429e3a400486f8dfb932109328">a08c2b429e3a400486f8dfb932109328-0</varequal></conditionvar><setvar action="Add" varname="SCORE">100.00</setvar></respcondition><respcondition><conditionvar><varequal respident="response_a08c2b429e3a400486f8dfb932109328">a08c2b429e3a400486f8dfb932109328-1</varequal></conditionvar><setvar action="Add" varname="SCORE">100.00</setvar></respcondition></resprocessing></item><item ident="mc_password_issue" title="Q07"><itemmetadata><qtimetadata><qtimetadatafield><fieldlabel>question_type</fieldlabel><fieldentry>multiple_choice_question</fieldentry></qtimetadatafield><qtimetadatafield><fieldlabel>calculator_type</fieldlabel><fieldentry>none</fieldentry></qtimetadatafield><qtimetadatafield><fieldlabel>points_possible</fieldlabel><fieldentry>7.0</fieldentry></qtimetadatafield></qtimetadata></itemmetadata><presentation><material><mattext texttype="text/html">&lt;p&gt;What is the issue in this code?\n``&lt;code&gt;python\np = input('Enter: ')\nwhile p != 'SECRET':\n    print('Try again')&lt;/code&gt;``&lt;/p&gt;</mattext></material><response_lid ident="response1" rcardinality="Single"><render_choice><response_label ident="a"><material><mattext texttype="text/html">&lt;p&gt;print() must be moved&lt;/p&gt;</mattext></material></response_label><response_label ident="b"><material><mattext texttype="text/html">&lt;p&gt;The operator should be ==&lt;/p&gt;</mattext></material></response_label><response_label ident="c"><material><mattext texttype="text/html">&lt;p&gt;p is never updated&lt;/p&gt;</mattext></material></response_label><response_label ident="d"><material><mattext texttype="text/html">&lt;p&gt;A break is required&lt;/p&gt;</mattext></material></response_label></render_choice></response_lid></presentation><resprocessing><outcomes><decvar maxvalue="100" minvalue="0" varname="SCORE" vartype="Decimal" /></outcomes><respcondition continue="No"><conditionvar><varequal respident="response1">c</varequal></conditionvar><setvar action="Set" varname="SCORE">100</setvar></respcondition></resprocessing></item><item ident="ordering_userinput" title="Q08"><itemmetadata><qtimetadata><qtimetadatafield><fieldlabel>question_type</fieldlabel><fieldentry>ordering_question</fieldentry></qtimetadatafield><qtimetadatafield><fieldlabel>calculator_type</fieldlabel><fieldentry>none</fieldentry></qtimetadatafield><qtimetadatafield><fieldlabel>points_possible</fieldlabel><fieldentry>13.0</fieldentry></qtimetadatafield></qtimetadata></itemmetadata><presentation><material><mattext texttype="text/html">&lt;p&gt;Put these steps in order.&lt;/p&gt;</mattext></material><response_lid ident="response1" rcardinality="Ordered"><render_extension><material position="top"><mattext texttype="text/html">&lt;p&gt;Put these steps in order.&lt;/p&gt;</mattext></material><ims_render_object shuffle="No"><flow_label><response_label ident="f0fea5b3-000f-4326-aa04-9918640844fb"><material><mattext texttype="text/html">&lt;p&gt;Prompt user&lt;/p&gt;</mattext></material></response_label><response_label ident="ce954227-43a5-478e-8808-a18dab1bcc3b"><material><mattext texttype="text/html">&lt;p&gt;Check condition&lt;/p&gt;</mattext></material></response_label><response_label ident="55072c08-ce5d-477a-b97d-0378222a948c"><material><mattext texttype="text/html">&lt;p&gt;Run body&lt;/p&gt;</mattext></material></response_label><response_label ident="04f2d48c-6ad9-48b5-a265-0b5b2eb7f70f"><material><mattext texttype="text/html">&lt;p&gt;Update input&lt;/p&gt;</mattext></material></response_label></flow_label></ims_render_object><material position="bottom"><mattext /></material></render_extension></response_lid></presentation><resprocessing><outcomes><decvar maxvalue="100" minvalue="0" varname="SCORE" vartype="Decimal" /></outcomes><respcondition continue="No"><conditionvar><varequal respident="response1">f0fea5b3-000f-4326-aa04-9918640844fb</varequal><varequal respident="response1">ce954227-43a5-478e-8808-a18dab1bcc3b</varequal><varequal respident="response1">55072c08-ce5d-477a-b97d-0378222a948c</varequal><varequal respident="response1">04f2d48c-6ad9-48b5-a265-0b5b2eb7f70f</varequal></conditionvar><setvar action="Set" varname="SCORE">100</setvar></respcondition></resprocessing></item><item ident="mc_nested_behavior" title="Q09"><itemmetadata><qtimetadata><qtimetadatafield><fieldlabel>question_type</fieldlabel><fieldentry>multiple_choice_question</fieldentry></qtimetadatafield><qtimetadatafield><fieldlabel>calculator_type</fieldlabel><fieldentry>none</fieldentry></qtimetadatafield><qtimetadatafield><fieldlabel>points_possible</fieldlabel><fieldentry>7.0</fieldentry></qtimetadatafield></qtimetadata></itemmetadata><presentation><material><mattext texttype="text/html">&lt;p&gt;How does an inner loop behave inside a nested while loop?&lt;/p&gt;</mattext></material><response_lid ident="response1" rcardinality="Single"><render_choice><response_label ident="a"><material><mattext texttype="text/html">&lt;p&gt;It runs once per outer iteration&lt;/p&gt;</mattext></material></response_label><response_label ident="b"><material><mattext texttype="text/html">&lt;p&gt;It completes all its iterations each time&lt;/p&gt;</mattext></material></response_label><response_label ident="c"><material><mattext texttype="text/html">&lt;p&gt;It always runs the same number of times as the outer loop&lt;/p&gt;</mattext></material></response_label><response_label ident="d"><material><mattext texttype="text/html">&lt;p&gt;It runs only when the outer loop ends&lt;/p&gt;</mattext></material></response_label></render_choice></response_lid></presentation><resprocessing><outcomes><decvar maxvalue="100" minvalue="0" varname="SCORE" vartype="Decimal" /></outcomes><respcondition continue="No"><conditionvar><varequal respident="response1">b</varequal></conditionvar><setvar action="Set" varname="SCORE">100</setvar></respcondition></resprocessing></item><item ident="mc_missed_increment" title="Q10"><itemmetadata><qtimetadata><qtimetadatafield><fieldlabel>question_type</fieldlabel><fieldentry>multiple_choice_question</fieldentry></qtimetadatafield><qtimetadatafield><fieldlabel>calculator_type</fieldlabel><fieldentry>none</fieldentry></qtimetadatafield><qtimetadatafield><fieldlabel>points_possible</fieldlabel><fieldentry>7.0</fieldentry></qtimetadatafield></qtimetadata></itemmetadata><presentation><material><mattext texttype="text/html">&lt;p&gt;Why does this loop never end?\n``&lt;code&gt;python\ncount = 1\nwhile count &amp;lt; 5:\n    print(count)&lt;/code&gt;``&lt;/p&gt;</mattext></material><response_lid ident="response1" rcardinality="Single"><render_choice><response_label ident="a"><material><mattext texttype="text/html">&lt;p&gt;count is not incremented&lt;/p&gt;</mattext></material></response_label><response_label ident="b"><material><mattext texttype="text/html">&lt;p&gt;The operator should be &amp;gt;&lt;/p&gt;</mattext></material></response_label><response_label ident="c"><material><mattext texttype="text/html">&lt;p&gt;print() stops the loop&lt;/p&gt;</mattext></material></response_label><response_label ident="d"><material><mattext texttype="text/html">&lt;p&gt;It requires input()&lt;/p&gt;</mattext></material></response_label></render_choice></response_lid></presentation><resprocessing><outcomes><decvar maxvalue="100" minvalue="0" varname="SCORE" vartype="Decimal" /></outcomes><respcondition continue="No"><conditionvar><varequal respident="response1">a</varequal></conditionvar><setvar action="Set" varname="SCORE">100</setvar></respcondition></resprocessing></item><item ident="categorization_loop_behavior" title="Q11"><itemmetadata><qtimetadata><qtimetadatafield><fieldlabel>question_type</fieldlabel><fieldentry>categorization_question</fieldentry></qtimetadatafield><qtimetadatafield><fieldlabel>calculator_type</fieldlabel><fieldentry>none</fieldentry></qtimetadatafield><qtimetadatafield><fieldlabel>points_possible</fieldlabel><fieldentry>7.0</fieldentry></qtimetadatafield></qtimetadata></itemmetadata><presentation><material><mattext texttype="text/html">&lt;p&gt;Classify each loop.&lt;/p&gt;</mattext></material><response_lid ident="5b7291b5-69cf-45d0-9e3b-269642e671d7" rcardinality="Multiple"><material><mattext texttype="text/html">&lt;p&gt;Runs Zero Times&lt;/p&gt;</mattext></material><render_choice><response_label ident="0345662d-8327-4ca4-b12d-4d0b4491acea"><material><mattext texttype="text/html">&lt;p&gt;&lt;pre style="background-color: #272822; color: #F8F8F2; padding: 10px; border-radius: 4px; font-family: 'Courier New', Consolas, monospace; overflow-x: auto; line-height: 1.5; white-space: pre; display: block;"&gt;&lt;code class="language-python"&gt;&lt;span style="color: #F92672;"&gt;while&lt;/span&gt; x &amp;lt; &lt;span style="color: #AE81FF;"&gt;0&lt;/span&gt;:
    &lt;span style="color: #A6E22E;"&gt;&lt;span style="color: #66D9EF;"&gt;print&lt;/span&gt;&lt;/span&gt;(x)&lt;/code&gt;&lt;/pre&gt;&lt;/p&gt;</mattext></material></response_label><response_label ident="8196f91e-68e5-4886-a140-1b284ca5d254"><material><mattext texttype="text/html">&lt;p&gt;&lt;pre style="background-color: #272822; color: #F8F8F2; padding: 10px; border-radius: 4px; font-family: 'Courier New', Consolas, monospace; overflow-x: auto; line-height: 1.5; white-space: pre; display: block;"&gt;&lt;code class="language-python"&gt;&lt;span style="color: #F92672;"&gt;while&lt;/span&gt; user != &lt;span style="color: #E6DB74;"&gt;'q'&lt;/span&gt;:
    user = &lt;span style="color: #A6E22E;"&gt;&lt;span style="color: #66D9EF;"&gt;input&lt;/span&gt;&lt;/span&gt;()&lt;/code&gt;&lt;/pre&gt;&lt;/p&gt;</mattext></material></response_label><response_label ident="d2328740-0fac-4997-9260-52f7b08af1ac"><material><mattext texttype="text/html">&lt;p&gt;&lt;pre style="background-color: #272822; color: #F8F8F2; padding: 10px; border-radius: 4px; font-family: 'Courier New', Consolas, monospace; overflow-x: auto; line-height: 1.5; white-space: pre; display: block;"&gt;&lt;code class="language-python"&gt;&lt;span style="color: #F92672;"&gt;while&lt;/span&gt; &lt;span style="color: #F92672;"&gt;True&lt;/span&gt;:
    &lt;span style="color: #A6E22E;"&gt;&lt;span style="color: #66D9EF;"&gt;print&lt;/span&gt;&lt;/span&gt;(&lt;span style="color: #E6DB74;"&gt;'go'&lt;/span&gt;)&lt;/code&gt;&lt;/pre&gt;&lt;/p&gt;</mattext></material></response_label></render_choice></response_lid><response_lid ident="cfadfa12-72b1-45a7-8c96-80f1439b62e2" rcardinality="Multiple"><material><mattext texttype="text/html">&lt;p&gt;Runs At Least Once&lt;/p&gt;</mattext></material><render_choice><response_label ident="0345662d-8327-4ca4-b12d-4d0b4491acea"><material><mattext texttype="text/html">&lt;p&gt;&lt;pre style="background-color: #272822; color: #F8F8F2; padding: 10px; border-radius: 4px; font-family: 'Courier New', Consolas, monospace; overflow-x: auto; line-height: 1.5; white-space: pre; display: block;"&gt;&lt;code class="language-python"&gt;&lt;span style="color: #F92672;"&gt;while&lt;/span&gt; x &amp;lt; &lt;span style="color: #AE81FF;"&gt;0&lt;/span&gt;:
    &lt;span style="color: #A6E22E;"&gt;&lt;span style="color: #66D9EF;"&gt;print&lt;/span&gt;&lt;/span&gt;(x)&lt;/code&gt;&lt;/pre&gt;&lt;/p&gt;</mattext></material></response_label><response_label ident="8196f91e-68e5-4886-a140-1b284ca5d254"><material><mattext texttype="text/html">&lt;p&gt;&lt;pre style="background-color: #272822; color: #F8F8F2; padding: 10px; border-radius: 4px; font-family: 'Courier New', Consolas, monospace; overflow-x: auto; line-height: 1.5; white-space: pre; display: block;"&gt;&lt;code class="language-python"&gt;&lt;span style="color: #F92672;"&gt;while&lt;/span&gt; user != &lt;span style="color: #E6DB74;"&gt;'q'&lt;/span&gt;:
    user = &lt;span style="color: #A6E22E;"&gt;&lt;span style="color: #66D9EF;"&gt;input&lt;/span&gt;&lt;/span&gt;()&lt;/code&gt;&lt;/pre&gt;&lt;/p&gt;</mattext></material></response_label><response_label ident="d2328740-0fac-4997-9260-52f7b08af1ac"><material><mattext texttype="text/html">&lt;p&gt;&lt;pre style="background-color: #272822; color: #F8F8F2; padding: 10px; border-radius: 4px; font-family: 'Courier New', Consolas, monospace; overflow-x: auto; line-height: 1.5; white-space: pre; display: block;"&gt;&lt;code class="language-python"&gt;&lt;span style="color: #F92672;"&gt;while&lt;/span&gt; &lt;span style="color: #F92672;"&gt;True&lt;/span&gt;:
    &lt;span style="color: #A6E22E;"&gt;&lt;span style="color: #66D9EF;"&gt;print&lt;/span&gt;&lt;/span&gt;(&lt;span style="color: #E6DB74;"&gt;'go'&lt;/span&gt;)&lt;/code&gt;&lt;/pre&gt;&lt;/p&gt;</mattext></material></response_label></render_choice></response_lid><response_lid ident="63cc29ff-515c-4d49-9998-59b6838860f8" rcardinality="Multiple"><material><mattext texttype="text/html">&lt;p&gt;Infinite Loop&lt;/p&gt;</mattext></material><render_choice><response_label ident="0345662d-8327-4ca4-b12d-4d0b4491acea"><material><mattext texttype="text/html">&lt;p&gt;&lt;pre style="background-color: #272822; color: #F8F8F2; padding: 10px; border-radius: 4px; font-family: 'Courier New', Consolas, monospace; overflow-x: auto; line-height: 1.5; white-space: pre; display: block;"&gt;&lt;code class="language-python"&gt;&lt;span style="color: #F92672;"&gt;while&lt;/span&gt; x &amp;lt; &lt;span style="color: #AE81FF;"&gt;0&lt;/span&gt;:
    &lt;span style="color: #A6E22E;"&gt;&lt;span style="color: #66D9EF;"&gt;print&lt;/span&gt;&lt;/span&gt;(x)&lt;/code&gt;&lt;/pre&gt;&lt;/p&gt;</mattext></material></response_label><response_label ident="8196f91e-68e5-4886-a140-1b284ca5d254"><material><mattext texttype="text/html">&lt;p&gt;&lt;pre style="background-color: #272822; color: #F8F8F2; padding: 10px; border-radius: 4px; font-family: 'Courier New', Consolas, monospace; overflow-x: auto; line-height: 1.5; white-space: pre; display: block;"&gt;&lt;code class="language-python"&gt;&lt;span style="color: #F92672;"&gt;while&lt;/span&gt; user != &lt;span style="color: #E6DB74;"&gt;'q'&lt;/span&gt;:
    user = &lt;span style="color: #A6E22E;"&gt;&lt;span style="color: #66D9EF;"&gt;input&lt;/span&gt;&lt;/span&gt;()&lt;/code&gt;&lt;/pre&gt;&lt;/p&gt;</mattext></material></response_label><response_label ident="d2328740-0fac-4997-9260-52f7b08af1ac"><material><mattext texttype="text/html">&lt;p&gt;&lt;pre style="background-color: #272822; color: #F8F8F2; padding: 10px; border-radius: 4px; font-family: 'Courier New', Consolas, monospace; overflow-x: auto; line-height: 1.5; white-space: pre; display: block;"&gt;&lt;code class="language-python"&gt;&lt;span style="color: #F92672;"&gt;while&lt;/span&gt; &lt;span style="color: #F92672;"&gt;True&lt;/span&gt;:
    &lt;span style="color: #A6E22E;"&gt;&lt;span style="color: #66D9EF;"&gt;print&lt;/span&gt;&lt;/span&gt;(&lt;span style="color: #E6DB74;"&gt;'go'&lt;/span&gt;)&lt;/code&gt;&lt;/pre&gt;&lt;/p&gt;</mattext></material></response_label></render_choice></response_lid></presentation><resprocessing><outcomes><decvar maxvalue="100" minvalue="0" varname="SCORE" vartype="Decimal" /></outcomes><respcondition><conditionvar><varequal respident="5b7291b5-69cf-45d0-9e3b-269642e671d7">0345662d-8327-4ca4-b12d-4d0b4491acea</varequal></conditionvar><setvar action="Add" varname="SCORE">33.33</setvar></respcondition><respcondition><conditionvar><varequal respident="cfadfa12-72b1-45a7-8c96-80f1439b62e2">8196f91e-68e5-4886-a140-1b284ca5d254</varequal></conditionvar><setvar action="Add" varname="SCORE">33.33</setvar></respcondition><respcondition><conditionvar><varequal respident="63cc29ff-515c-4d49-9998-59b6838860f8">d2328740-0fac-4997-9260-52f7b08af1ac</varequal></conditionvar><setvar action="Add" varname="SCORE">33.34</setvar></respcondition></resprocessing></item><item ident="tf_nested" title="Q12"><itemmetadata><qtimetadata><qtimetadatafield><fieldlabel>question_type</fieldlabel><fieldentry>true_false_question</fieldentry></qtimetadatafield><qtimetadatafield><fieldlabel>calculator_type</fieldlabel><fieldentry>none</fieldentry></qtimetadatafield><qtimetadatafield><fieldlabel>points_possible</fieldlabel><fieldentry>7.0</fieldentry></qtimetadatafield></qtimetadata></itemmetadata><presentation><material><mattext texttype="text/html">&lt;p&gt;True or False: An inner loop may run many times for each outer-loop iteration.&lt;/p&gt;</mattext></material><response_lid ident="response1" rcardinality="Single"><render_choice><response_label ident="true"><material><mattext texttype="text/html">&lt;p&gt;True&lt;/p&gt;</mattext></material></response_label><response_label ident="false"><material><mattext texttype="text/html">&lt;p&gt;False&lt;/p&gt;</mattext></material></response_label></render_choice></response_lid></presentation><resprocessing><outcomes><decvar maxvalue="100" minvalue="0" varname="SCORE" vartype="Decimal" /></outcomes><respcondition continue="No"><conditionvar><varequal respident="response1">false</varequal></conditionvar><setvar action="Set" varname="SCORE">100</setvar></respcondition></resprocessing></item><item ident="fitb_condition" title="Q13"><itemmetadata><qtimetadata><qtimetadatafield><fieldlabel>question_type</fieldlabel><fieldentry>fill_in_multiple_blanks_question</fieldentry></qtimetadatafield><qtimetadatafield><fieldlabel>calculator_type</fieldlabel><fieldentry>none</fieldentry></qtimetadatafield><qtimetadatafield><fieldlabel>points_possible</fieldlabel><fieldentry>6.0</fieldentry></qtimetadatafield></qtimetadata></itemmetadata><presentation><material><mattext texttype="text/html">&lt;p&gt;A while-loop condition must be a _____ value.\n\n[090a1a75c59a4a758848122746a64d5a]&lt;/p&gt;</mattext></material><response_lid ident="response_090a1a75c59a4a758848122746a64d5a"><material><mattext>Question</mattext></material><render_choice><response_label scoring_algorithm="TextContainsAnswer" answer_type="openEntry" ident="090a1a75c59a4a758848122746a64d5a-0"><material><mattext texttype="text/plain">boolean</mattext></material></response_label><response_label scoring_algorithm="TextContainsAnswer" answer_type="openEntry" ident="090a1a75c59a4a758848122746a64d5a-1"><material><mattext texttype="text/plain">true or false</mattext></material></response_label><response_label scoring_algorithm="TextContainsAnswer" answer_type="openEntry" ident="090a1a75c59a4a758848122746a64d5a-2"><material><mattext texttype="text/plain">true/false</mattext></material></response_label></render_choice></response_lid></presentation><resprocessing><outcomes><decvar maxvalue="100" minvalue="0" varname="SCORE" vartype="Decimal" /></outcomes><respcondition><conditionvar><varequal respident="response_090a1a75c59a4a758848122746a64d5a">090a1a75c59a4a758848122746a64d5a-0</varequal></conditionvar><setvar action="Add" varname="SCORE">100.00</setvar></respcondition><respcondition><conditionvar><varequal respident="response_090a1a75c59a4a758848122746a64d5a">090a1a75c59a4a758848122746a64d5a-1</varequal></conditionvar><setvar action="Add" varname="SCORE">100.00</setvar></respcondition><respcondition><conditionvar><varequal respident="response_090a1a75c59a4a758848122746a64d5a">090a1a75c59a4a758848122746a64d5a-2</varequal></conditionvar><setvar action="Add" varname="SCORE">100.00</setvar></respcondition></resprocessing></item><item ident="mc_safe_loop" title="Q14"><itemmetadata><qtimetadata><qtimetadatafield><fieldlabel>question_type</fieldlabel><fieldentry>multiple_choice_question</fieldentry></qtimetadatafield><qtimetadatafield><fieldlabel>calculator_type</fieldlabel><fieldentry>none</fieldentry></qtimetadatafield><qtimetadatafield><fieldlabel>points_possible</fieldlabel><fieldentry>6.0</fieldentry></qtimetadatafield></qtimetadata></itemmetadata><presentation><material><mattext texttype="text/html">&lt;p&gt;Which change makes this loop stop?\n``&lt;code&gt;python\nx = 10\nwhile x &amp;gt; 0:\n    print(x)&lt;/code&gt;``&lt;/p&gt;</mattext></material><response_lid ident="response1" rcardinality="Single"><render_choice><response_label ident="a"><material><mattext texttype="text/html">&lt;p&gt;Add x -= 1&lt;/p&gt;</mattext></material></response_label><response_label ident="b"><material><mattext texttype="text/html">&lt;p&gt;Use input() instead of print()&lt;/p&gt;</mattext></material></response_label><response_label ident="c"><material><mattext texttype="text/html">&lt;p&gt;Flip &amp;gt; to &amp;lt;&lt;/p&gt;</mattext></material></response_label><response_label ident="d"><material><mattext texttype="text/html">&lt;p&gt;Remove the condition&lt;/p&gt;</mattext></material></response_label></render_choice></response_lid></presentation><resprocessing><outcomes><decvar maxvalue="100" minvalue="0" varname="SCORE" vartype="Decimal" /></outcomes><respcondition continue="No"><conditionvar><varequal respident="response1">a</varequal></conditionvar><setvar action="Set" varname="SCORE">100</setvar></respcondition></resprocessing></item><item ident="mc_skip_logic" title="Q15"><itemmetadata><qtimetadata><qtimetadatafield><fieldlabel>question_type</fieldlabel><fieldentry>multiple_choice_question</fieldentry></qtimetadatafield><qtimetadatafield><fieldlabel>calculator_type</fieldlabel><fieldentry>none</fieldentry></qtimetadatafield><qtimetadatafield><fieldlabel>points_possible</fieldlabel><fieldentry>6.0</fieldentry></qtimetadatafield></qtimetadata></itemmetadata><presentation><material><mattext texttype="text/html">&lt;p&gt;What does this loop print?\n``&lt;code&gt;python\nn = 1\nwhile n &amp;lt; 6:\n    if n % 2 == 0:\n        n += 1\n        continue\n    print(n)\n    n += 1&lt;/code&gt;``&lt;/p&gt;</mattext></material><response_lid ident="response1" rcardinality="Single"><render_choice><response_label ident="a"><material><mattext texttype="text/html">&lt;p&gt;1 through 6&lt;/p&gt;</mattext></material></response_label><response_label ident="b"><material><mattext texttype="text/html">&lt;p&gt;2, 4&lt;/p&gt;</mattext></material></response_label><response_label ident="c"><material><mattext texttype="text/html">&lt;p&gt;Nothing&lt;/p&gt;</mattext></material></response_label><response_label ident="d"><material><mattext texttype="text/html">&lt;p&gt;1, 3, 5&lt;/p&gt;</mattext></material></response_label></render_choice></response_lid></presentation><resprocessing><outcomes><decvar maxvalue="100" minvalue="0" varname="SCORE" vartype="Decimal" /></outcomes><respcondition continue="No"><conditionvar><varequal respident="response1">d</varequal></conditionvar><setvar action="Set" varname="SCORE">100</setvar></respcondition></resprocessing></item><item ident="mc_false_start" title="Q16"><itemmetadata><qtimetadata><qtimetadatafield><fieldlabel>question_type</fieldlabel><fieldentry>multiple_choice_question</fieldentry></qtimetadatafield><qtimetadatafield><fieldlabel>calculator_type</fieldlabel><fieldentry>none</fieldentry></qtimetadatafield><qtimetadatafield><fieldlabel>points_possible</fieldlabel><fieldentry>6.0</fieldentry></qtimetadatafield></qtimetadata></itemmetadata><presentation><material><mattext texttype="text/html">&lt;p&gt;Which statement about while loops is correct?&lt;/p&gt;</mattext></material><response_lid ident="response1" rcardinality="Single"><render_choice><response_label ident="a"><material><mattext texttype="text/html">&lt;p&gt;A while loop always runs once&lt;/p&gt;</mattext></material></response_label><response_label ident="b"><material><mattext texttype="text/html">&lt;p&gt;A while loop must run twice&lt;/p&gt;</mattext></material></response_label><response_label ident="c"><material><mattext texttype="text/html">&lt;p&gt;A False condition prevents the loop from running&lt;/p&gt;</mattext></material></response_label><response_label ident="d"><material><mattext texttype="text/html">&lt;p&gt;A while loop must use break&lt;/p&gt;</mattext></material></response_label></render_choice></response_lid></presentation><resprocessing><outcomes><decvar maxvalue="100" minvalue="0" varname="SCORE" vartype="Decimal" /></outcomes><respcondition continue="No"><conditionvar><varequal respident="response1">c</varequal></conditionvar><setvar action="Set" varname="SCORE">100</setvar></respcondition></resprocessing></item></section></assessment></questestinterop>
