<?xml version="1.0"?>
<manifest xmlns="http://www.imsglobal.org/xsd/imsccv1p1/imscp_v1p1" xmlns:lom="http://ltsc.ieee.org/xsd/imsccv1p1/LOM/resource" xmlns:imsmd="http://www.imsglobal.org/xsd/imsmd_v1p2" xmlns:xsi="http://www.w3.org/2001/XMLSchema-instance" identifier="f93172d0-c4f9-4cc4-88f8-c0c4a7fbe3b5" xsi:schemaLocation="http://www.imsglobal.org/xsd/imsccv1p1/imscp_v1p1 http://www.imsglobal.org/xsd/imscp_v1p1.xsd http://ltsc.ieee.org/xsd/imsccv1p1/LOM/resource http://www.imsglobal.org/profile/cc/ccv1p1/LOM/ccv1p1_lomresource_v1p0.xsd http://www.imsglobal.org/xsd/imsmd_v1p2 http://www.imsglobal.org/xsd/imsmd_v1p2p2.xsd">
	<metadata>
		<schema>IMS Content</schema>
		<schemaversion>1.1.3</schemaversion>
		<imsmd:lom>
			<imsmd:general>
				<imsmd:title>
					<imsmd:string>Attempt 7 - DocX All Types (12 Questions)</imsmd:string>
				</imsmd:title>
			</imsmd:general>
			<imsmd:lifeCycle>
				<imsmd:contribute>
					<imsmd:date>
						<imsmd:dateTime>2025-11-21</imsmd:dateTime>
					</imsmd:date>
				</imsmd:contribute>
			</imsmd:lifeCycle>
		</imsmd:lom>
	</metadata>
	<organizations/>
	<resources>
		<resource identifier="1064c44c-c736-4d68-8609-b886e42de082" type="imsqti_xmlv1p2">
			<file href="1064c44c-c736-4d68-8609-b886e42de082/1064c44c-c736-4d68-8609-b886e42de082.xml"/>
			<dependency identifierref="0f822de5-d864-4a8d-99ba-da6c865202d2"/>
		</resource>
		<resource identifier="0f822de5-d864-4a8d-99ba-da6c865202d2" type="associatedcontent/imscc_xmlv1p1/learning-application-resource" href="1064c44c-c736-4d68-8609-b886e42de082/assessment_meta.xml">
			<file href="1064c44c-c736-4d68-8609-b886e42de082/assessment_meta.xml"/>
		</resource>
	</resources>
</manifest>
