<?xml version="1.0"?>
<manifest xmlns="http://www.imsglobal.org/xsd/imsccv1p1/imscp_v1p1" xmlns:lom="http://ltsc.ieee.org/xsd/imsccv1p1/LOM/resource" xmlns:imsmd="http://www.imsglobal.org/xsd/imsmd_v1p2" xmlns:xsi="http://www.w3.org/2001/XMLSchema-instance" identifier="763f7ad7-a7fb-44e9-b0d4-fba46ad863ce" xsi:schemaLocation="http://www.imsglobal.org/xsd/imsccv1p1/imscp_v1p1 http://www.imsglobal.org/xsd/imscp_v1p1.xsd http://ltsc.ieee.org/xsd/imsccv1p1/LOM/resource http://www.imsglobal.org/profile/cc/ccv1p1/LOM/ccv1p1_lomresource_v1p0.xsd http://www.imsglobal.org/xsd/imsmd_v1p2 http://www.imsglobal.org/xsd/imsmd_v1p2p2.xsd">
	<metadata>
		<schema>IMS Content</schema>
		<schemaversion>1.1.3</schemaversion>
		<imsmd:lom>
			<imsmd:general>
				<imsmd:title>
					<imsmd:string>Chapter 8, Lesson 2 - While Loops Quiz</imsmd:string>
				</imsmd:title>
			</imsmd:general>
			<imsmd:lifeCycle>
				<imsmd:contribute>
					<imsmd:date>
						<imsmd:dateTime>2025-11-19</imsmd:dateTime>
					</imsmd:date>
				</imsmd:contribute>
			</imsmd:lifeCycle>
		</imsmd:lom>
	</metadata>
	<organizations/>
	<resources>
		<resource identifier="dc0c6596-d9d5-4b37-9b07-8a4290918f75" type="imsqti_xmlv1p2">
			<file href="dc0c6596-d9d5-4b37-9b07-8a4290918f75/dc0c6596-d9d5-4b37-9b07-8a4290918f75.xml"/>
			<dependency identifierref="e3b8f9fe-1883-49b2-aa12-2cf1f80019ad"/>
		</resource>
		<resource identifier="e3b8f9fe-1883-49b2-aa12-2cf1f80019ad" type="associatedcontent/imscc_xmlv1p1/learning-application-resource" href="dc0c6596-d9d5-4b37-9b07-8a4290918f75/assessment_meta.xml">
			<file href="dc0c6596-d9d5-4b37-9b07-8a4290918f75/assessment_meta.xml"/>
		</resource>
	</resources>
</manifest>
