<?xml version="1.0"?>
<manifest xmlns="http://www.imsglobal.org/xsd/imsccv1p1/imscp_v1p1" xmlns:lom="http://ltsc.ieee.org/xsd/imsccv1p1/LOM/resource" xmlns:imsmd="http://www.imsglobal.org/xsd/imsmd_v1p2" xmlns:xsi="http://www.w3.org/2001/XMLSchema-instance" identifier="d078263b-780c-45e6-96c8-25b963c4a3b6" xsi:schemaLocation="http://www.imsglobal.org/xsd/imsccv1p1/imscp_v1p1 http://www.imsglobal.org/xsd/imscp_v1p1.xsd http://ltsc.ieee.org/xsd/imsccv1p1/LOM/resource http://www.imsglobal.org/profile/cc/ccv1p1/LOM/ccv1p1_lomresource_v1p0.xsd http://www.imsglobal.org/xsd/imsmd_v1p2 http://www.imsglobal.org/xsd/imsmd_v1p2p2.xsd">
	<metadata>
		<schema>IMS Content</schema>
		<schemaversion>1.1.3</schemaversion>
		<imsmd:lom>
			<imsmd:general>
				<imsmd:title>
					<imsmd:string>Attempt 4 - Doc-Friendly All Question Types</imsmd:string>
				</imsmd:title>
			</imsmd:general>
			<imsmd:lifeCycle>
				<imsmd:contribute>
					<imsmd:date>
						<imsmd:dateTime>2025-11-21</imsmd:dateTime>
					</imsmd:date>
				</imsmd:contribute>
			</imsmd:lifeCycle>
		</imsmd:lom>
	</metadata>
	<organizations/>
	<resources>
		<resource identifier="f3dafc14-feaa-4a98-ac84-9477ec50d11f" type="imsqti_xmlv1p2">
			<file href="f3dafc14-feaa-4a98-ac84-9477ec50d11f/f3dafc14-feaa-4a98-ac84-9477ec50d11f.xml"/>
			<dependency identifierref="9024fb72-6753-421b-abb7-9c5493d9ed29"/>
		</resource>
		<resource identifier="9024fb72-6753-421b-abb7-9c5493d9ed29" type="associatedcontent/imscc_xmlv1p1/learning-application-resource" href="f3dafc14-feaa-4a98-ac84-9477ec50d11f/assessment_meta.xml">
			<file href="f3dafc14-feaa-4a98-ac84-9477ec50d11f/assessment_meta.xml"/>
		</resource>
	</resources>
</manifest>
