<?xml version="1.0"?>
<manifest xmlns="http://www.imsglobal.org/xsd/imsccv1p1/imscp_v1p1" xmlns:lom="http://ltsc.ieee.org/xsd/imsccv1p1/LOM/resource" xmlns:imsmd="http://www.imsglobal.org/xsd/imsmd_v1p2" xmlns:xsi="http://www.w3.org/2001/XMLSchema-instance" identifier="60e2d299-144e-4ae3-b5c0-dad5e144f00e" xsi:schemaLocation="http://www.imsglobal.org/xsd/imsccv1p1/imscp_v1p1 http://www.imsglobal.org/xsd/imscp_v1p1.xsd http://ltsc.ieee.org/xsd/imsccv1p1/LOM/resource http://www.imsglobal.org/profile/cc/ccv1p1/LOM/ccv1p1_lomresource_v1p0.xsd http://www.imsglobal.org/xsd/imsmd_v1p2 http://www.imsglobal.org/xsd/imsmd_v1p2p2.xsd">
	<metadata>
		<schema>IMS Content</schema>
		<schemaversion>1.1.3</schemaversion>
		<imsmd:lom>
			<imsmd:general>
				<imsmd:title>
					<imsmd:string>The Hitchhiker - Day 2 Reading Check (Half 2, No Text)</imsmd:string>
				</imsmd:title>
			</imsmd:general>
			<imsmd:lifeCycle>
				<imsmd:contribute>
					<imsmd:date>
						<imsmd:dateTime>2026-01-12</imsmd:dateTime>
					</imsmd:date>
				</imsmd:contribute>
			</imsmd:lifeCycle>
		</imsmd:lom>
	</metadata>
	<organizations/>
	<resources>
		<resource identifier="276db748-3167-45a4-ae1a-df0794cad39c" type="imsqti_xmlv1p2">
			<file href="276db748-3167-45a4-ae1a-df0794cad39c/276db748-3167-45a4-ae1a-df0794cad39c.xml"/>
			<dependency identifierref="39ceef32-ae6a-4d4d-bf75-541e8a8eb759"/>
		</resource>
		<resource identifier="39ceef32-ae6a-4d4d-bf75-541e8a8eb759" type="associatedcontent/imscc_xmlv1p1/learning-application-resource" href="276db748-3167-45a4-ae1a-df0794cad39c/assessment_meta.xml">
			<file href="276db748-3167-45a4-ae1a-df0794cad39c/assessment_meta.xml"/>
		</resource>
	</resources>
</manifest>
