<?xml version="1.0"?>
<manifest xmlns="http://www.imsglobal.org/xsd/imsccv1p1/imscp_v1p1" xmlns:lom="http://ltsc.ieee.org/xsd/imsccv1p1/LOM/resource" xmlns:imsmd="http://www.imsglobal.org/xsd/imsmd_v1p2" xmlns:xsi="http://www.w3.org/2001/XMLSchema-instance" identifier="34d4ac22-4eb8-4e41-949d-52122bc16e70" xsi:schemaLocation="http://www.imsglobal.org/xsd/imsccv1p1/imscp_v1p1 http://www.imsglobal.org/xsd/imscp_v1p1.xsd http://ltsc.ieee.org/xsd/imsccv1p1/LOM/resource http://www.imsglobal.org/profile/cc/ccv1p1/LOM/ccv1p1_lomresource_v1p0.xsd http://www.imsglobal.org/xsd/imsmd_v1p2 http://www.imsglobal.org/xsd/imsmd_v1p2p2.xsd">
	<metadata>
		<schema>IMS Content</schema>
		<schemaversion>1.1.3</schemaversion>
		<imsmd:lom>
			<imsmd:general>
				<imsmd:title>
					<imsmd:string>Chapter 8 - While Loops (Lesson 2)</imsmd:string>
				</imsmd:title>
			</imsmd:general>
			<imsmd:lifeCycle>
				<imsmd:contribute>
					<imsmd:date>
						<imsmd:dateTime>2025-12-01</imsmd:dateTime>
					</imsmd:date>
				</imsmd:contribute>
			</imsmd:lifeCycle>
		</imsmd:lom>
	</metadata>
	<organizations/>
	<resources>
		<resource identifier="cdb163ba-8b1b-4fc8-b7d5-d38bf8c97f8b" type="imsqti_xmlv1p2">
			<file href="cdb163ba-8b1b-4fc8-b7d5-d38bf8c97f8b/cdb163ba-8b1b-4fc8-b7d5-d38bf8c97f8b.xml"/>
			<dependency identifierref="d0d6bd3f-f010-425b-839e-4e88d09249d3"/>
		</resource>
		<resource identifier="d0d6bd3f-f010-425b-839e-4e88d09249d3" type="associatedcontent/imscc_xmlv1p1/learning-application-resource" href="cdb163ba-8b1b-4fc8-b7d5-d38bf8c97f8b/assessment_meta.xml">
			<file href="cdb163ba-8b1b-4fc8-b7d5-d38bf8c97f8b/assessment_meta.xml"/>
		</resource>
	</resources>
</manifest>
