<?xml version="1.0"?>
<manifest xmlns="http://www.imsglobal.org/xsd/imsccv1p1/imscp_v1p1" xmlns:lom="http://ltsc.ieee.org/xsd/imsccv1p1/LOM/resource" xmlns:imsmd="http://www.imsglobal.org/xsd/imsmd_v1p2" xmlns:xsi="http://www.w3.org/2001/XMLSchema-instance" identifier="f919421b-9d23-428b-ae83-08e14609d650" xsi:schemaLocation="http://www.imsglobal.org/xsd/imsccv1p1/imscp_v1p1 http://www.imsglobal.org/xsd/imscp_v1p1.xsd http://ltsc.ieee.org/xsd/imsccv1p1/LOM/resource http://www.imsglobal.org/profile/cc/ccv1p1/LOM/ccv1p1_lomresource_v1p0.xsd http://www.imsglobal.org/xsd/imsmd_v1p2 http://www.imsglobal.org/xsd/imsmd_v1p2p2.xsd">
	<metadata>
		<schema>IMS Content</schema>
		<schemaversion>1.1.3</schemaversion>
		<imsmd:lom>
			<imsmd:general>
				<imsmd:title>
					<imsmd:string>Chapter 8 - While Loops (Lesson 2)</imsmd:string>
				</imsmd:title>
			</imsmd:general>
			<imsmd:lifeCycle>
				<imsmd:contribute>
					<imsmd:date>
						<imsmd:dateTime>2025-12-01</imsmd:dateTime>
					</imsmd:date>
				</imsmd:contribute>
			</imsmd:lifeCycle>
		</imsmd:lom>
	</metadata>
	<organizations/>
	<resources>
		<resource identifier="cee95f97-cc9e-4247-b3c4-742cb156488c" type="imsqti_xmlv1p2">
			<file href="cee95f97-cc9e-4247-b3c4-742cb156488c/cee95f97-cc9e-4247-b3c4-742cb156488c.xml"/>
			<dependency identifierref="0b995daa-da2c-4465-a3a2-3f3eeaa10d77"/>
		</resource>
		<resource identifier="0b995daa-da2c-4465-a3a2-3f3eeaa10d77" type="associatedcontent/imscc_xmlv1p1/learning-application-resource" href="cee95f97-cc9e-4247-b3c4-742cb156488c/assessment_meta.xml">
			<file href="cee95f97-cc9e-4247-b3c4-742cb156488c/assessment_meta.xml"/>
		</resource>
	</resources>
</manifest>
