<?xml version="1.0"?>
<manifest xmlns="http://www.imsglobal.org/xsd/imsccv1p1/imscp_v1p1" xmlns:lom="http://ltsc.ieee.org/xsd/imsccv1p1/LOM/resource" xmlns:imsmd="http://www.imsglobal.org/xsd/imsmd_v1p2" xmlns:xsi="http://www.w3.org/2001/XMLSchema-instance" identifier="1d4d8efa-bce6-43d0-9c28-48ff91791a1e" xsi:schemaLocation="http://www.imsglobal.org/xsd/imsccv1p1/imscp_v1p1 http://www.imsglobal.org/xsd/imscp_v1p1.xsd http://ltsc.ieee.org/xsd/imsccv1p1/LOM/resource http://www.imsglobal.org/profile/cc/ccv1p1/LOM/ccv1p1_lomresource_v1p0.xsd http://www.imsglobal.org/xsd/imsmd_v1p2 http://www.imsglobal.org/xsd/imsmd_v1p2p2.xsd">
	<metadata>
		<schema>IMS Content</schema>
		<schemaversion>1.1.3</schemaversion>
		<imsmd:lom>
			<imsmd:general>
				<imsmd:title>
					<imsmd:string>Chapter 8 - While Loops (Lesson 2)</imsmd:string>
				</imsmd:title>
			</imsmd:general>
			<imsmd:lifeCycle>
				<imsmd:contribute>
					<imsmd:date>
						<imsmd:dateTime>2025-12-01</imsmd:dateTime>
					</imsmd:date>
				</imsmd:contribute>
			</imsmd:lifeCycle>
		</imsmd:lom>
	</metadata>
	<organizations/>
	<resources>
		<resource identifier="4d567fb9-d16d-4c68-9610-02889a9cc42d" type="imsqti_xmlv1p2">
			<file href="4d567fb9-d16d-4c68-9610-02889a9cc42d/4d567fb9-d16d-4c68-9610-02889a9cc42d.xml"/>
			<dependency identifierref="4c4cae38-f979-4100-9d73-551ee32b1111"/>
		</resource>
		<resource identifier="4c4cae38-f979-4100-9d73-551ee32b1111" type="associatedcontent/imscc_xmlv1p1/learning-application-resource" href="4d567fb9-d16d-4c68-9610-02889a9cc42d/assessment_meta.xml">
			<file href="4d567fb9-d16d-4c68-9610-02889a9cc42d/assessment_meta.xml"/>
		</resource>
	</resources>
</manifest>
