<?xml version="1.0"?>
<manifest xmlns="http://www.imsglobal.org/xsd/imsccv1p1/imscp_v1p1" xmlns:lom="http://ltsc.ieee.org/xsd/imsccv1p1/LOM/resource" xmlns:imsmd="http://www.imsglobal.org/xsd/imsmd_v1p2" xmlns:xsi="http://www.w3.org/2001/XMLSchema-instance" identifier="f3b69607-5e78-4361-b175-87b225191e37" xsi:schemaLocation="http://www.imsglobal.org/xsd/imsccv1p1/imscp_v1p1 http://www.imsglobal.org/xsd/imscp_v1p1.xsd http://ltsc.ieee.org/xsd/imsccv1p1/LOM/resource http://www.imsglobal.org/profile/cc/ccv1p1/LOM/ccv1p1_lomresource_v1p0.xsd http://www.imsglobal.org/xsd/imsmd_v1p2 http://www.imsglobal.org/xsd/imsmd_v1p2p2.xsd">
	<metadata>
		<schema>IMS Content</schema>
		<schemaversion>1.1.3</schemaversion>
		<imsmd:lom>
			<imsmd:general>
				<imsmd:title>
					<imsmd:string>Attempt 3 - All Question Types, No Stimulus</imsmd:string>
				</imsmd:title>
			</imsmd:general>
			<imsmd:lifeCycle>
				<imsmd:contribute>
					<imsmd:date>
						<imsmd:dateTime>2025-11-21</imsmd:dateTime>
					</imsmd:date>
				</imsmd:contribute>
			</imsmd:lifeCycle>
		</imsmd:lom>
	</metadata>
	<organizations/>
	<resources>
		<resource identifier="70d7551b-eeb8-4c42-8b37-6869f7a25897" type="imsqti_xmlv1p2">
			<file href="70d7551b-eeb8-4c42-8b37-6869f7a25897/70d7551b-eeb8-4c42-8b37-6869f7a25897.xml"/>
			<dependency identifierref="c10a273f-49f3-4b38-88ea-0f3f7ee0d2d8"/>
		</resource>
		<resource identifier="c10a273f-49f3-4b38-88ea-0f3f7ee0d2d8" type="associatedcontent/imscc_xmlv1p1/learning-application-resource" href="70d7551b-eeb8-4c42-8b37-6869f7a25897/assessment_meta.xml">
			<file href="70d7551b-eeb8-4c42-8b37-6869f7a25897/assessment_meta.xml"/>
		</resource>
	</resources>
</manifest>
