<?xml version="1.0"?>
<quiz xmlns="http://canvas.instructure.com/xsd/cccv1p0" xmlns:xsi="http://canvas.instructure.com/xsd/cccv1p0 https://canvas.instructure.com/xsd/cccv1p0.xsd" identifier="92892ac2-11ea-488a-845e-d3ef9ed5bcc8">
  <title>Christmas Quiz 4 - A View from the Mantel (Revised Choices)</title>
  <description></description>
  <shuffle_questions>false</shuffle_questions>
  <shuffle_answers>false</shuffle_answers>
  <calculator_type>none</calculator_type>
  <scoring_policy>keep_highest</scoring_policy>
  <allowed_attempts>1</allowed_attempts>
  <points_possible>100.0</points_possible>
</quiz>
