<?xml version="1.0"?>
<quiz xmlns="http://canvas.instructure.com/xsd/cccv1p0" xmlns:xsi="http://canvas.instructure.com/xsd/cccv1p0 https://canvas.instructure.com/xsd/cccv1p0.xsd" identifier="5f64a1b7-c664-470f-8e09-eacc22f7c1c7">
  <title>High Fantasy Suspense Capitalization (Meaning and Tone)</title>
  <description></description>
  <shuffle_questions>false</shuffle_questions>
  <shuffle_answers>false</shuffle_answers>
  <calculator_type>none</calculator_type>
  <scoring_policy>keep_highest</scoring_policy>
  <allowed_attempts>1</allowed_attempts>
  <points_possible>100.0</points_possible>
</quiz>
