<?xml version="1.0"?>
<manifest xmlns="http://www.imsglobal.org/xsd/imsccv1p1/imscp_v1p1" xmlns:lom="http://ltsc.ieee.org/xsd/imsccv1p1/LOM/resource" xmlns:imsmd="http://www.imsglobal.org/xsd/imsmd_v1p2" xmlns:xsi="http://www.w3.org/2001/XMLSchema-instance" identifier="75cbb57d-c27a-48fc-bfe9-4f27b07a9b25" xsi:schemaLocation="http://www.imsglobal.org/xsd/imsccv1p1/imscp_v1p1 http://www.imsglobal.org/xsd/imscp_v1p1.xsd http://ltsc.ieee.org/xsd/imsccv1p1/LOM/resource http://www.imsglobal.org/profile/cc/ccv1p1/LOM/ccv1p1_lomresource_v1p0.xsd http://www.imsglobal.org/xsd/imsmd_v1p2 http://www.imsglobal.org/xsd/imsmd_v1p2p2.xsd">
	<metadata>
		<schema>IMS Content</schema>
		<schemaversion>1.1.3</schemaversion>
		<imsmd:lom>
			<imsmd:general>
				<imsmd:title>
					<imsmd:string>The Hitchhiker - Day 1 Reading Check (Half 1, No Text)</imsmd:string>
				</imsmd:title>
			</imsmd:general>
			<imsmd:lifeCycle>
				<imsmd:contribute>
					<imsmd:date>
						<imsmd:dateTime>2026-01-12</imsmd:dateTime>
					</imsmd:date>
				</imsmd:contribute>
			</imsmd:lifeCycle>
		</imsmd:lom>
	</metadata>
	<organizations/>
	<resources>
		<resource identifier="3792159c-8b2d-4b3f-be30-a30c3cce9129" type="imsqti_xmlv1p2">
			<file href="3792159c-8b2d-4b3f-be30-a30c3cce9129/3792159c-8b2d-4b3f-be30-a30c3cce9129.xml"/>
			<dependency identifierref="9d57eab0-5c61-41b5-a6f6-19547a0c147c"/>
		</resource>
		<resource identifier="9d57eab0-5c61-41b5-a6f6-19547a0c147c" type="associatedcontent/imscc_xmlv1p1/learning-application-resource" href="3792159c-8b2d-4b3f-be30-a30c3cce9129/assessment_meta.xml">
			<file href="3792159c-8b2d-4b3f-be30-a30c3cce9129/assessment_meta.xml"/>
		</resource>
	</resources>
</manifest>
