<?xml version="1.0"?>
<questestinterop xmlns="http://www.imsglobal.org/xsd/ims_qtiasiv1p2" xmlns:xsi="http://www.w3.org/2001/XMLSchema-instance" xsi:schemaLocation="http://www.imsglobal.org/xsd/ims_qtiasiv1p2 http://www.imsglobal.org/xsd/ims_qtiasiv1p2p1.xsd"><assessment ident="assessment_a824a0d4" title="The Observation - Act 1 Quiz (Thursday)"><qtimetadata><qtimetadatafield><fieldlabel>cc_maxattempts</fieldlabel><fieldentry>1</fieldentry></qtimetadatafield></qtimetadata><section ident="root_section"><item ident="q1_cap" title="Q01"><itemmetadata><qtimetadata><qtimetadatafield><fieldlabel>question_type</fieldlabel><fieldentry>multiple_choice_question</fieldentry></qtimetadatafield><qtimetadatafield><fieldlabel>calculator_type</fieldlabel><fieldentry>none</fieldentry></qtimetadatafield><qtimetadatafield><fieldlabel>points_possible</fieldlabel><fieldentry>4.0</fieldentry></qtimetadatafield></qtimetadata></itemmetadata><presentation><material><mattext texttype="text/html">What is the correct way to write the sentence on the board?

Original: Today We will learn about Japanese Feudal Lords and how they ruled their lands</mattext></material><response_lid ident="response1" rcardinality="Single"><render_choice><response_label ident="a"><material><mattext texttype="text/html">today, we will learn about japanese feudal lords and how they ruled their lands.</mattext></material></response_label><response_label ident="b"><material><mattext texttype="text/html">Today, we will learn about Japanese feudal lords and how they ruled their lands.</mattext></material></response_label><response_label ident="c"><material><mattext texttype="text/html">Today We will learn about Japanese Feudal Lords and how they ruled their lands.</mattext></material></response_label><response_label ident="d"><material><mattext texttype="text/html">Today, We will learn about Japanese Feudal Lords and how they ruled their lands.</mattext></material></response_label></render_choice></response_lid></presentation><resprocessing><outcomes><decvar maxvalue="100" minvalue="0" varname="SCORE" vartype="Decimal" /></outcomes><respcondition continue="No"><conditionvar><varequal respident="response1">b</varequal></conditionvar><setvar action="Set" varname="SCORE">100</setvar></respcondition></resprocessing></item><item ident="q2_comma" title="Q02"><itemmetadata><qtimetadata><qtimetadatafield><fieldlabel>question_type</fieldlabel><fieldentry>multiple_choice_question</fieldentry></qtimetadatafield><qtimetadatafield><fieldlabel>calculator_type</fieldlabel><fieldentry>none</fieldentry></qtimetadatafield><qtimetadatafield><fieldlabel>points_possible</fieldlabel><fieldentry>4.0</fieldentry></qtimetadatafield></qtimetadata></itemmetadata><presentation><material><mattext texttype="text/html">What change should be made to improve the sentence?

Sentence: Today we will learn about Japanese feudal lords, and how they ruled their lands</mattext></material><response_lid ident="response1" rcardinality="Single"><render_choice><response_label ident="a"><material><mattext texttype="text/html">Add a comma after the word feudal</mattext></material></response_label><response_label ident="b"><material><mattext texttype="text/html">Add a comma after the word learn</mattext></material></response_label><response_label ident="c"><material><mattext texttype="text/html">Change the comma to a semicolon</mattext></material></response_label><response_label ident="d"><material><mattext texttype="text/html">Remove the comma before the word and</mattext></material></response_label></render_choice></response_lid></presentation><resprocessing><outcomes><decvar maxvalue="100" minvalue="0" varname="SCORE" vartype="Decimal" /></outcomes><respcondition continue="No"><conditionvar><varequal respident="response1">d</varequal></conditionvar><setvar action="Set" varname="SCORE">100</setvar></respcondition></resprocessing></item><item ident="q3_runon" title="Q03"><itemmetadata><qtimetadata><qtimetadatafield><fieldlabel>question_type</fieldlabel><fieldentry>multiple_choice_question</fieldentry></qtimetadatafield><qtimetadatafield><fieldlabel>calculator_type</fieldlabel><fieldentry>none</fieldentry></qtimetadatafield><qtimetadatafield><fieldlabel>points_possible</fieldlabel><fieldentry>4.0</fieldentry></qtimetadatafield></qtimetadata></itemmetadata><presentation><material><mattext texttype="text/html">Which version corrects the run-on sentence?

Original: The lords controlled everything they controlled the land and the people and the taxes.</mattext></material><response_lid ident="response1" rcardinality="Single"><render_choice><response_label ident="a"><material><mattext texttype="text/html">The lords controlled everything. They controlled the land, the people, and the taxes.</mattext></material></response_label><response_label ident="b"><material><mattext texttype="text/html">The lords controlled everything they controlled the land and the people and the taxes.</mattext></material></response_label><response_label ident="c"><material><mattext texttype="text/html">The lords controlled everything and they controlled the land and the people and the taxes.</mattext></material></response_label><response_label ident="d"><material><mattext texttype="text/html">The lords controlled everything, they controlled the land and the people and the taxes.</mattext></material></response_label></render_choice></response_lid></presentation><resprocessing><outcomes><decvar maxvalue="100" minvalue="0" varname="SCORE" vartype="Decimal" /></outcomes><respcondition continue="No"><conditionvar><varequal respident="response1">a</varequal></conditionvar><setvar action="Set" varname="SCORE">100</setvar></respcondition></resprocessing></item><item ident="q4_spelling" title="Q04"><itemmetadata><qtimetadata><qtimetadatafield><fieldlabel>question_type</fieldlabel><fieldentry>multiple_choice_question</fieldentry></qtimetadatafield><qtimetadatafield><fieldlabel>calculator_type</fieldlabel><fieldentry>none</fieldentry></qtimetadatafield><qtimetadatafield><fieldlabel>points_possible</fieldlabel><fieldentry>4.0</fieldentry></qtimetadatafield></qtimetadata></itemmetadata><presentation><material><mattext texttype="text/html">Which word is used incorrectly in Coach Beckham's explanation?

Sentence: Their going to learn about how feudal lords had alot of power over they're territories.</mattext></material><response_lid ident="response1" rcardinality="Single"><render_choice><response_label ident="a"><material><mattext texttype="text/html">All three underlined words are incorrect</mattext></material></response_label><response_label ident="b"><material><mattext texttype="text/html">Only alot is incorrect</mattext></material></response_label><response_label ident="c"><material><mattext texttype="text/html">Only Their is incorrect</mattext></material></response_label><response_label ident="d"><material><mattext texttype="text/html">Only they're is incorrect</mattext></material></response_label></render_choice></response_lid></presentation><resprocessing><outcomes><decvar maxvalue="100" minvalue="0" varname="SCORE" vartype="Decimal" /></outcomes><respcondition continue="No"><conditionvar><varequal respident="response1">a</varequal></conditionvar><setvar action="Set" varname="SCORE">100</setvar></respcondition></resprocessing></item><item ident="q5_series_comma" title="Q05"><itemmetadata><qtimetadata><qtimetadatafield><fieldlabel>question_type</fieldlabel><fieldentry>multiple_choice_question</fieldentry></qtimetadatafield><qtimetadatafield><fieldlabel>calculator_type</fieldlabel><fieldentry>none</fieldentry></qtimetadatafield><qtimetadatafield><fieldlabel>points_possible</fieldlabel><fieldentry>4.0</fieldentry></qtimetadatafield></qtimetadata></itemmetadata><presentation><material><mattext texttype="text/html">What punctuation change should be made?

Sentence: The feudal lords had three main responsibilities protecting the land collecting taxes and maintaining order.</mattext></material><response_lid ident="response1" rcardinality="Single"><render_choice><response_label ident="a"><material><mattext texttype="text/html">Add semicolons between items</mattext></material></response_label><response_label ident="b"><material><mattext texttype="text/html">No changes needed</mattext></material></response_label><response_label ident="c"><material><mattext texttype="text/html">Add commas between items only</mattext></material></response_label><response_label ident="d"><material><mattext texttype="text/html">Add a colon after responsibilities and commas between items</mattext></material></response_label></render_choice></response_lid></presentation><resprocessing><outcomes><decvar maxvalue="100" minvalue="0" varname="SCORE" vartype="Decimal" /></outcomes><respcondition continue="No"><conditionvar><varequal respident="response1">d</varequal></conditionvar><setvar action="Set" varname="SCORE">100</setvar></respcondition></resprocessing></item><item ident="q6_cap_proper" title="Q06"><itemmetadata><qtimetadata><qtimetadatafield><fieldlabel>question_type</fieldlabel><fieldentry>multiple_choice_question</fieldentry></qtimetadatafield><qtimetadatafield><fieldlabel>calculator_type</fieldlabel><fieldentry>none</fieldentry></qtimetadatafield><qtimetadatafield><fieldlabel>points_possible</fieldlabel><fieldentry>4.0</fieldentry></qtimetadatafield></qtimetadata></itemmetadata><presentation><material><mattext texttype="text/html">Which words should be capitalized?

Sentence: In medieval japan, the feudal system was similar to what existed in europe during the middle ages.</mattext></material><response_lid ident="response1" rcardinality="Single"><render_choice><response_label ident="a"><material><mattext texttype="text/html">Japan, Europe only</mattext></material></response_label><response_label ident="b"><material><mattext texttype="text/html">All words as written are correct</mattext></material></response_label><response_label ident="c"><material><mattext texttype="text/html">Japan, Europe, Middle Ages</mattext></material></response_label><response_label ident="d"><material><mattext texttype="text/html">Medieval, Japan, Feudal, Europe, Middle, Ages</mattext></material></response_label></render_choice></response_lid></presentation><resprocessing><outcomes><decvar maxvalue="100" minvalue="0" varname="SCORE" vartype="Decimal" /></outcomes><respcondition continue="No"><conditionvar><varequal respident="response1">c</varequal></conditionvar><setvar action="Set" varname="SCORE">100</setvar></respcondition></resprocessing></item><item ident="q7_splice" title="Q07"><itemmetadata><qtimetadata><qtimetadatafield><fieldlabel>question_type</fieldlabel><fieldentry>multiple_choice_question</fieldentry></qtimetadatafield><qtimetadatafield><fieldlabel>calculator_type</fieldlabel><fieldentry>none</fieldentry></qtimetadatafield><qtimetadatafield><fieldlabel>points_possible</fieldlabel><fieldentry>4.0</fieldentry></qtimetadatafield></qtimetadata></itemmetadata><presentation><material><mattext texttype="text/html">How should this sentence be corrected?

Sentence: Feudal lords were powerful, they controlled everything in their domain.</mattext></material><response_lid ident="response1" rcardinality="Single"><render_choice><response_label ident="a"><material><mattext texttype="text/html">Add and after the comma</mattext></material></response_label><response_label ident="b"><material><mattext texttype="text/html">Remove the comma</mattext></material></response_label><response_label ident="c"><material><mattext texttype="text/html">The sentence is correct as written</mattext></material></response_label><response_label ident="d"><material><mattext texttype="text/html">Change the comma to a period or semicolon</mattext></material></response_label></render_choice></response_lid></presentation><resprocessing><outcomes><decvar maxvalue="100" minvalue="0" varname="SCORE" vartype="Decimal" /></outcomes><respcondition continue="No"><conditionvar><varequal respident="response1">d</varequal></conditionvar><setvar action="Set" varname="SCORE">100</setvar></respcondition></resprocessing></item><item ident="q8_spelling2" title="Q08"><itemmetadata><qtimetadata><qtimetadatafield><fieldlabel>question_type</fieldlabel><fieldentry>multiple_choice_question</fieldentry></qtimetadatafield><qtimetadatafield><fieldlabel>calculator_type</fieldlabel><fieldentry>none</fieldentry></qtimetadatafield><qtimetadatafield><fieldlabel>points_possible</fieldlabel><fieldentry>4.0</fieldentry></qtimetadatafield></qtimetadata></itemmetadata><presentation><material><mattext texttype="text/html">Which sentence is spelled correctly?</mattext></material><response_lid ident="response1" rcardinality="Single"><render_choice><response_label ident="a"><material><mattext texttype="text/html">The lords maintaned they're territories through careful management.</mattext></material></response_label><response_label ident="b"><material><mattext texttype="text/html">The lords maintaned there territories through carefull management.</mattext></material></response_label><response_label ident="c"><material><mattext texttype="text/html">The lords maintained their territories through careful management.</mattext></material></response_label><response_label ident="d"><material><mattext texttype="text/html">The lords maintained their territorys through careful managment.</mattext></material></response_label></render_choice></response_lid></presentation><resprocessing><outcomes><decvar maxvalue="100" minvalue="0" varname="SCORE" vartype="Decimal" /></outcomes><respcondition continue="No"><conditionvar><varequal respident="response1">c</varequal></conditionvar><setvar action="Set" varname="SCORE">100</setvar></respcondition></resprocessing></item><item ident="q9_wordchoice" title="Q09"><itemmetadata><qtimetadata><qtimetadatafield><fieldlabel>question_type</fieldlabel><fieldentry>multiple_choice_question</fieldentry></qtimetadatafield><qtimetadatafield><fieldlabel>calculator_type</fieldlabel><fieldentry>none</fieldentry></qtimetadatafield><qtimetadatafield><fieldlabel>points_possible</fieldlabel><fieldentry>4.0</fieldentry></qtimetadatafield></qtimetadata></itemmetadata><presentation><material><mattext texttype="text/html">Which word should replace control to make the sentence more precise?

Sentence: The feudal lords controlled the land by controlling the people who controlled the resources.</mattext></material><response_lid ident="response1" rcardinality="Single"><render_choice><response_label ident="a"><material><mattext texttype="text/html">dominated, dominating, dominated</mattext></material></response_label><response_label ident="b"><material><mattext texttype="text/html">controlled, supervising, handled</mattext></material></response_label><response_label ident="c"><material><mattext texttype="text/html">governed, managing, accessed</mattext></material></response_label><response_label ident="d"><material><mattext texttype="text/html">ruled, controlling, owning</mattext></material></response_label></render_choice></response_lid></presentation><resprocessing><outcomes><decvar maxvalue="100" minvalue="0" varname="SCORE" vartype="Decimal" /></outcomes><respcondition continue="No"><conditionvar><varequal respident="response1">c</varequal></conditionvar><setvar action="Set" varname="SCORE">100</setvar></respcondition></resprocessing></item><item ident="q10_parallel" title="Q10"><itemmetadata><qtimetadata><qtimetadatafield><fieldlabel>question_type</fieldlabel><fieldentry>multiple_choice_question</fieldentry></qtimetadatafield><qtimetadatafield><fieldlabel>calculator_type</fieldlabel><fieldentry>none</fieldentry></qtimetadatafield><qtimetadatafield><fieldlabel>points_possible</fieldlabel><fieldentry>4.0</fieldentry></qtimetadatafield></qtimetadata></itemmetadata><presentation><material><mattext texttype="text/html">What is the best way to revise the sentence?

Sentence: The lords protected land, collecting taxes, and loyalty was expected from peasants.</mattext></material><response_lid ident="response1" rcardinality="Single"><render_choice><response_label ident="a"><material><mattext texttype="text/html">The lords protected land, collected taxes, and expected loyalty from peasants.</mattext></material></response_label><response_label ident="b"><material><mattext texttype="text/html">The lords were protecting land, collecting taxes, and loyalty was expected from peasants.</mattext></material></response_label><response_label ident="c"><material><mattext texttype="text/html">The lords protected land, they collected taxes, and expected loyalty from peasants.</mattext></material></response_label><response_label ident="d"><material><mattext texttype="text/html">Protecting land, collecting taxes, and loyalty was expected from peasants by the lords.</mattext></material></response_label></render_choice></response_lid></presentation><resprocessing><outcomes><decvar maxvalue="100" minvalue="0" varname="SCORE" vartype="Decimal" /></outcomes><respcondition continue="No"><conditionvar><varequal respident="response1">a</varequal></conditionvar><setvar action="Set" varname="SCORE">100</setvar></respcondition></resprocessing></item><item ident="q11_redundancy" title="Q11"><itemmetadata><qtimetadata><qtimetadatafield><fieldlabel>question_type</fieldlabel><fieldentry>multiple_choice_question</fieldentry></qtimetadatafield><qtimetadatafield><fieldlabel>calculator_type</fieldlabel><fieldentry>none</fieldentry></qtimetadatafield><qtimetadatafield><fieldlabel>points_possible</fieldlabel><fieldentry>4.0</fieldentry></qtimetadatafield></qtimetadata></itemmetadata><presentation><material><mattext texttype="text/html">Which revision eliminates unnecessary repetition?

Sentence: The feudal lords who ruled over the feudal territories had control and ruled with power over everyone.</mattext></material><response_lid ident="response1" rcardinality="Single"><render_choice><response_label ident="a"><material><mattext texttype="text/html">The feudal lords who ruled had control over everyone in the territories.</mattext></material></response_label><response_label ident="b"><material><mattext texttype="text/html">The feudal lords governed their territories with authority.</mattext></material></response_label><response_label ident="c"><material><mattext texttype="text/html">The lords who ruled the feudal territories had power and control.</mattext></material></response_label><response_label ident="d"><material><mattext texttype="text/html">The feudal lords ruled over the territories with control and power.</mattext></material></response_label></render_choice></response_lid></presentation><resprocessing><outcomes><decvar maxvalue="100" minvalue="0" varname="SCORE" vartype="Decimal" /></outcomes><respcondition continue="No"><conditionvar><varequal respident="response1">b</varequal></conditionvar><setvar action="Set" varname="SCORE">100</setvar></respcondition></resprocessing></item><item ident="q12_combining" title="Q12"><itemmetadata><qtimetadata><qtimetadatafield><fieldlabel>question_type</fieldlabel><fieldentry>multiple_choice_question</fieldentry></qtimetadatafield><qtimetadatafield><fieldlabel>calculator_type</fieldlabel><fieldentry>none</fieldentry></qtimetadatafield><qtimetadatafield><fieldlabel>points_possible</fieldlabel><fieldentry>4.0</fieldentry></qtimetadatafield></qtimetadata></itemmetadata><presentation><material><mattext texttype="text/html">Which sentence best combines these two ideas?

Sentence A: Feudal lords had power.
Sentence B: They used this power to control land.</mattext></material><response_lid ident="response1" rcardinality="Single"><render_choice><response_label ident="a"><material><mattext texttype="text/html">Having power, feudal lords controlled land with it.</mattext></material></response_label><response_label ident="b"><material><mattext texttype="text/html">Feudal lords had power, they used it to control land.</mattext></material></response_label><response_label ident="c"><material><mattext texttype="text/html">Feudal lords had power and used this power to control land.</mattext></material></response_label><response_label ident="d"><material><mattext texttype="text/html">Feudal lords used their power to control land.</mattext></material></response_label></render_choice></response_lid></presentation><resprocessing><outcomes><decvar maxvalue="100" minvalue="0" varname="SCORE" vartype="Decimal" /></outcomes><respcondition continue="No"><conditionvar><varequal respident="response1">d</varequal></conditionvar><setvar action="Set" varname="SCORE">100</setvar></respcondition></resprocessing></item><item ident="q13_clarity" title="Q13"><itemmetadata><qtimetadata><qtimetadatafield><fieldlabel>question_type</fieldlabel><fieldentry>multiple_choice_question</fieldentry></qtimetadatafield><qtimetadatafield><fieldlabel>calculator_type</fieldlabel><fieldentry>none</fieldentry></qtimetadatafield><qtimetadatafield><fieldlabel>points_possible</fieldlabel><fieldentry>4.0</fieldentry></qtimetadatafield></qtimetadata></itemmetadata><presentation><material><mattext texttype="text/html">Which revision makes the meaning clearer?

Sentence: They did stuff with the things that made the people do what they wanted.</mattext></material><response_lid ident="response1" rcardinality="Single"><render_choice><response_label ident="a"><material><mattext texttype="text/html">Things were done by them to make people do what was wanted.</mattext></material></response_label><response_label ident="b"><material><mattext texttype="text/html">They did things with items that made people comply with them.</mattext></material></response_label><response_label ident="c"><material><mattext texttype="text/html">The people did stuff because of things the lords did.</mattext></material></response_label><response_label ident="d"><material><mattext texttype="text/html">The lords used laws and taxes to control their subjects.</mattext></material></response_label></render_choice></response_lid></presentation><resprocessing><outcomes><decvar maxvalue="100" minvalue="0" varname="SCORE" vartype="Decimal" /></outcomes><respcondition continue="No"><conditionvar><varequal respident="response1">d</varequal></conditionvar><setvar action="Set" varname="SCORE">100</setvar></respcondition></resprocessing></item><item ident="q14_precision" title="Q14"><itemmetadata><qtimetadata><qtimetadatafield><fieldlabel>question_type</fieldlabel><fieldentry>multiple_choice_question</fieldentry></qtimetadatafield><qtimetadatafield><fieldlabel>calculator_type</fieldlabel><fieldentry>none</fieldentry></qtimetadatafield><qtimetadatafield><fieldlabel>points_possible</fieldlabel><fieldentry>4.0</fieldentry></qtimetadatafield></qtimetadata></itemmetadata><presentation><material><mattext texttype="text/html">Which word best replaces controlled in this context?

Sentence: The feudal lords controlled the peasants through laws, taxes, and military force.</mattext></material><response_lid ident="response1" rcardinality="Single"><render_choice><response_label ident="a"><material><mattext texttype="text/html">bossed</mattext></material></response_label><response_label ident="b"><material><mattext texttype="text/html">handled</mattext></material></response_label><response_label ident="c"><material><mattext texttype="text/html">governed</mattext></material></response_label><response_label ident="d"><material><mattext texttype="text/html">managed</mattext></material></response_label></render_choice></response_lid></presentation><resprocessing><outcomes><decvar maxvalue="100" minvalue="0" varname="SCORE" vartype="Decimal" /></outcomes><respcondition continue="No"><conditionvar><varequal respident="response1">c</varequal></conditionvar><setvar action="Set" varname="SCORE">100</setvar></respcondition></resprocessing></item><item ident="q15_development" title="Q15"><itemmetadata><qtimetadata><qtimetadatafield><fieldlabel>question_type</fieldlabel><fieldentry>multiple_choice_question</fieldentry></qtimetadatafield><qtimetadatafield><fieldlabel>calculator_type</fieldlabel><fieldentry>none</fieldentry></qtimetadatafield><qtimetadatafield><fieldlabel>points_possible</fieldlabel><fieldentry>4.0</fieldentry></qtimetadatafield></qtimetadata></itemmetadata><presentation><material><mattext texttype="text/html">Which sentence would best develop this paragraph?

Context: Feudal lords were important in Japanese society. [ADD SENTENCE HERE] This system lasted for centuries.</mattext></material><response_lid ident="response1" rcardinality="Single"><render_choice><response_label ident="a"><material><mattext texttype="text/html">They governed territories, collected taxes, and protected their people from threats.</mattext></material></response_label><response_label ident="b"><material><mattext texttype="text/html">Many things happened during the feudal period.</mattext></material></response_label><response_label ident="c"><material><mattext texttype="text/html">People lived in Japan during this time period.</mattext></material></response_label><response_label ident="d"><material><mattext texttype="text/html">The system was important and lasted a long time.</mattext></material></response_label></render_choice></response_lid></presentation><resprocessing><outcomes><decvar maxvalue="100" minvalue="0" varname="SCORE" vartype="Decimal" /></outcomes><respcondition continue="No"><conditionvar><varequal respident="response1">a</varequal></conditionvar><setvar action="Set" varname="SCORE">100</setvar></respcondition></resprocessing></item><item ident="q16_summary" title="Q16"><itemmetadata><qtimetadata><qtimetadatafield><fieldlabel>question_type</fieldlabel><fieldentry>multiple_choice_question</fieldentry></qtimetadatafield><qtimetadatafield><fieldlabel>calculator_type</fieldlabel><fieldentry>none</fieldentry></qtimetadatafield><qtimetadatafield><fieldlabel>points_possible</fieldlabel><fieldentry>4.0</fieldentry></qtimetadatafield></qtimetadata></itemmetadata><presentation><material><mattext texttype="text/html">Which sentence should be included in a summary of Coach Beckham's lesson?

Coach's explanation included:
- Feudal lords controlled land
- They controlled people
- They controlled taxes
- They controlled armies
- They controlled everything</mattext></material><response_lid ident="response1" rcardinality="Single"><render_choice><response_label ident="a"><material><mattext texttype="text/html">Students were confused by the explanation about Japan.</mattext></material></response_label><response_label ident="b"><material><mattext texttype="text/html">Feudal lords had authority over multiple aspects of society.</mattext></material></response_label><response_label ident="c"><material><mattext texttype="text/html">Coach Beckham talked about feudal lords for a long time.</mattext></material></response_label><response_label ident="d"><material><mattext texttype="text/html">The word controlled was used many times in the lesson.</mattext></material></response_label></render_choice></response_lid></presentation><resprocessing><outcomes><decvar maxvalue="100" minvalue="0" varname="SCORE" vartype="Decimal" /></outcomes><respcondition continue="No"><conditionvar><varequal respident="response1">b</varequal></conditionvar><setvar action="Set" varname="SCORE">100</setvar></respcondition></resprocessing></item><item ident="q17_mainidea" title="Q17"><itemmetadata><qtimetadata><qtimetadatafield><fieldlabel>question_type</fieldlabel><fieldentry>multiple_choice_question</fieldentry></qtimetadatafield><qtimetadatafield><fieldlabel>calculator_type</fieldlabel><fieldentry>none</fieldentry></qtimetadatafield><qtimetadatafield><fieldlabel>points_possible</fieldlabel><fieldentry>3.0</fieldentry></qtimetadatafield></qtimetadata></itemmetadata><presentation><material><mattext texttype="text/html">Which statement best summarizes the main lesson Mrs. J is trying to teach?</mattext></material><response_lid ident="response1" rcardinality="Single"><render_choice><response_label ident="a"><material><mattext texttype="text/html">Clear and specific language improves understanding.</mattext></material></response_label><response_label ident="b"><material><mattext texttype="text/html">Teachers should write sentences on the board correctly.</mattext></material></response_label><response_label ident="c"><material><mattext texttype="text/html">Japanese feudal lords were powerful leaders.</mattext></material></response_label><response_label ident="d"><material><mattext texttype="text/html">Students should correct teachers when they make mistakes.</mattext></material></response_label></render_choice></response_lid></presentation><resprocessing><outcomes><decvar maxvalue="100" minvalue="0" varname="SCORE" vartype="Decimal" /></outcomes><respcondition continue="No"><conditionvar><varequal respident="response1">a</varequal></conditionvar><setvar action="Set" varname="SCORE">100</setvar></respcondition></resprocessing></item><item ident="q18_paraphrase" title="Q18"><itemmetadata><qtimetadata><qtimetadatafield><fieldlabel>question_type</fieldlabel><fieldentry>multiple_choice_question</fieldentry></qtimetadatafield><qtimetadatafield><fieldlabel>calculator_type</fieldlabel><fieldentry>none</fieldentry></qtimetadatafield><qtimetadatafield><fieldlabel>points_possible</fieldlabel><fieldentry>3.0</fieldentry></qtimetadatafield></qtimetadata></itemmetadata><presentation><material><mattext texttype="text/html">Which sentence best paraphrases: The feudal lords maintained order by controlling all aspects of life in their territories?</mattext></material><response_lid ident="response1" rcardinality="Single"><render_choice><response_label ident="a"><material><mattext texttype="text/html">Lords kept peace by managing all parts of life in their lands.</mattext></material></response_label><response_label ident="b"><material><mattext texttype="text/html">Lords controlled everything and kept order.</mattext></material></response_label><response_label ident="c"><material><mattext texttype="text/html">People in territories had all aspects of life controlled by feudal lords who maintained order.</mattext></material></response_label><response_label ident="d"><material><mattext texttype="text/html">The feudal lords maintained order by controlling all aspects of life in their territories.</mattext></material></response_label></render_choice></response_lid></presentation><resprocessing><outcomes><decvar maxvalue="100" minvalue="0" varname="SCORE" vartype="Decimal" /></outcomes><respcondition continue="No"><conditionvar><varequal respident="response1">a</varequal></conditionvar><setvar action="Set" varname="SCORE">100</setvar></respcondition></resprocessing></item><item ident="q19_supportdetail" title="Q19"><itemmetadata><qtimetadata><qtimetadatafield><fieldlabel>question_type</fieldlabel><fieldentry>multiple_choice_question</fieldentry></qtimetadatafield><qtimetadatafield><fieldlabel>calculator_type</fieldlabel><fieldentry>none</fieldentry></qtimetadatafield><qtimetadatafield><fieldlabel>points_possible</fieldlabel><fieldentry>3.0</fieldentry></qtimetadatafield></qtimetadata></itemmetadata><presentation><material><mattext texttype="text/html">Which detail from the board best supports the idea that the sentence needs revision?

Details on board:
- Today has a comma after it
- We is capitalized mid-sentence
- Multiple commas are missing
- Feudal Lords is unnecessarily capitalized</mattext></material><response_lid ident="response1" rcardinality="Single"><render_choice><response_label ident="a"><material><mattext texttype="text/html">Students are reading the sentence</mattext></material></response_label><response_label ident="b"><material><mattext texttype="text/html">We is capitalized mid-sentence</mattext></material></response_label><response_label ident="c"><material><mattext texttype="text/html">The board is white</mattext></material></response_label><response_label ident="d"><material><mattext texttype="text/html">The sentence is about Japanese history</mattext></material></response_label></render_choice></response_lid></presentation><resprocessing><outcomes><decvar maxvalue="100" minvalue="0" varname="SCORE" vartype="Decimal" /></outcomes><respcondition continue="No"><conditionvar><varequal respident="response1">b</varequal></conditionvar><setvar action="Set" varname="SCORE">100</setvar></respcondition></resprocessing></item><item ident="q20_keyidea_confusion" title="Q20"><itemmetadata><qtimetadata><qtimetadatafield><fieldlabel>question_type</fieldlabel><fieldentry>multiple_choice_question</fieldentry></qtimetadatafield><qtimetadatafield><fieldlabel>calculator_type</fieldlabel><fieldentry>none</fieldentry></qtimetadatafield><qtimetadatafield><fieldlabel>points_possible</fieldlabel><fieldentry>3.0</fieldentry></qtimetadatafield></qtimetadata></itemmetadata><presentation><material><mattext texttype="text/html">Which detail most clearly shows that students are confused by Coach Beckham's explanation?</mattext></material><response_lid ident="response1" rcardinality="Single"><render_choice><response_label ident="a"><material><mattext texttype="text/html">Arthur shouts random things</mattext></material></response_label><response_label ident="b"><material><mattext texttype="text/html">The lesson is about feudal lords</mattext></material></response_label><response_label ident="c"><material><mattext texttype="text/html">Students ask Coach to repeat himself</mattext></material></response_label><response_label ident="d"><material><mattext texttype="text/html">Mr. Barcelona writes on his clipboard</mattext></material></response_label></render_choice></response_lid></presentation><resprocessing><outcomes><decvar maxvalue="100" minvalue="0" varname="SCORE" vartype="Decimal" /></outcomes><respcondition continue="No"><conditionvar><varequal respident="response1">c</varequal></conditionvar><setvar action="Set" varname="SCORE">100</setvar></respcondition></resprocessing></item><item ident="q21_keyidea" title="Q21"><itemmetadata><qtimetadata><qtimetadatafield><fieldlabel>question_type</fieldlabel><fieldentry>multiple_choice_question</fieldentry></qtimetadatafield><qtimetadatafield><fieldlabel>calculator_type</fieldlabel><fieldentry>none</fieldentry></qtimetadatafield><qtimetadatafield><fieldlabel>points_possible</fieldlabel><fieldentry>3.0</fieldentry></qtimetadatafield></qtimetadata></itemmetadata><presentation><material><mattext texttype="text/html">Which statement represents the key idea, not just a supporting detail?</mattext></material><response_lid ident="response1" rcardinality="Single"><render_choice><response_label ident="a"><material><mattext texttype="text/html">Mrs. J rewrites the sentence on the board.</mattext></material></response_label><response_label ident="b"><material><mattext texttype="text/html">The lesson takes place in a classroom.</mattext></material></response_label><response_label ident="c"><material><mattext texttype="text/html">Word choice affects how well people understand explanations.</mattext></material></response_label><response_label ident="d"><material><mattext texttype="text/html">Coach Beckham uses the word controlled many times.</mattext></material></response_label></render_choice></response_lid></presentation><resprocessing><outcomes><decvar maxvalue="100" minvalue="0" varname="SCORE" vartype="Decimal" /></outcomes><respcondition continue="No"><conditionvar><varequal respident="response1">c</varequal></conditionvar><setvar action="Set" varname="SCORE">100</setvar></respcondition></resprocessing></item><item ident="q22_metaphor" title="Q22"><itemmetadata><qtimetadata><qtimetadatafield><fieldlabel>question_type</fieldlabel><fieldentry>multiple_choice_question</fieldentry></qtimetadatafield><qtimetadatafield><fieldlabel>calculator_type</fieldlabel><fieldentry>none</fieldentry></qtimetadatafield><qtimetadatafield><fieldlabel>points_possible</fieldlabel><fieldentry>3.0</fieldentry></qtimetadatafield></qtimetadata></itemmetadata><presentation><material><mattext texttype="text/html">Why does Coach Beckham's metaphor Feudal lords were like Wi-Fi routers of medieval Japan confuse the students?</mattext></material><response_lid ident="response1" rcardinality="Single"><render_choice><response_label ident="a"><material><mattext texttype="text/html">The metaphor is too complicated for seventh graders.</mattext></material></response_label><response_label ident="b"><material><mattext texttype="text/html">The comparison doesn't help explain how feudal lords actually functioned.</mattext></material></response_label><response_label ident="c"><material><mattext texttype="text/html">Students don't know what Wi-Fi routers are.</mattext></material></response_label><response_label ident="d"><material><mattext texttype="text/html">Medieval Japan didn't have technology.</mattext></material></response_label></render_choice></response_lid></presentation><resprocessing><outcomes><decvar maxvalue="100" minvalue="0" varname="SCORE" vartype="Decimal" /></outcomes><respcondition continue="No"><conditionvar><varequal respident="response1">b</varequal></conditionvar><setvar action="Set" varname="SCORE">100</setvar></respcondition></resprocessing></item><item ident="q23_fig_effect" title="Q23"><itemmetadata><qtimetadata><qtimetadatafield><fieldlabel>question_type</fieldlabel><fieldentry>multiple_choice_question</fieldentry></qtimetadatafield><qtimetadatafield><fieldlabel>calculator_type</fieldlabel><fieldentry>none</fieldentry></qtimetadatafield><qtimetadatafield><fieldlabel>points_possible</fieldlabel><fieldentry>3.0</fieldentry></qtimetadatafield></qtimetadata></itemmetadata><presentation><material><mattext texttype="text/html">What effect does the author create by having Coach Beckham use confusing comparisons?</mattext></material><response_lid ident="response1" rcardinality="Single"><render_choice><response_label ident="a"><material><mattext texttype="text/html">It proves that metaphors should never be used in lessons.</mattext></material></response_label><response_label ident="b"><material><mattext texttype="text/html">It demonstrates that Coach Beckham is a bad teacher.</mattext></material></response_label><response_label ident="c"><material><mattext texttype="text/html">It makes the play funnier for the audience.</mattext></material></response_label><response_label ident="d"><material><mattext texttype="text/html">It shows that unclear language creates obstacles to learning.</mattext></material></response_label></render_choice></response_lid></presentation><resprocessing><outcomes><decvar maxvalue="100" minvalue="0" varname="SCORE" vartype="Decimal" /></outcomes><respcondition continue="No"><conditionvar><varequal respident="response1">d</varequal></conditionvar><setvar action="Set" varname="SCORE">100</setvar></respcondition></resprocessing></item><item ident="scr_act1" title="Q24"><itemmetadata><qtimetadata><qtimetadatafield><fieldlabel>question_type</fieldlabel><fieldentry>essay_question</fieldentry></qtimetadatafield><qtimetadatafield><fieldlabel>calculator_type</fieldlabel><fieldentry>none</fieldentry></qtimetadatafield><qtimetadatafield><fieldlabel>points_possible</fieldlabel><fieldentry>15.0</fieldentry></qtimetadatafield></qtimetadata></itemmetadata><presentation><material><mattext texttype="text/html">Explain how unclear language causes confusion in the classroom. Use evidence from the play to support your answer.

Scoring:
- 2 points: Clear explanation with accurate text evidence
- 1 point: Partial explanation OR weak/missing evidence
- 0 points: Incorrect or no response</mattext></material><response_str ident="response1" rcardinality="Single"><render_fib><response_label ident="answer1" /></render_fib></response_str></presentation></item></section></assessment></questestinterop>
