<?xml version="1.0"?>
<manifest xmlns="http://www.imsglobal.org/xsd/imsccv1p1/imscp_v1p1" xmlns:lom="http://ltsc.ieee.org/xsd/imsccv1p1/LOM/resource" xmlns:imsmd="http://www.imsglobal.org/xsd/imsmd_v1p2" xmlns:xsi="http://www.w3.org/2001/XMLSchema-instance" identifier="0f2f21f1-cabe-411a-b352-57c47f655be3" xsi:schemaLocation="http://www.imsglobal.org/xsd/imsccv1p1/imscp_v1p1 http://www.imsglobal.org/xsd/imscp_v1p1.xsd http://ltsc.ieee.org/xsd/imsccv1p1/LOM/resource http://www.imsglobal.org/profile/cc/ccv1p1/LOM/ccv1p1_lomresource_v1p0.xsd http://www.imsglobal.org/xsd/imsmd_v1p2 http://www.imsglobal.org/xsd/imsmd_v1p2p2.xsd">
	<metadata>
		<schema>IMS Content</schema>
		<schemaversion>1.1.3</schemaversion>
		<imsmd:lom>
			<imsmd:general>
				<imsmd:title>
					<imsmd:string>Chapter 9 Quiz 1 - Lists and Tuples</imsmd:string>
				</imsmd:title>
			</imsmd:general>
			<imsmd:lifeCycle>
				<imsmd:contribute>
					<imsmd:date>
						<imsmd:dateTime>2026-01-05</imsmd:dateTime>
					</imsmd:date>
				</imsmd:contribute>
			</imsmd:lifeCycle>
		</imsmd:lom>
	</metadata>
	<organizations/>
	<resources>
		<resource identifier="dc97e1f8-27d2-4c0e-a6b6-d5e137cc603b" type="imsqti_xmlv1p2">
			<file href="dc97e1f8-27d2-4c0e-a6b6-d5e137cc603b/dc97e1f8-27d2-4c0e-a6b6-d5e137cc603b.xml"/>
			<dependency identifierref="c61f9514-f81e-4d8b-9e17-a82d32f8fc0d"/>
		</resource>
		<resource identifier="c61f9514-f81e-4d8b-9e17-a82d32f8fc0d" type="associatedcontent/imscc_xmlv1p1/learning-application-resource" href="dc97e1f8-27d2-4c0e-a6b6-d5e137cc603b/assessment_meta.xml">
			<file href="dc97e1f8-27d2-4c0e-a6b6-d5e137cc603b/assessment_meta.xml"/>
		</resource>
	</resources>
</manifest>
