<?xml version="1.0"?>
<manifest xmlns="http://www.imsglobal.org/xsd/imsccv1p1/imscp_v1p1" xmlns:lom="http://ltsc.ieee.org/xsd/imsccv1p1/LOM/resource" xmlns:imsmd="http://www.imsglobal.org/xsd/imsmd_v1p2" xmlns:xsi="http://www.w3.org/2001/XMLSchema-instance" identifier="96b9ba52-d6f0-4b84-ac77-b992d0dc2af7" xsi:schemaLocation="http://www.imsglobal.org/xsd/imsccv1p1/imscp_v1p1 http://www.imsglobal.org/xsd/imscp_v1p1.xsd http://ltsc.ieee.org/xsd/imsccv1p1/LOM/resource http://www.imsglobal.org/profile/cc/ccv1p1/LOM/ccv1p1_lomresource_v1p0.xsd http://www.imsglobal.org/xsd/imsmd_v1p2 http://www.imsglobal.org/xsd/imsmd_v1p2p2.xsd">
	<metadata>
		<schema>IMS Content</schema>
		<schemaversion>1.1.3</schemaversion>
		<imsmd:lom>
			<imsmd:general>
				<imsmd:title>
					<imsmd:string>Chapter 9 Quiz 4 - Sequential and Binary Search</imsmd:string>
				</imsmd:title>
			</imsmd:general>
			<imsmd:lifeCycle>
				<imsmd:contribute>
					<imsmd:date>
						<imsmd:dateTime>2026-01-05</imsmd:dateTime>
					</imsmd:date>
				</imsmd:contribute>
			</imsmd:lifeCycle>
		</imsmd:lom>
	</metadata>
	<organizations/>
	<resources>
		<resource identifier="3cc0a529-d628-4947-aa53-ea76b7ddab30" type="imsqti_xmlv1p2">
			<file href="3cc0a529-d628-4947-aa53-ea76b7ddab30/3cc0a529-d628-4947-aa53-ea76b7ddab30.xml"/>
			<dependency identifierref="054e78fa-5936-4bce-aea1-3a46c1d9bec0"/>
		</resource>
		<resource identifier="054e78fa-5936-4bce-aea1-3a46c1d9bec0" type="associatedcontent/imscc_xmlv1p1/learning-application-resource" href="3cc0a529-d628-4947-aa53-ea76b7ddab30/assessment_meta.xml">
			<file href="3cc0a529-d628-4947-aa53-ea76b7ddab30/assessment_meta.xml"/>
		</resource>
	</resources>
</manifest>
