<?xml version="1.0"?>
<questestinterop xmlns="http://www.imsglobal.org/xsd/ims_qtiasiv1p2" xmlns:xsi="http://www.w3.org/2001/XMLSchema-instance" xsi:schemaLocation="http://www.imsglobal.org/xsd/ims_qtiasiv1p2 http://www.imsglobal.org/xsd/ims_qtiasiv1p2p1.xsd"><assessment ident="assessment_1d443d1b" title="Thanksgiving Turkey Preparation Quiz"><qtimetadata><qtimetadatafield><fieldlabel>cc_maxattempts</fieldlabel><fieldentry>1</fieldentry></qtimetadatafield></qtimetadata><section ident="root_section"><item ident="stim_safety" title="Q01"><itemmetadata><qtimetadata><qtimetadatafield><fieldlabel>question_type</fieldlabel><fieldentry>text_only_question</fieldentry></qtimetadatafield><qtimetadatafield><fieldlabel>points_possible</fieldlabel><fieldentry>0.0</fieldentry></qtimetadatafield></qtimetadata></itemmetadata><presentation><material><mattext texttype="text/html">&lt;div style="margin:10px 0;"&gt;&lt;div style="font-family: inherit; font-size:0.95em; padding:14px 18px; background:#fff; border:1px solid #d9d9d9; border-left:5px solid #4b79ff; line-height:1.6;"&gt;&lt;p style="margin: 0 0 0.9em 0; line-height: 1.6;"&gt;&lt;span style="font-size: 0.85em; font-style: italic; color: #999; font-weight: normal;"&gt;[1]&lt;/span&gt;     Proper turkey preparation begins days before Thanksgiving. The USDA recommends thawing frozen turkeys in the refrigerator at 40°F or below, allowing approximately 24 hours of thawing time for every 4-5 pounds of turkey. A 16-pound turkey requires about 4 days to thaw completely. Never thaw a turkey at room temperature, as this creates ideal conditions for bacterial growth. Once thawed, a turkey can be safely refrigerated for an additional 1-2 days before cooking.&lt;/p&gt;&lt;/div&gt;&lt;/div&gt;</mattext></material></presentation></item><item ident="mc_thaw_time" title="Q02"><itemmetadata><qtimetadata><qtimetadatafield><fieldlabel>question_type</fieldlabel><fieldentry>multiple_choice_question</fieldentry></qtimetadatafield><qtimetadatafield><fieldlabel>calculator_type</fieldlabel><fieldentry>none</fieldentry></qtimetadatafield><qtimetadatafield><fieldlabel>points_possible</fieldlabel><fieldentry>4.0</fieldentry></qtimetadatafield><qtimetadatafield><fieldlabel>parent_stimulus_item_ident</fieldlabel><fieldentry>stim_safety</fieldentry></qtimetadatafield></qtimetadata></itemmetadata><presentation><material><mattext texttype="text/html">&lt;p&gt;Based on the passage, how long should you allow for thawing a 20-pound frozen turkey in the refrigerator?&lt;/p&gt;</mattext></material><response_lid ident="response1" rcardinality="Single"><render_choice><response_label ident="a"><material><mattext texttype="text/html">&lt;p&gt;3 days&lt;/p&gt;</mattext></material></response_label><response_label ident="b"><material><mattext texttype="text/html">&lt;p&gt;5 days&lt;/p&gt;</mattext></material></response_label><response_label ident="c"><material><mattext texttype="text/html">&lt;p&gt;2 days&lt;/p&gt;</mattext></material></response_label><response_label ident="d"><material><mattext texttype="text/html">&lt;p&gt;7 days&lt;/p&gt;</mattext></material></response_label></render_choice></response_lid></presentation><resprocessing><outcomes><decvar maxvalue="100" minvalue="0" varname="SCORE" vartype="Decimal" /></outcomes><respcondition continue="No"><conditionvar><varequal respident="response1">b</varequal></conditionvar><setvar action="Set" varname="SCORE">100</setvar></respcondition></resprocessing></item><item ident="tf_room_temp" title="Q03"><itemmetadata><qtimetadata><qtimetadatafield><fieldlabel>question_type</fieldlabel><fieldentry>true_false_question</fieldentry></qtimetadatafield><qtimetadatafield><fieldlabel>calculator_type</fieldlabel><fieldentry>none</fieldentry></qtimetadatafield><qtimetadatafield><fieldlabel>points_possible</fieldlabel><fieldentry>4.0</fieldentry></qtimetadatafield><qtimetadatafield><fieldlabel>parent_stimulus_item_ident</fieldlabel><fieldentry>stim_safety</fieldentry></qtimetadatafield></qtimetadata></itemmetadata><presentation><material><mattext texttype="text/html">&lt;p&gt;According to food safety guidelines, it is acceptable to thaw a turkey on the kitchen counter if you plan to cook it immediately.&lt;/p&gt;</mattext></material><response_lid ident="response1" rcardinality="Single"><render_choice><response_label ident="true"><material><mattext texttype="text/html">&lt;p&gt;True&lt;/p&gt;</mattext></material></response_label><response_label ident="false"><material><mattext texttype="text/html">&lt;p&gt;False&lt;/p&gt;</mattext></material></response_label></render_choice></response_lid></presentation><resprocessing><outcomes><decvar maxvalue="100" minvalue="0" varname="SCORE" vartype="Decimal" /></outcomes><respcondition continue="No"><conditionvar><varequal respident="response1">false</varequal></conditionvar><setvar action="Set" varname="SCORE">100</setvar></respcondition></resprocessing></item><item ident="numerical_temp" title="Q04"><itemmetadata><qtimetadata><qtimetadatafield><fieldlabel>question_type</fieldlabel><fieldentry>numerical_question</fieldentry></qtimetadatafield><qtimetadatafield><fieldlabel>calculator_type</fieldlabel><fieldentry>none</fieldentry></qtimetadatafield><qtimetadatafield><fieldlabel>points_possible</fieldlabel><fieldentry>4.0</fieldentry></qtimetadatafield><qtimetadatafield><fieldlabel>parent_stimulus_item_ident</fieldlabel><fieldentry>stim_safety</fieldentry></qtimetadatafield></qtimetadata></itemmetadata><presentation><material><mattext texttype="text/html">&lt;div style="margin:10px 0;"&gt;&lt;div style="font-family: inherit; font-size:0.95em; padding:14px 18px; background:#fff; border:1px solid #d9d9d9; border-left:5px solid #4b79ff; line-height:1.6;"&gt;&lt;p style="margin: 0 0 0.9em 0; line-height: 1.6;"&gt;&lt;span style="font-size: 0.85em; font-style: italic; color: #999; font-weight: normal;"&gt;[1]&lt;/span&gt;     What is the maximum safe refrigerator temperature in degrees Fahrenheit for thawing a turkey, according to the USDA?&lt;/p&gt;&lt;/div&gt;&lt;/div&gt;</mattext></material><response_str ident="response1" rcardinality="Single"><render_fib fibtype="Decimal"><response_label ident="answer1" /></render_fib></response_str></presentation><resprocessing><outcomes><decvar maxvalue="100" minvalue="0" varname="SCORE" vartype="Decimal" /></outcomes><respcondition continue="No"><conditionvar><or><varequal respident="response1">4.0E+1</varequal><and><vargte respident="response1">4.0E+1</vargte><varlte respident="response1">4.0E+1</varlte></and></or></conditionvar><setvar action="Set" varname="SCORE">100</setvar></respcondition></resprocessing></item><item ident="item_q05_c8fe5a63" title="Q05"><itemmetadata><qtimetadata><qtimetadatafield><fieldlabel>question_type</fieldlabel><fieldentry>STIMULUS_END</fieldentry></qtimetadatafield><qtimetadatafield><fieldlabel>points_possible</fieldlabel><fieldentry>0.0</fieldentry></qtimetadatafield></qtimetadata></itemmetadata><presentation><material><mattext texttype="text/html">&lt;p&gt;End of first stimulus.&lt;/p&gt;</mattext></material><response_lid ident="response1" rcardinality="Single"><render_choice /></response_lid></presentation><resprocessing><outcomes><decvar maxvalue="100" minvalue="0" varname="SCORE" vartype="Decimal" /></outcomes></resprocessing></item><item ident="ma_prep_steps" title="Q06"><itemmetadata><qtimetadata><qtimetadatafield><fieldlabel>question_type</fieldlabel><fieldentry>multiple_answers_question</fieldentry></qtimetadatafield><qtimetadatafield><fieldlabel>calculator_type</fieldlabel><fieldentry>none</fieldentry></qtimetadatafield><qtimetadatafield><fieldlabel>points_possible</fieldlabel><fieldentry>4.0</fieldentry></qtimetadatafield></qtimetadata></itemmetadata><presentation><material><mattext texttype="text/html">&lt;p&gt;Which of the following are essential steps when preparing a turkey for roasting? Select all that apply.&lt;/p&gt;</mattext></material><response_lid ident="response1" rcardinality="Multiple"><render_choice><response_label ident="a"><material><mattext texttype="text/html">&lt;p&gt;Rinse the turkey thoroughly under running water&lt;/p&gt;</mattext></material></response_label><response_label ident="b"><material><mattext texttype="text/html">&lt;p&gt;Season the turkey inside and out&lt;/p&gt;</mattext></material></response_label><response_label ident="c"><material><mattext texttype="text/html">&lt;p&gt;Remove the giblets and neck from the body cavity&lt;/p&gt;</mattext></material></response_label><response_label ident="d"><material><mattext texttype="text/html">&lt;p&gt;Pat the turkey dry with paper towels&lt;/p&gt;</mattext></material></response_label><response_label ident="e"><material><mattext texttype="text/html">&lt;p&gt;Soak the turkey in saltwater for 24 hours without refrigeration&lt;/p&gt;</mattext></material></response_label></render_choice></response_lid></presentation><resprocessing><outcomes><decvar maxvalue="100" minvalue="0" varname="SCORE" vartype="Decimal" /></outcomes><respcondition continue="Yes"><conditionvar><varequal respident="response1">b</varequal></conditionvar><setvar action="Add" varname="SCORE">33.33</setvar></respcondition><respcondition continue="Yes"><conditionvar><varequal respident="response1">c</varequal></conditionvar><setvar action="Add" varname="SCORE">33.33</setvar></respcondition><respcondition continue="Yes"><conditionvar><varequal respident="response1">d</varequal></conditionvar><setvar action="Add" varname="SCORE">33.34</setvar></respcondition></resprocessing></item><item ident="matching_terms" title="Q07"><itemmetadata><qtimetadata><qtimetadatafield><fieldlabel>question_type</fieldlabel><fieldentry>matching_question</fieldentry></qtimetadatafield><qtimetadatafield><fieldlabel>calculator_type</fieldlabel><fieldentry>none</fieldentry></qtimetadatafield><qtimetadatafield><fieldlabel>points_possible</fieldlabel><fieldentry>8.0</fieldentry></qtimetadatafield></qtimetadata></itemmetadata><presentation><material><mattext texttype="text/html">&lt;p&gt;Match each turkey preparation term with its correct definition.&lt;/p&gt;</mattext></material><response_lid ident="bb306085-ee4e-4641-a756-de46b2ac848e"><material><mattext texttype="text/plain">Brining</mattext></material><render_choice><response_label ident="1a95f8ef-6f3d-4631-93af-717643182ff4"><material><mattext texttype="text/plain">Soaking turkey in a saltwater solution to enhance moisture and flavor</mattext></material></response_label><response_label ident="c4ec586e-14b6-4ad6-8d59-1162f2433c9b"><material><mattext texttype="text/plain">Tying the legs and wings close to the body for even cooking</mattext></material></response_label><response_label ident="877dd6bc-4436-4f08-9555-99197bdd1f03"><material><mattext texttype="text/plain">Spooning pan juices over the turkey during roasting</mattext></material></response_label><response_label ident="74a9e254-5530-4117-aa71-0c4d4a2ad8e1"><material><mattext texttype="text/plain">Allowing the cooked turkey to sit before carving to retain juices</mattext></material></response_label></render_choice></response_lid><response_lid ident="8960c537-4a17-4b20-988d-3604ad04c5fa"><material><mattext texttype="text/plain">Trussing</mattext></material><render_choice><response_label ident="1a95f8ef-6f3d-4631-93af-717643182ff4"><material><mattext texttype="text/plain">Soaking turkey in a saltwater solution to enhance moisture and flavor</mattext></material></response_label><response_label ident="c4ec586e-14b6-4ad6-8d59-1162f2433c9b"><material><mattext texttype="text/plain">Tying the legs and wings close to the body for even cooking</mattext></material></response_label><response_label ident="877dd6bc-4436-4f08-9555-99197bdd1f03"><material><mattext texttype="text/plain">Spooning pan juices over the turkey during roasting</mattext></material></response_label><response_label ident="74a9e254-5530-4117-aa71-0c4d4a2ad8e1"><material><mattext texttype="text/plain">Allowing the cooked turkey to sit before carving to retain juices</mattext></material></response_label></render_choice></response_lid><response_lid ident="15a07ad7-adcf-4019-b228-a194795703a8"><material><mattext texttype="text/plain">Basting</mattext></material><render_choice><response_label ident="1a95f8ef-6f3d-4631-93af-717643182ff4"><material><mattext texttype="text/plain">Soaking turkey in a saltwater solution to enhance moisture and flavor</mattext></material></response_label><response_label ident="c4ec586e-14b6-4ad6-8d59-1162f2433c9b"><material><mattext texttype="text/plain">Tying the legs and wings close to the body for even cooking</mattext></material></response_label><response_label ident="877dd6bc-4436-4f08-9555-99197bdd1f03"><material><mattext texttype="text/plain">Spooning pan juices over the turkey during roasting</mattext></material></response_label><response_label ident="74a9e254-5530-4117-aa71-0c4d4a2ad8e1"><material><mattext texttype="text/plain">Allowing the cooked turkey to sit before carving to retain juices</mattext></material></response_label></render_choice></response_lid><response_lid ident="b3af0c5d-33e2-4bdd-84f4-f4f65c0899ef"><material><mattext texttype="text/plain">Resting</mattext></material><render_choice><response_label ident="1a95f8ef-6f3d-4631-93af-717643182ff4"><material><mattext texttype="text/plain">Soaking turkey in a saltwater solution to enhance moisture and flavor</mattext></material></response_label><response_label ident="c4ec586e-14b6-4ad6-8d59-1162f2433c9b"><material><mattext texttype="text/plain">Tying the legs and wings close to the body for even cooking</mattext></material></response_label><response_label ident="877dd6bc-4436-4f08-9555-99197bdd1f03"><material><mattext texttype="text/plain">Spooning pan juices over the turkey during roasting</mattext></material></response_label><response_label ident="74a9e254-5530-4117-aa71-0c4d4a2ad8e1"><material><mattext texttype="text/plain">Allowing the cooked turkey to sit before carving to retain juices</mattext></material></response_label></render_choice></response_lid></presentation><resprocessing><outcomes><decvar maxvalue="100" minvalue="0" varname="SCORE" vartype="Decimal" /></outcomes><respcondition><conditionvar><varequal respident="bb306085-ee4e-4641-a756-de46b2ac848e">1a95f8ef-6f3d-4631-93af-717643182ff4</varequal></conditionvar><setvar action="Add" varname="SCORE">25.00</setvar></respcondition><respcondition><conditionvar><varequal respident="8960c537-4a17-4b20-988d-3604ad04c5fa">c4ec586e-14b6-4ad6-8d59-1162f2433c9b</varequal></conditionvar><setvar action="Add" varname="SCORE">25.00</setvar></respcondition><respcondition><conditionvar><varequal respident="15a07ad7-adcf-4019-b228-a194795703a8">877dd6bc-4436-4f08-9555-99197bdd1f03</varequal></conditionvar><setvar action="Add" varname="SCORE">25.00</setvar></respcondition><respcondition><conditionvar><varequal respident="b3af0c5d-33e2-4bdd-84f4-f4f65c0899ef">74a9e254-5530-4117-aa71-0c4d4a2ad8e1</varequal></conditionvar><setvar action="Add" varname="SCORE">25.00</setvar></respcondition></resprocessing></item><item ident="fitb_internal_temp" title="Q08"><itemmetadata><qtimetadata><qtimetadatafield><fieldlabel>question_type</fieldlabel><fieldentry>fill_in_multiple_blanks_question</fieldentry></qtimetadatafield><qtimetadatafield><fieldlabel>calculator_type</fieldlabel><fieldentry>none</fieldentry></qtimetadatafield><qtimetadatafield><fieldlabel>points_possible</fieldlabel><fieldentry>4.0</fieldentry></qtimetadatafield></qtimetadata></itemmetadata><presentation><material><mattext texttype="text/html">&lt;p&gt;A turkey is safely cooked when the internal temperature reaches [6a9551417f2e4939b27da03d7e8ee44d] degrees Fahrenheit in the thickest part of the [6a9551417f2e4939b27da03d7e8ee44d] and the innermost part of the [6a9551417f2e4939b27da03d7e8ee44d].&lt;/p&gt;</mattext></material><response_lid ident="response_6a9551417f2e4939b27da03d7e8ee44d"><material><mattext>Question</mattext></material><render_choice><response_label scoring_algorithm="TextContainsAnswer" answer_type="openEntry" ident="6a9551417f2e4939b27da03d7e8ee44d-0"><material><mattext texttype="text/plain">165</mattext></material></response_label><response_label scoring_algorithm="TextContainsAnswer" answer_type="openEntry" ident="6a9551417f2e4939b27da03d7e8ee44d-1"><material><mattext texttype="text/plain">thigh</mattext></material></response_label><response_label scoring_algorithm="TextContainsAnswer" answer_type="openEntry" ident="6a9551417f2e4939b27da03d7e8ee44d-2"><material><mattext texttype="text/plain">leg</mattext></material></response_label><response_label scoring_algorithm="TextContainsAnswer" answer_type="openEntry" ident="6a9551417f2e4939b27da03d7e8ee44d-3"><material><mattext texttype="text/plain">wing</mattext></material></response_label><response_label scoring_algorithm="TextContainsAnswer" answer_type="openEntry" ident="6a9551417f2e4939b27da03d7e8ee44d-4"><material><mattext texttype="text/plain">breast</mattext></material></response_label></render_choice></response_lid></presentation><resprocessing><outcomes><decvar maxvalue="100" minvalue="0" varname="SCORE" vartype="Decimal" /></outcomes><respcondition><conditionvar><varequal respident="response_6a9551417f2e4939b27da03d7e8ee44d">6a9551417f2e4939b27da03d7e8ee44d-0</varequal></conditionvar><setvar action="Add" varname="SCORE">100.00</setvar></respcondition><respcondition><conditionvar><varequal respident="response_6a9551417f2e4939b27da03d7e8ee44d">6a9551417f2e4939b27da03d7e8ee44d-1</varequal></conditionvar><setvar action="Add" varname="SCORE">100.00</setvar></respcondition><respcondition><conditionvar><varequal respident="response_6a9551417f2e4939b27da03d7e8ee44d">6a9551417f2e4939b27da03d7e8ee44d-2</varequal></conditionvar><setvar action="Add" varname="SCORE">100.00</setvar></respcondition><respcondition><conditionvar><varequal respident="response_6a9551417f2e4939b27da03d7e8ee44d">6a9551417f2e4939b27da03d7e8ee44d-3</varequal></conditionvar><setvar action="Add" varname="SCORE">100.00</setvar></respcondition><respcondition><conditionvar><varequal respident="response_6a9551417f2e4939b27da03d7e8ee44d">6a9551417f2e4939b27da03d7e8ee44d-4</varequal></conditionvar><setvar action="Add" varname="SCORE">100.00</setvar></respcondition></resprocessing></item><item ident="mc_roasting_method" title="Q09"><itemmetadata><qtimetadata><qtimetadatafield><fieldlabel>question_type</fieldlabel><fieldentry>multiple_choice_question</fieldentry></qtimetadatafield><qtimetadatafield><fieldlabel>calculator_type</fieldlabel><fieldentry>none</fieldentry></qtimetadatafield><qtimetadatafield><fieldlabel>points_possible</fieldlabel><fieldentry>4.0</fieldentry></qtimetadatafield></qtimetadata></itemmetadata><presentation><material><mattext texttype="text/html">&lt;p&gt;What is the primary advantage of roasting a turkey breast-side down for the first half of cooking?&lt;/p&gt;</mattext></material><response_lid ident="response1" rcardinality="Single"><render_choice><response_label ident="a"><material><mattext texttype="text/html">&lt;p&gt;It prevents the skin from browning too quickly&lt;/p&gt;</mattext></material></response_label><response_label ident="b"><material><mattext texttype="text/html">&lt;p&gt;It eliminates the need for basting entirely&lt;/p&gt;</mattext></material></response_label><response_label ident="c"><material><mattext texttype="text/html">&lt;p&gt;It reduces the total cooking time by 30-40%&lt;/p&gt;</mattext></material></response_label><response_label ident="d"><material><mattext texttype="text/html">&lt;p&gt;It helps keep the breast meat moist by allowing juices to flow into it&lt;/p&gt;</mattext></material></response_label></render_choice></response_lid></presentation><resprocessing><outcomes><decvar maxvalue="100" minvalue="0" varname="SCORE" vartype="Decimal" /></outcomes><respcondition continue="No"><conditionvar><varequal respident="response1">d</varequal></conditionvar><setvar action="Set" varname="SCORE">100</setvar></respcondition></resprocessing></item><item ident="ordering_steps" title="Q10"><itemmetadata><qtimetadata><qtimetadatafield><fieldlabel>question_type</fieldlabel><fieldentry>ordering_question</fieldentry></qtimetadatafield><qtimetadatafield><fieldlabel>calculator_type</fieldlabel><fieldentry>none</fieldentry></qtimetadatafield><qtimetadatafield><fieldlabel>points_possible</fieldlabel><fieldentry>8.0</fieldentry></qtimetadatafield></qtimetadata></itemmetadata><presentation><material><mattext texttype="text/html">&lt;p&gt;Arrange the turkey preparation steps in the correct order from first to last.&lt;/p&gt;</mattext></material><response_lid ident="response1" rcardinality="Ordered"><render_extension><material position="top"><mattext>Arrange the turkey preparation steps in the correct order from first to last.</mattext></material><ims_render_object shuffle="No"><flow_label><response_label ident="f7bdf15b-02df-4e75-9701-5382769e5fe2"><material><mattext texttype="text/html">&lt;p&gt;Thaw the frozen turkey in the refrigerator&lt;/p&gt;</mattext></material></response_label><response_label ident="cd538a51-6dd2-47f2-8189-b408b116384c"><material><mattext texttype="text/html">&lt;p&gt;Remove giblets and neck from cavities&lt;/p&gt;</mattext></material></response_label><response_label ident="f76cab17-dca2-4cb2-8505-1b00894b8890"><material><mattext texttype="text/html">&lt;p&gt;Season the turkey with herbs and butter&lt;/p&gt;</mattext></material></response_label><response_label ident="eb399151-f1d3-4257-bd65-b60930263c5f"><material><mattext texttype="text/html">&lt;p&gt;Place turkey in roasting pan and into preheated oven&lt;/p&gt;</mattext></material></response_label><response_label ident="4fa6568f-e133-46c8-9b14-3d446db0c1a2"><material><mattext texttype="text/html">&lt;p&gt;Check internal temperature with meat thermometer&lt;/p&gt;</mattext></material></response_label><response_label ident="d6fb52f9-bbb6-4902-ae47-945beaac3038"><material><mattext texttype="text/html">&lt;p&gt;Let turkey rest for 20-30 minutes before carving&lt;/p&gt;</mattext></material></response_label></flow_label></ims_render_object><material position="bottom"><mattext /></material></render_extension></response_lid></presentation><resprocessing><outcomes><decvar maxvalue="100" minvalue="0" varname="SCORE" vartype="Decimal" /></outcomes><respcondition continue="No"><conditionvar><varequal respident="response1">f7bdf15b-02df-4e75-9701-5382769e5fe2</varequal><varequal respident="response1">cd538a51-6dd2-47f2-8189-b408b116384c</varequal><varequal respident="response1">f76cab17-dca2-4cb2-8505-1b00894b8890</varequal><varequal respident="response1">eb399151-f1d3-4257-bd65-b60930263c5f</varequal><varequal respident="response1">4fa6568f-e133-46c8-9b14-3d446db0c1a2</varequal><varequal respident="response1">d6fb52f9-bbb6-4902-ae47-945beaac3038</varequal></conditionvar><setvar action="Set" varname="SCORE">100</setvar></respcondition></resprocessing></item><item ident="tf_stuffing_safety" title="Q11"><itemmetadata><qtimetadata><qtimetadatafield><fieldlabel>question_type</fieldlabel><fieldentry>true_false_question</fieldentry></qtimetadatafield><qtimetadatafield><fieldlabel>calculator_type</fieldlabel><fieldentry>none</fieldentry></qtimetadatafield><qtimetadatafield><fieldlabel>points_possible</fieldlabel><fieldentry>4.0</fieldentry></qtimetadatafield></qtimetadata></itemmetadata><presentation><material><mattext texttype="text/html">&lt;p&gt;For food safety reasons, stuffing cooked inside a turkey must reach the same minimum internal temperature of 165°F as the turkey meat itself.&lt;/p&gt;</mattext></material><response_lid ident="response1" rcardinality="Single"><render_choice><response_label ident="true"><material><mattext texttype="text/html">&lt;p&gt;True&lt;/p&gt;</mattext></material></response_label><response_label ident="false"><material><mattext texttype="text/html">&lt;p&gt;False&lt;/p&gt;</mattext></material></response_label></render_choice></response_lid></presentation><resprocessing><outcomes><decvar maxvalue="100" minvalue="0" varname="SCORE" vartype="Decimal" /></outcomes><respcondition continue="No"><conditionvar><varequal respident="response1">true</varequal></conditionvar><setvar action="Set" varname="SCORE">100</setvar></respcondition></resprocessing></item><item ident="categorization_ingredients" title="Q12"><itemmetadata><qtimetadata><qtimetadatafield><fieldlabel>question_type</fieldlabel><fieldentry>categorization_question</fieldentry></qtimetadatafield><qtimetadatafield><fieldlabel>calculator_type</fieldlabel><fieldentry>none</fieldentry></qtimetadatafield><qtimetadatafield><fieldlabel>points_possible</fieldlabel><fieldentry>4.0</fieldentry></qtimetadatafield></qtimetadata></itemmetadata><presentation><material><mattext texttype="text/html">&lt;p&gt;Categorize each ingredient by its primary function in turkey preparation.&lt;/p&gt;</mattext></material><response_lid ident="64209344-073f-40e1-9187-5117fda27f92" rcardinality="Multiple"><material><mattext texttype="text/plain">Seasoning/Flavor</mattext></material><render_choice><response_label ident="57fe6735-e01b-4d18-b417-30627cd5f92a"><material><mattext texttype="text/plain">Kosher salt</mattext></material></response_label><response_label ident="e788927c-479b-4dde-9a9b-9ed5f26b445b"><material><mattext texttype="text/plain">Fresh rosemary</mattext></material></response_label><response_label ident="31e14e55-33bd-4481-9fb8-498ee3af8f9c"><material><mattext texttype="text/plain">Melted butter</mattext></material></response_label><response_label ident="9ebed118-1387-4aec-bb7d-a914c1a7a476"><material><mattext texttype="text/plain">Black pepper</mattext></material></response_label><response_label ident="fd5f86cd-182e-4885-8a53-c94477277df3"><material><mattext texttype="text/plain">Olive oil</mattext></material></response_label><response_label ident="515b497f-99f0-4e61-b53b-054f215c1126"><material><mattext texttype="text/plain">Apple cider brine</mattext></material></response_label></render_choice></response_lid><response_lid ident="8476fbf8-168c-4bfa-9309-1c57158f66d8" rcardinality="Multiple"><material><mattext texttype="text/plain">Moisture/Tenderizing</mattext></material><render_choice><response_label ident="57fe6735-e01b-4d18-b417-30627cd5f92a"><material><mattext texttype="text/plain">Kosher salt</mattext></material></response_label><response_label ident="e788927c-479b-4dde-9a9b-9ed5f26b445b"><material><mattext texttype="text/plain">Fresh rosemary</mattext></material></response_label><response_label ident="31e14e55-33bd-4481-9fb8-498ee3af8f9c"><material><mattext texttype="text/plain">Melted butter</mattext></material></response_label><response_label ident="9ebed118-1387-4aec-bb7d-a914c1a7a476"><material><mattext texttype="text/plain">Black pepper</mattext></material></response_label><response_label ident="fd5f86cd-182e-4885-8a53-c94477277df3"><material><mattext texttype="text/plain">Olive oil</mattext></material></response_label><response_label ident="515b497f-99f0-4e61-b53b-054f215c1126"><material><mattext texttype="text/plain">Apple cider brine</mattext></material></response_label></render_choice></response_lid><response_lid ident="862a3185-88ae-48f7-8d7f-c851f8249ebd" rcardinality="Multiple"><material><mattext texttype="text/plain">Browning/Appearance</mattext></material><render_choice><response_label ident="57fe6735-e01b-4d18-b417-30627cd5f92a"><material><mattext texttype="text/plain">Kosher salt</mattext></material></response_label><response_label ident="e788927c-479b-4dde-9a9b-9ed5f26b445b"><material><mattext texttype="text/plain">Fresh rosemary</mattext></material></response_label><response_label ident="31e14e55-33bd-4481-9fb8-498ee3af8f9c"><material><mattext texttype="text/plain">Melted butter</mattext></material></response_label><response_label ident="9ebed118-1387-4aec-bb7d-a914c1a7a476"><material><mattext texttype="text/plain">Black pepper</mattext></material></response_label><response_label ident="fd5f86cd-182e-4885-8a53-c94477277df3"><material><mattext texttype="text/plain">Olive oil</mattext></material></response_label><response_label ident="515b497f-99f0-4e61-b53b-054f215c1126"><material><mattext texttype="text/plain">Apple cider brine</mattext></material></response_label></render_choice></response_lid></presentation><resprocessing><outcomes><decvar maxvalue="100" minvalue="0" varname="SCORE" vartype="Decimal" /></outcomes><respcondition><conditionvar><varequal respident="64209344-073f-40e1-9187-5117fda27f92">e788927c-479b-4dde-9a9b-9ed5f26b445b</varequal><varequal respident="64209344-073f-40e1-9187-5117fda27f92">9ebed118-1387-4aec-bb7d-a914c1a7a476</varequal></conditionvar><setvar action="Add" varname="SCORE">33.33</setvar></respcondition><respcondition><conditionvar><varequal respident="8476fbf8-168c-4bfa-9309-1c57158f66d8">57fe6735-e01b-4d18-b417-30627cd5f92a</varequal><varequal respident="8476fbf8-168c-4bfa-9309-1c57158f66d8">515b497f-99f0-4e61-b53b-054f215c1126</varequal></conditionvar><setvar action="Add" varname="SCORE">33.33</setvar></respcondition><respcondition><conditionvar><varequal respident="862a3185-88ae-48f7-8d7f-c851f8249ebd">31e14e55-33bd-4481-9fb8-498ee3af8f9c</varequal><varequal respident="862a3185-88ae-48f7-8d7f-c851f8249ebd">fd5f86cd-182e-4885-8a53-c94477277df3</varequal></conditionvar><setvar action="Add" varname="SCORE">33.34</setvar></respcondition></resprocessing></item><item ident="stim_timing" title="Q13"><itemmetadata><qtimetadata><qtimetadatafield><fieldlabel>question_type</fieldlabel><fieldentry>text_only_question</fieldentry></qtimetadatafield><qtimetadatafield><fieldlabel>points_possible</fieldlabel><fieldentry>0.0</fieldentry></qtimetadatafield></qtimetadata></itemmetadata><presentation><material><mattext texttype="text/html">&lt;div style="margin:10px 0;"&gt;&lt;div style="font-family: inherit; font-size:0.95em; padding:14px 18px; background:#fff; border:1px solid #d9d9d9; border-left:5px solid #4b79ff; line-height:1.6;"&gt;&lt;p style="margin: 0 0 0.9em 0; line-height: 1.6;"&gt;&lt;span style="font-size: 0.85em; font-style: italic; color: #999; font-weight: normal;"&gt;[1]&lt;/span&gt;     Calculating cooking time is crucial for turkey preparation. The general rule is to roast an unstuffed turkey at 325°F for approximately 13-15 minutes per pound. A stuffed turkey requires 15-17 minutes per pound. For example, a 12-pound unstuffed turkey would need roughly 2.5 to 3 hours, while the same turkey stuffed would need 3 to 3.5 hours. Always verify doneness with a meat thermometer rather than relying solely on timing.&lt;/p&gt;&lt;/div&gt;&lt;/div&gt;</mattext></material></presentation></item><item ident="numerical_cooking_time" title="Q14"><itemmetadata><qtimetadata><qtimetadatafield><fieldlabel>question_type</fieldlabel><fieldentry>numerical_question</fieldentry></qtimetadatafield><qtimetadatafield><fieldlabel>calculator_type</fieldlabel><fieldentry>none</fieldentry></qtimetadatafield><qtimetadatafield><fieldlabel>points_possible</fieldlabel><fieldentry>4.0</fieldentry></qtimetadatafield><qtimetadatafield><fieldlabel>parent_stimulus_item_ident</fieldlabel><fieldentry>stim_timing</fieldentry></qtimetadatafield></qtimetadata></itemmetadata><presentation><material><mattext texttype="text/html">&lt;div style="margin:10px 0;"&gt;&lt;div style="font-family: inherit; font-size:0.95em; padding:14px 18px; background:#fff; border:1px solid #d9d9d9; border-left:5px solid #4b79ff; line-height:1.6;"&gt;&lt;p style="margin: 0 0 0.9em 0; line-height: 1.6;"&gt;&lt;span style="font-size: 0.85em; font-style: italic; color: #999; font-weight: normal;"&gt;[1]&lt;/span&gt;     Using the minimum recommended time, approximately how many total minutes would it take to roast an unstuffed 15-pound turkey at 325°F?&lt;/p&gt;&lt;/div&gt;&lt;/div&gt;</mattext></material><response_str ident="response1" rcardinality="Single"><render_fib fibtype="Decimal"><response_label ident="answer1" /></render_fib></response_str></presentation><resprocessing><outcomes><decvar maxvalue="100" minvalue="0" varname="SCORE" vartype="Decimal" /></outcomes><respcondition continue="No"><conditionvar><or><varequal respident="response1" margintype="absolute" margin="5.0">195.0</varequal><and><vargte respident="response1">1.9E+2</vargte><varlte respident="response1">2.0E+2</varlte></and></or></conditionvar><setvar action="Set" varname="SCORE">100</setvar></respcondition></resprocessing></item><item ident="mc_thermometer" title="Q15"><itemmetadata><qtimetadata><qtimetadatafield><fieldlabel>question_type</fieldlabel><fieldentry>multiple_choice_question</fieldentry></qtimetadatafield><qtimetadatafield><fieldlabel>calculator_type</fieldlabel><fieldentry>none</fieldentry></qtimetadatafield><qtimetadatafield><fieldlabel>points_possible</fieldlabel><fieldentry>4.0</fieldentry></qtimetadatafield><qtimetadatafield><fieldlabel>parent_stimulus_item_ident</fieldlabel><fieldentry>stim_timing</fieldentry></qtimetadatafield></qtimetadata></itemmetadata><presentation><material><mattext texttype="text/html">&lt;p&gt;Where should you insert a meat thermometer to get the most accurate reading of a turkey's doneness?&lt;/p&gt;</mattext></material><response_lid ident="response1" rcardinality="Single"><render_choice><response_label ident="a"><material><mattext texttype="text/html">&lt;p&gt;Into the center of the stuffing cavity&lt;/p&gt;</mattext></material></response_label><response_label ident="b"><material><mattext texttype="text/html">&lt;p&gt;Through the skin into the breast meat near the wing&lt;/p&gt;</mattext></material></response_label><response_label ident="c"><material><mattext texttype="text/html">&lt;p&gt;Into the thickest part of the thigh without touching bone&lt;/p&gt;</mattext></material></response_label><response_label ident="d"><material><mattext texttype="text/html">&lt;p&gt;Into the drumstick close to the bone&lt;/p&gt;</mattext></material></response_label></render_choice></response_lid></presentation><resprocessing><outcomes><decvar maxvalue="100" minvalue="0" varname="SCORE" vartype="Decimal" /></outcomes><respcondition continue="No"><conditionvar><varequal respident="response1">c</varequal></conditionvar><setvar action="Set" varname="SCORE">100</setvar></respcondition></resprocessing></item><item ident="item_q16_392681dc" title="Q16"><itemmetadata><qtimetadata><qtimetadatafield><fieldlabel>question_type</fieldlabel><fieldentry>STIMULUS_END</fieldentry></qtimetadatafield><qtimetadatafield><fieldlabel>points_possible</fieldlabel><fieldentry>0.0</fieldentry></qtimetadatafield></qtimetadata></itemmetadata><presentation><material><mattext texttype="text/html">&lt;p&gt;End of second stimulus.&lt;/p&gt;</mattext></material><response_lid ident="response1" rcardinality="Single"><render_choice /></response_lid></presentation><resprocessing><outcomes><decvar maxvalue="100" minvalue="0" varname="SCORE" vartype="Decimal" /></outcomes></resprocessing></item><item ident="fitb_resting" title="Q17"><itemmetadata><qtimetadata><qtimetadatafield><fieldlabel>question_type</fieldlabel><fieldentry>fill_in_multiple_blanks_question</fieldentry></qtimetadatafield><qtimetadatafield><fieldlabel>calculator_type</fieldlabel><fieldentry>none</fieldentry></qtimetadatafield><qtimetadatafield><fieldlabel>points_possible</fieldlabel><fieldentry>4.0</fieldentry></qtimetadatafield></qtimetadata></itemmetadata><presentation><material><mattext texttype="text/html">&lt;p&gt;After removing the turkey from the oven, you should let it rest for [f0f134c39a604d699d22b6f21ad6c948] to [f0f134c39a604d699d22b6f21ad6c948] minutes before carving to allow the juices to redistribute throughout the meat.&lt;/p&gt;</mattext></material><response_lid ident="response_f0f134c39a604d699d22b6f21ad6c948"><material><mattext>Question</mattext></material><render_choice><response_label scoring_algorithm="TextContainsAnswer" answer_type="openEntry" ident="f0f134c39a604d699d22b6f21ad6c948-0"><material><mattext texttype="text/plain">20</mattext></material></response_label><response_label scoring_algorithm="TextContainsAnswer" answer_type="openEntry" ident="f0f134c39a604d699d22b6f21ad6c948-1"><material><mattext texttype="text/plain">twenty</mattext></material></response_label><response_label scoring_algorithm="TextContainsAnswer" answer_type="openEntry" ident="f0f134c39a604d699d22b6f21ad6c948-2"><material><mattext texttype="text/plain">30</mattext></material></response_label><response_label scoring_algorithm="TextContainsAnswer" answer_type="openEntry" ident="f0f134c39a604d699d22b6f21ad6c948-3"><material><mattext texttype="text/plain">forty</mattext></material></response_label><response_label scoring_algorithm="TextContainsAnswer" answer_type="openEntry" ident="f0f134c39a604d699d22b6f21ad6c948-4"><material><mattext texttype="text/plain">45</mattext></material></response_label></render_choice></response_lid></presentation><resprocessing><outcomes><decvar maxvalue="100" minvalue="0" varname="SCORE" vartype="Decimal" /></outcomes><respcondition><conditionvar><varequal respident="response_f0f134c39a604d699d22b6f21ad6c948">f0f134c39a604d699d22b6f21ad6c948-0</varequal></conditionvar><setvar action="Add" varname="SCORE">100.00</setvar></respcondition><respcondition><conditionvar><varequal respident="response_f0f134c39a604d699d22b6f21ad6c948">f0f134c39a604d699d22b6f21ad6c948-1</varequal></conditionvar><setvar action="Add" varname="SCORE">100.00</setvar></respcondition><respcondition><conditionvar><varequal respident="response_f0f134c39a604d699d22b6f21ad6c948">f0f134c39a604d699d22b6f21ad6c948-2</varequal></conditionvar><setvar action="Add" varname="SCORE">100.00</setvar></respcondition><respcondition><conditionvar><varequal respident="response_f0f134c39a604d699d22b6f21ad6c948">f0f134c39a604d699d22b6f21ad6c948-3</varequal></conditionvar><setvar action="Add" varname="SCORE">100.00</setvar></respcondition><respcondition><conditionvar><varequal respident="response_f0f134c39a604d699d22b6f21ad6c948">f0f134c39a604d699d22b6f21ad6c948-4</varequal></conditionvar><setvar action="Add" varname="SCORE">100.00</setvar></respcondition></resprocessing></item><item ident="essay_troubleshoot" title="Q18"><itemmetadata><qtimetadata><qtimetadatafield><fieldlabel>question_type</fieldlabel><fieldentry>essay_question</fieldentry></qtimetadatafield><qtimetadatafield><fieldlabel>calculator_type</fieldlabel><fieldentry>none</fieldentry></qtimetadatafield><qtimetadatafield><fieldlabel>points_possible</fieldlabel><fieldentry>16.0</fieldentry></qtimetadatafield></qtimetadata></itemmetadata><presentation><material><mattext texttype="text/html">&lt;p&gt;Describe two common problems that can occur when roasting a turkey (such as dry breast meat or undercooked dark meat) and explain one technique for preventing each problem.&lt;/p&gt;</mattext></material><response_str ident="response1" rcardinality="Single"><render_fib><response_label ident="answer1" /></render_fib></response_str></presentation></item><item ident="fileupload_recipe" title="Q19"><itemmetadata><qtimetadata><qtimetadatafield><fieldlabel>question_type</fieldlabel><fieldentry>file_upload_question</fieldentry></qtimetadatafield><qtimetadatafield><fieldlabel>calculator_type</fieldlabel><fieldentry>none</fieldentry></qtimetadatafield><qtimetadatafield><fieldlabel>points_possible</fieldlabel><fieldentry>16.0</fieldentry></qtimetadatafield></qtimetadata></itemmetadata><presentation><material><mattext texttype="text/html">&lt;p&gt;Create and upload a detailed turkey preparation timeline/checklist for a Thanksgiving dinner served at 3:00 PM. Include thawing, prep work, cooking, and resting times.&lt;/p&gt;</mattext></material><response_str ident="response1" rcardinality="Single"><render_fib><response_label ident="answer1" /></render_fib></response_str></presentation></item><item ident="ma_food_safety" title="Q20"><itemmetadata><qtimetadata><qtimetadatafield><fieldlabel>question_type</fieldlabel><fieldentry>multiple_answers_question</fieldentry></qtimetadatafield><qtimetadatafield><fieldlabel>calculator_type</fieldlabel><fieldentry>none</fieldentry></qtimetadatafield><qtimetadatafield><fieldlabel>points_possible</fieldlabel><fieldentry>4.0</fieldentry></qtimetadatafield></qtimetadata></itemmetadata><presentation><material><mattext texttype="text/html">&lt;p&gt;Which of the following practices help prevent foodborne illness when handling raw turkey? Select all that apply.&lt;/p&gt;</mattext></material><response_lid ident="response1" rcardinality="Multiple"><render_choice><response_label ident="a"><material><mattext texttype="text/html">&lt;p&gt;Storing raw turkey on the top shelf of the refrigerator&lt;/p&gt;</mattext></material></response_label><response_label ident="b"><material><mattext texttype="text/html">&lt;p&gt;Using the same cutting board for raw turkey and vegetables without washing between uses&lt;/p&gt;</mattext></material></response_label><response_label ident="c"><material><mattext texttype="text/html">&lt;p&gt;Keeping raw turkey separate from ready-to-eat foods&lt;/p&gt;</mattext></material></response_label><response_label ident="d"><material><mattext texttype="text/html">&lt;p&gt;Washing hands with soap and water before and after handling raw turkey&lt;/p&gt;</mattext></material></response_label><response_label ident="e"><material><mattext texttype="text/html">&lt;p&gt;Sanitizing countertops and utensils that contacted raw turkey&lt;/p&gt;</mattext></material></response_label></render_choice></response_lid></presentation><resprocessing><outcomes><decvar maxvalue="100" minvalue="0" varname="SCORE" vartype="Decimal" /></outcomes><respcondition continue="Yes"><conditionvar><varequal respident="response1">c</varequal></conditionvar><setvar action="Add" varname="SCORE">33.33</setvar></respcondition><respcondition continue="Yes"><conditionvar><varequal respident="response1">d</varequal></conditionvar><setvar action="Add" varname="SCORE">33.33</setvar></respcondition><respcondition continue="Yes"><conditionvar><varequal respident="response1">e</varequal></conditionvar><setvar action="Add" varname="SCORE">33.34</setvar></respcondition></resprocessing></item><item ident="mc_carving" title="Q21"><itemmetadata><qtimetadata><qtimetadatafield><fieldlabel>question_type</fieldlabel><fieldentry>multiple_choice_question</fieldentry></qtimetadatafield><qtimetadatafield><fieldlabel>calculator_type</fieldlabel><fieldentry>none</fieldentry></qtimetadatafield><qtimetadatafield><fieldlabel>points_possible</fieldlabel><fieldentry>4.0</fieldentry></qtimetadatafield></qtimetadata></itemmetadata><presentation><material><mattext texttype="text/html">&lt;p&gt;What is the first step when carving a rested turkey?&lt;/p&gt;</mattext></material><response_lid ident="response1" rcardinality="Single"><render_choice><response_label ident="a"><material><mattext texttype="text/html">&lt;p&gt;Separate the wings from the breast section&lt;/p&gt;</mattext></material></response_label><response_label ident="b"><material><mattext texttype="text/html">&lt;p&gt;Remove the legs by cutting through the joint where the thigh meets the body&lt;/p&gt;</mattext></material></response_label><response_label ident="c"><material><mattext texttype="text/html">&lt;p&gt;Remove all the skin and discard it&lt;/p&gt;</mattext></material></response_label><response_label ident="d"><material><mattext texttype="text/html">&lt;p&gt;Slice the breast meat into thin, even pieces&lt;/p&gt;</mattext></material></response_label></render_choice></response_lid></presentation><resprocessing><outcomes><decvar maxvalue="100" minvalue="0" varname="SCORE" vartype="Decimal" /></outcomes><respcondition continue="No"><conditionvar><varequal respident="response1">b</varequal></conditionvar><setvar action="Set" varname="SCORE">100</setvar></respcondition></resprocessing></item></section></assessment></questestinterop>
