<?xml version="1.0"?>
<questestinterop xmlns="http://www.imsglobal.org/xsd/ims_qtiasiv1p2" xmlns:xsi="http://www.w3.org/2001/XMLSchema-instance" xsi:schemaLocation="http://www.imsglobal.org/xsd/ims_qtiasiv1p2 http://www.imsglobal.org/xsd/ims_qtiasiv1p2p1.xsd"><assessment ident="assessment_8cf1ed88" title="Chapter 10 Lesson 4 Quiz: Computer Number Systems"><qtimetadata><qtimetadatafield><fieldlabel>cc_maxattempts</fieldlabel><fieldentry>1</fieldentry></qtimetadatafield></qtimetadata><section ident="root_section"><item ident="l4q1" title="Q01"><itemmetadata><qtimetadata><qtimetadatafield><fieldlabel>question_type</fieldlabel><fieldentry>multiple_choice_question</fieldentry></qtimetadatafield><qtimetadatafield><fieldlabel>calculator_type</fieldlabel><fieldentry>none</fieldentry></qtimetadatafield><qtimetadatafield><fieldlabel>points_possible</fieldlabel><fieldentry>8.0</fieldentry></qtimetadatafield></qtimetadata></itemmetadata><presentation><material><mattext texttype="text/html">&lt;p&gt;What is a bit?&lt;/p&gt;</mattext></material><response_lid ident="response1" rcardinality="Single"><render_choice><response_label ident="a"><material><mattext texttype="text/html">&lt;p&gt;a group of 8 zeros or ones&lt;/p&gt;</mattext></material></response_label><response_label ident="b"><material><mattext texttype="text/html">&lt;p&gt;a decimal number&lt;/p&gt;</mattext></material></response_label><response_label ident="c"><material><mattext texttype="text/html">&lt;p&gt;a programming error&lt;/p&gt;</mattext></material></response_label><response_label ident="d"><material><mattext texttype="text/html">&lt;p&gt;a single binary digit (0 or 1)&lt;/p&gt;</mattext></material></response_label></render_choice></response_lid></presentation><resprocessing><outcomes><decvar maxvalue="100" minvalue="0" varname="SCORE" vartype="Decimal" /></outcomes><respcondition continue="No"><conditionvar><varequal respident="response1">d</varequal></conditionvar><setvar action="Set" varname="SCORE">100</setvar></respcondition></resprocessing></item><item ident="l4q2" title="Q02"><itemmetadata><qtimetadata><qtimetadatafield><fieldlabel>question_type</fieldlabel><fieldentry>multiple_choice_question</fieldentry></qtimetadatafield><qtimetadatafield><fieldlabel>calculator_type</fieldlabel><fieldentry>none</fieldentry></qtimetadatafield><qtimetadatafield><fieldlabel>points_possible</fieldlabel><fieldentry>8.0</fieldentry></qtimetadatafield></qtimetadata></itemmetadata><presentation><material><mattext texttype="text/html">&lt;p&gt;How many bits are in one byte?&lt;/p&gt;</mattext></material><response_lid ident="response1" rcardinality="Single"><render_choice><response_label ident="a"><material><mattext texttype="text/html">&lt;p&gt;16&lt;/p&gt;</mattext></material></response_label><response_label ident="b"><material><mattext texttype="text/html">&lt;p&gt;4&lt;/p&gt;</mattext></material></response_label><response_label ident="c"><material><mattext texttype="text/html">&lt;p&gt;32&lt;/p&gt;</mattext></material></response_label><response_label ident="d"><material><mattext texttype="text/html">&lt;p&gt;8&lt;/p&gt;</mattext></material></response_label></render_choice></response_lid></presentation><resprocessing><outcomes><decvar maxvalue="100" minvalue="0" varname="SCORE" vartype="Decimal" /></outcomes><respcondition continue="No"><conditionvar><varequal respident="response1">d</varequal></conditionvar><setvar action="Set" varname="SCORE">100</setvar></respcondition></resprocessing></item><item ident="l4q3" title="Q03"><itemmetadata><qtimetadata><qtimetadatafield><fieldlabel>question_type</fieldlabel><fieldentry>multiple_choice_question</fieldentry></qtimetadatafield><qtimetadatafield><fieldlabel>calculator_type</fieldlabel><fieldentry>none</fieldentry></qtimetadatafield><qtimetadatafield><fieldlabel>points_possible</fieldlabel><fieldentry>7.0</fieldentry></qtimetadatafield></qtimetadata></itemmetadata><presentation><material><mattext texttype="text/html">&lt;p&gt;In binary, what is the "base" of the numbering system?&lt;/p&gt;</mattext></material><response_lid ident="response1" rcardinality="Single"><render_choice><response_label ident="a"><material><mattext texttype="text/html">&lt;p&gt;10&lt;/p&gt;</mattext></material></response_label><response_label ident="b"><material><mattext texttype="text/html">&lt;p&gt;16&lt;/p&gt;</mattext></material></response_label><response_label ident="c"><material><mattext texttype="text/html">&lt;p&gt;8&lt;/p&gt;</mattext></material></response_label><response_label ident="d"><material><mattext texttype="text/html">&lt;p&gt;2&lt;/p&gt;</mattext></material></response_label></render_choice></response_lid></presentation><resprocessing><outcomes><decvar maxvalue="100" minvalue="0" varname="SCORE" vartype="Decimal" /></outcomes><respcondition continue="No"><conditionvar><varequal respident="response1">d</varequal></conditionvar><setvar action="Set" varname="SCORE">100</setvar></respcondition></resprocessing></item><item ident="l4q4" title="Q04"><itemmetadata><qtimetadata><qtimetadatafield><fieldlabel>question_type</fieldlabel><fieldentry>multiple_choice_question</fieldentry></qtimetadatafield><qtimetadatafield><fieldlabel>calculator_type</fieldlabel><fieldentry>none</fieldentry></qtimetadatafield><qtimetadatafield><fieldlabel>points_possible</fieldlabel><fieldentry>7.0</fieldentry></qtimetadatafield></qtimetadata></itemmetadata><presentation><material><mattext texttype="text/html">&lt;p&gt;What is the decimal "base" of our normal numbering system?&lt;/p&gt;</mattext></material><response_lid ident="response1" rcardinality="Single"><render_choice><response_label ident="a"><material><mattext texttype="text/html">&lt;p&gt;16&lt;/p&gt;</mattext></material></response_label><response_label ident="b"><material><mattext texttype="text/html">&lt;p&gt;10&lt;/p&gt;</mattext></material></response_label><response_label ident="c"><material><mattext texttype="text/html">&lt;p&gt;8&lt;/p&gt;</mattext></material></response_label><response_label ident="d"><material><mattext texttype="text/html">&lt;p&gt;2&lt;/p&gt;</mattext></material></response_label></render_choice></response_lid></presentation><resprocessing><outcomes><decvar maxvalue="100" minvalue="0" varname="SCORE" vartype="Decimal" /></outcomes><respcondition continue="No"><conditionvar><varequal respident="response1">b</varequal></conditionvar><setvar action="Set" varname="SCORE">100</setvar></respcondition></resprocessing></item><item ident="l4q5" title="Q05"><itemmetadata><qtimetadata><qtimetadatafield><fieldlabel>question_type</fieldlabel><fieldentry>multiple_choice_question</fieldentry></qtimetadatafield><qtimetadatafield><fieldlabel>calculator_type</fieldlabel><fieldentry>none</fieldentry></qtimetadatafield><qtimetadatafield><fieldlabel>points_possible</fieldlabel><fieldentry>7.0</fieldentry></qtimetadatafield></qtimetadata></itemmetadata><presentation><material><mattext texttype="text/html">&lt;p&gt;How many kilobytes are in one megabyte?&lt;/p&gt;</mattext></material><response_lid ident="response1" rcardinality="Single"><render_choice><response_label ident="a"><material><mattext texttype="text/html">&lt;p&gt;1000&lt;/p&gt;</mattext></material></response_label><response_label ident="b"><material><mattext texttype="text/html">&lt;p&gt;10000&lt;/p&gt;</mattext></material></response_label><response_label ident="c"><material><mattext texttype="text/html">&lt;p&gt;1024&lt;/p&gt;</mattext></material></response_label><response_label ident="d"><material><mattext texttype="text/html">&lt;p&gt;100&lt;/p&gt;</mattext></material></response_label></render_choice></response_lid></presentation><resprocessing><outcomes><decvar maxvalue="100" minvalue="0" varname="SCORE" vartype="Decimal" /></outcomes><respcondition continue="No"><conditionvar><varequal respident="response1">c</varequal></conditionvar><setvar action="Set" varname="SCORE">100</setvar></respcondition></resprocessing></item><item ident="l4q6" title="Q06"><itemmetadata><qtimetadata><qtimetadatafield><fieldlabel>question_type</fieldlabel><fieldentry>multiple_choice_question</fieldentry></qtimetadatafield><qtimetadatafield><fieldlabel>calculator_type</fieldlabel><fieldentry>none</fieldentry></qtimetadatafield><qtimetadatafield><fieldlabel>points_possible</fieldlabel><fieldentry>7.0</fieldentry></qtimetadatafield></qtimetadata></itemmetadata><presentation><material><mattext texttype="text/html">&lt;p&gt;In binary counting, what happens when you add 1 to binary 011?&lt;/p&gt;</mattext></material><response_lid ident="response1" rcardinality="Single"><render_choice><response_label ident="a"><material><mattext texttype="text/html">&lt;p&gt;you get 100&lt;/p&gt;</mattext></material></response_label><response_label ident="b"><material><mattext texttype="text/html">&lt;p&gt;you get 012&lt;/p&gt;</mattext></material></response_label><response_label ident="c"><material><mattext texttype="text/html">&lt;p&gt;you get 111&lt;/p&gt;</mattext></material></response_label><response_label ident="d"><material><mattext texttype="text/html">&lt;p&gt;you get 010&lt;/p&gt;</mattext></material></response_label></render_choice></response_lid></presentation><resprocessing><outcomes><decvar maxvalue="100" minvalue="0" varname="SCORE" vartype="Decimal" /></outcomes><respcondition continue="No"><conditionvar><varequal respident="response1">a</varequal></conditionvar><setvar action="Set" varname="SCORE">100</setvar></respcondition></resprocessing></item><item ident="l4q7" title="Q07"><itemmetadata><qtimetadata><qtimetadatafield><fieldlabel>question_type</fieldlabel><fieldentry>multiple_choice_question</fieldentry></qtimetadatafield><qtimetadatafield><fieldlabel>calculator_type</fieldlabel><fieldentry>none</fieldentry></qtimetadatafield><qtimetadatafield><fieldlabel>points_possible</fieldlabel><fieldentry>7.0</fieldentry></qtimetadatafield></qtimetadata></itemmetadata><presentation><material><mattext texttype="text/html">&lt;p&gt;In the 4-bit "8-4-2-1" conversion shortcut, what decimal weight does the leftmost bit represent?&lt;/p&gt;</mattext></material><response_lid ident="response1" rcardinality="Single"><render_choice><response_label ident="a"><material><mattext texttype="text/html">&lt;p&gt;8&lt;/p&gt;</mattext></material></response_label><response_label ident="b"><material><mattext texttype="text/html">&lt;p&gt;2&lt;/p&gt;</mattext></material></response_label><response_label ident="c"><material><mattext texttype="text/html">&lt;p&gt;1&lt;/p&gt;</mattext></material></response_label><response_label ident="d"><material><mattext texttype="text/html">&lt;p&gt;4&lt;/p&gt;</mattext></material></response_label></render_choice></response_lid></presentation><resprocessing><outcomes><decvar maxvalue="100" minvalue="0" varname="SCORE" vartype="Decimal" /></outcomes><respcondition continue="No"><conditionvar><varequal respident="response1">a</varequal></conditionvar><setvar action="Set" varname="SCORE">100</setvar></respcondition></resprocessing></item><item ident="l4q8" title="Q08"><itemmetadata><qtimetadata><qtimetadatafield><fieldlabel>question_type</fieldlabel><fieldentry>multiple_choice_question</fieldentry></qtimetadatafield><qtimetadatafield><fieldlabel>calculator_type</fieldlabel><fieldentry>none</fieldentry></qtimetadatafield><qtimetadatafield><fieldlabel>points_possible</fieldlabel><fieldentry>7.0</fieldentry></qtimetadatafield></qtimetadata></itemmetadata><presentation><material><mattext texttype="text/html">&lt;p&gt;Using the "8-4-2-1" shortcut, what is binary 1010 in decimal?&lt;/p&gt;</mattext></material><response_lid ident="response1" rcardinality="Single"><render_choice><response_label ident="a"><material><mattext texttype="text/html">&lt;p&gt;10&lt;/p&gt;</mattext></material></response_label><response_label ident="b"><material><mattext texttype="text/html">&lt;p&gt;12&lt;/p&gt;</mattext></material></response_label><response_label ident="c"><material><mattext texttype="text/html">&lt;p&gt;14&lt;/p&gt;</mattext></material></response_label><response_label ident="d"><material><mattext texttype="text/html">&lt;p&gt;8&lt;/p&gt;</mattext></material></response_label></render_choice></response_lid></presentation><resprocessing><outcomes><decvar maxvalue="100" minvalue="0" varname="SCORE" vartype="Decimal" /></outcomes><respcondition continue="No"><conditionvar><varequal respident="response1">a</varequal></conditionvar><setvar action="Set" varname="SCORE">100</setvar></respcondition></resprocessing></item><item ident="l4q9" title="Q09"><itemmetadata><qtimetadata><qtimetadatafield><fieldlabel>question_type</fieldlabel><fieldentry>multiple_choice_question</fieldentry></qtimetadatafield><qtimetadatafield><fieldlabel>calculator_type</fieldlabel><fieldentry>none</fieldentry></qtimetadatafield><qtimetadatafield><fieldlabel>points_possible</fieldlabel><fieldentry>7.0</fieldentry></qtimetadatafield></qtimetadata></itemmetadata><presentation><material><mattext texttype="text/html">&lt;p&gt;What is the decimal value of binary 0101?&lt;/p&gt;</mattext></material><response_lid ident="response1" rcardinality="Single"><render_choice><response_label ident="a"><material><mattext texttype="text/html">&lt;p&gt;9&lt;/p&gt;</mattext></material></response_label><response_label ident="b"><material><mattext texttype="text/html">&lt;p&gt;3&lt;/p&gt;</mattext></material></response_label><response_label ident="c"><material><mattext texttype="text/html">&lt;p&gt;5&lt;/p&gt;</mattext></material></response_label><response_label ident="d"><material><mattext texttype="text/html">&lt;p&gt;7&lt;/p&gt;</mattext></material></response_label></render_choice></response_lid></presentation><resprocessing><outcomes><decvar maxvalue="100" minvalue="0" varname="SCORE" vartype="Decimal" /></outcomes><respcondition continue="No"><conditionvar><varequal respident="response1">c</varequal></conditionvar><setvar action="Set" varname="SCORE">100</setvar></respcondition></resprocessing></item><item ident="l4q10" title="Q10"><itemmetadata><qtimetadata><qtimetadatafield><fieldlabel>question_type</fieldlabel><fieldentry>multiple_choice_question</fieldentry></qtimetadatafield><qtimetadatafield><fieldlabel>calculator_type</fieldlabel><fieldentry>none</fieldentry></qtimetadatafield><qtimetadatafield><fieldlabel>points_possible</fieldlabel><fieldentry>7.0</fieldentry></qtimetadatafield></qtimetadata></itemmetadata><presentation><material><mattext texttype="text/html">&lt;p&gt;To convert decimal to binary, you repeatedly&lt;/p&gt;</mattext></material><response_lid ident="response1" rcardinality="Single"><render_choice><response_label ident="a"><material><mattext texttype="text/html">&lt;p&gt;multiply by 2&lt;/p&gt;</mattext></material></response_label><response_label ident="b"><material><mattext texttype="text/html">&lt;p&gt;subtract powers of 2&lt;/p&gt;</mattext></material></response_label><response_label ident="c"><material><mattext texttype="text/html">&lt;p&gt;add powers of 2&lt;/p&gt;</mattext></material></response_label><response_label ident="d"><material><mattext texttype="text/html">&lt;p&gt;divide by 2 and track remainders&lt;/p&gt;</mattext></material></response_label></render_choice></response_lid></presentation><resprocessing><outcomes><decvar maxvalue="100" minvalue="0" varname="SCORE" vartype="Decimal" /></outcomes><respcondition continue="No"><conditionvar><varequal respident="response1">b</varequal></conditionvar><setvar action="Set" varname="SCORE">100</setvar></respcondition></resprocessing></item><item ident="l4q11" title="Q11"><itemmetadata><qtimetadata><qtimetadatafield><fieldlabel>question_type</fieldlabel><fieldentry>multiple_choice_question</fieldentry></qtimetadatafield><qtimetadatafield><fieldlabel>calculator_type</fieldlabel><fieldentry>none</fieldentry></qtimetadatafield><qtimetadatafield><fieldlabel>points_possible</fieldlabel><fieldentry>7.0</fieldentry></qtimetadatafield></qtimetadata></itemmetadata><presentation><material><mattext texttype="text/html">&lt;p&gt;What is hexadecimal's base?&lt;/p&gt;</mattext></material><response_lid ident="response1" rcardinality="Single"><render_choice><response_label ident="a"><material><mattext texttype="text/html">&lt;p&gt;8&lt;/p&gt;</mattext></material></response_label><response_label ident="b"><material><mattext texttype="text/html">&lt;p&gt;10&lt;/p&gt;</mattext></material></response_label><response_label ident="c"><material><mattext texttype="text/html">&lt;p&gt;16&lt;/p&gt;</mattext></material></response_label><response_label ident="d"><material><mattext texttype="text/html">&lt;p&gt;2&lt;/p&gt;</mattext></material></response_label></render_choice></response_lid></presentation><resprocessing><outcomes><decvar maxvalue="100" minvalue="0" varname="SCORE" vartype="Decimal" /></outcomes><respcondition continue="No"><conditionvar><varequal respident="response1">c</varequal></conditionvar><setvar action="Set" varname="SCORE">100</setvar></respcondition></resprocessing></item><item ident="l4q12" title="Q12"><itemmetadata><qtimetadata><qtimetadatafield><fieldlabel>question_type</fieldlabel><fieldentry>multiple_choice_question</fieldentry></qtimetadatafield><qtimetadatafield><fieldlabel>calculator_type</fieldlabel><fieldentry>none</fieldentry></qtimetadatafield><qtimetadatafield><fieldlabel>points_possible</fieldlabel><fieldentry>7.0</fieldentry></qtimetadatafield></qtimetadata></itemmetadata><presentation><material><mattext texttype="text/html">&lt;p&gt;What is octal's base?&lt;/p&gt;</mattext></material><response_lid ident="response1" rcardinality="Single"><render_choice><response_label ident="a"><material><mattext texttype="text/html">&lt;p&gt;2&lt;/p&gt;</mattext></material></response_label><response_label ident="b"><material><mattext texttype="text/html">&lt;p&gt;10&lt;/p&gt;</mattext></material></response_label><response_label ident="c"><material><mattext texttype="text/html">&lt;p&gt;16&lt;/p&gt;</mattext></material></response_label><response_label ident="d"><material><mattext texttype="text/html">&lt;p&gt;8&lt;/p&gt;</mattext></material></response_label></render_choice></response_lid></presentation><resprocessing><outcomes><decvar maxvalue="100" minvalue="0" varname="SCORE" vartype="Decimal" /></outcomes><respcondition continue="No"><conditionvar><varequal respident="response1">d</varequal></conditionvar><setvar action="Set" varname="SCORE">100</setvar></respcondition></resprocessing></item><item ident="l4q13" title="Q13"><itemmetadata><qtimetadata><qtimetadatafield><fieldlabel>question_type</fieldlabel><fieldentry>multiple_choice_question</fieldentry></qtimetadatafield><qtimetadatafield><fieldlabel>calculator_type</fieldlabel><fieldentry>none</fieldentry></qtimetadatafield><qtimetadatafield><fieldlabel>points_possible</fieldlabel><fieldentry>7.0</fieldentry></qtimetadatafield></qtimetadata></itemmetadata><presentation><material><mattext texttype="text/html">&lt;p&gt;Why do computers naturally use binary?&lt;/p&gt;</mattext></material><response_lid ident="response1" rcardinality="Single"><render_choice><response_label ident="a"><material><mattext texttype="text/html">&lt;p&gt;programmers prefer it&lt;/p&gt;</mattext></material></response_label><response_label ident="b"><material><mattext texttype="text/html">&lt;p&gt;transistors represent on/off states&lt;/p&gt;</mattext></material></response_label><response_label ident="c"><material><mattext texttype="text/html">&lt;p&gt;binary math is easier&lt;/p&gt;</mattext></material></response_label><response_label ident="d"><material><mattext texttype="text/html">&lt;p&gt;decimal takes too much memory&lt;/p&gt;</mattext></material></response_label></render_choice></response_lid></presentation><resprocessing><outcomes><decvar maxvalue="100" minvalue="0" varname="SCORE" vartype="Decimal" /></outcomes><respcondition continue="No"><conditionvar><varequal respident="response1">b</varequal></conditionvar><setvar action="Set" varname="SCORE">100</setvar></respcondition></resprocessing></item><item ident="l4q14" title="Q14"><itemmetadata><qtimetadata><qtimetadatafield><fieldlabel>question_type</fieldlabel><fieldentry>multiple_choice_question</fieldentry></qtimetadatafield><qtimetadatafield><fieldlabel>calculator_type</fieldlabel><fieldentry>none</fieldentry></qtimetadatafield><qtimetadatafield><fieldlabel>points_possible</fieldlabel><fieldentry>7.0</fieldentry></qtimetadatafield></qtimetadata></itemmetadata><presentation><material><mattext texttype="text/html">&lt;p&gt;The same binary sequence representing different things (number, text, color) depending on how it's used is an example of&lt;/p&gt;</mattext></material><response_lid ident="response1" rcardinality="Single"><render_choice><response_label ident="a"><material><mattext texttype="text/html">&lt;p&gt;compilation&lt;/p&gt;</mattext></material></response_label><response_label ident="b"><material><mattext texttype="text/html">&lt;p&gt;encryption&lt;/p&gt;</mattext></material></response_label><response_label ident="c"><material><mattext texttype="text/html">&lt;p&gt;abstraction&lt;/p&gt;</mattext></material></response_label><response_label ident="d"><material><mattext texttype="text/html">&lt;p&gt;translation&lt;/p&gt;</mattext></material></response_label></render_choice></response_lid></presentation><resprocessing><outcomes><decvar maxvalue="100" minvalue="0" varname="SCORE" vartype="Decimal" /></outcomes><respcondition continue="No"><conditionvar><varequal respident="response1">c</varequal></conditionvar><setvar action="Set" varname="SCORE">100</setvar></respcondition></resprocessing></item></section></assessment></questestinterop>
