<?xml version="1.0"?>
<manifest xmlns="http://www.imsglobal.org/xsd/imsccv1p1/imscp_v1p1" xmlns:lom="http://ltsc.ieee.org/xsd/imsccv1p1/LOM/resource" xmlns:imsmd="http://www.imsglobal.org/xsd/imsmd_v1p2" xmlns:xsi="http://www.w3.org/2001/XMLSchema-instance" identifier="d2f83458-35a4-493a-a893-8985f07dedbf" xsi:schemaLocation="http://www.imsglobal.org/xsd/imsccv1p1/imscp_v1p1 http://www.imsglobal.org/xsd/imscp_v1p1.xsd http://ltsc.ieee.org/xsd/imsccv1p1/LOM/resource http://www.imsglobal.org/profile/cc/ccv1p1/LOM/ccv1p1_lomresource_v1p0.xsd http://www.imsglobal.org/xsd/imsmd_v1p2 http://www.imsglobal.org/xsd/imsmd_v1p2p2.xsd">
	<metadata>
		<schema>IMS Content</schema>
		<schemaversion>1.1.3</schemaversion>
		<imsmd:lom>
			<imsmd:general>
				<imsmd:title>
					<imsmd:string>Chapter 8, Lesson 3 - Break, Continue, and Else Quiz</imsmd:string>
				</imsmd:title>
			</imsmd:general>
			<imsmd:lifeCycle>
				<imsmd:contribute>
					<imsmd:date>
						<imsmd:dateTime>2025-11-20</imsmd:dateTime>
					</imsmd:date>
				</imsmd:contribute>
			</imsmd:lifeCycle>
		</imsmd:lom>
	</metadata>
	<organizations/>
	<resources>
		<resource identifier="393e4748-d69e-4e6b-a420-418dd9d136a0" type="imsqti_xmlv1p2">
			<file href="393e4748-d69e-4e6b-a420-418dd9d136a0/393e4748-d69e-4e6b-a420-418dd9d136a0.xml"/>
			<dependency identifierref="c0f4762e-725a-45fc-a83e-16d6ee0a940f"/>
		</resource>
		<resource identifier="c0f4762e-725a-45fc-a83e-16d6ee0a940f" type="associatedcontent/imscc_xmlv1p1/learning-application-resource" href="393e4748-d69e-4e6b-a420-418dd9d136a0/assessment_meta.xml">
			<file href="393e4748-d69e-4e6b-a420-418dd9d136a0/assessment_meta.xml"/>
		</resource>
	</resources>
</manifest>
