<?xml version="1.0"?>
<manifest xmlns="http://www.imsglobal.org/xsd/imsccv1p1/imscp_v1p1" xmlns:lom="http://ltsc.ieee.org/xsd/imsccv1p1/LOM/resource" xmlns:imsmd="http://www.imsglobal.org/xsd/imsmd_v1p2" xmlns:xsi="http://www.w3.org/2001/XMLSchema-instance" identifier="7f36dc09-6933-4624-a57e-4670a6c181b8" xsi:schemaLocation="http://www.imsglobal.org/xsd/imsccv1p1/imscp_v1p1 http://www.imsglobal.org/xsd/imscp_v1p1.xsd http://ltsc.ieee.org/xsd/imsccv1p1/LOM/resource http://www.imsglobal.org/profile/cc/ccv1p1/LOM/ccv1p1_lomresource_v1p0.xsd http://www.imsglobal.org/xsd/imsmd_v1p2 http://www.imsglobal.org/xsd/imsmd_v1p2p2.xsd">
	<metadata>
		<schema>IMS Content</schema>
		<schemaversion>1.1.3</schemaversion>
		<imsmd:lom>
			<imsmd:general>
				<imsmd:title>
					<imsmd:string>Christmas Quiz 5 - The Workshop Countdown (Revised Choices)</imsmd:string>
				</imsmd:title>
			</imsmd:general>
			<imsmd:lifeCycle>
				<imsmd:contribute>
					<imsmd:date>
						<imsmd:dateTime>2025-12-06</imsmd:dateTime>
					</imsmd:date>
				</imsmd:contribute>
			</imsmd:lifeCycle>
		</imsmd:lom>
	</metadata>
	<organizations/>
	<resources>
		<resource identifier="3fbee373-3fbd-4262-8eee-a088b407e0a9" type="imsqti_xmlv1p2">
			<file href="3fbee373-3fbd-4262-8eee-a088b407e0a9/3fbee373-3fbd-4262-8eee-a088b407e0a9.xml"/>
			<dependency identifierref="fc248cf0-75f8-429a-834f-da4597f7696b"/>
		</resource>
		<resource identifier="fc248cf0-75f8-429a-834f-da4597f7696b" type="associatedcontent/imscc_xmlv1p1/learning-application-resource" href="3fbee373-3fbd-4262-8eee-a088b407e0a9/assessment_meta.xml">
			<file href="3fbee373-3fbd-4262-8eee-a088b407e0a9/assessment_meta.xml"/>
		</resource>
	</resources>
</manifest>
