<?xml version="1.0"?>
<manifest xmlns="http://www.imsglobal.org/xsd/imsccv1p1/imscp_v1p1" xmlns:lom="http://ltsc.ieee.org/xsd/imsccv1p1/LOM/resource" xmlns:imsmd="http://www.imsglobal.org/xsd/imsmd_v1p2" xmlns:xsi="http://www.w3.org/2001/XMLSchema-instance" identifier="e46acace-ae64-417d-b407-967e13108e93" xsi:schemaLocation="http://www.imsglobal.org/xsd/imsccv1p1/imscp_v1p1 http://www.imsglobal.org/xsd/imscp_v1p1.xsd http://ltsc.ieee.org/xsd/imsccv1p1/LOM/resource http://www.imsglobal.org/profile/cc/ccv1p1/LOM/ccv1p1_lomresource_v1p0.xsd http://www.imsglobal.org/xsd/imsmd_v1p2 http://www.imsglobal.org/xsd/imsmd_v1p2p2.xsd">
	<metadata>
		<schema>IMS Content</schema>
		<schemaversion>1.1.3</schemaversion>
		<imsmd:lom>
			<imsmd:general>
				<imsmd:title>
					<imsmd:string>Attempt 9 - DocX All Types (13 Questions)</imsmd:string>
				</imsmd:title>
			</imsmd:general>
			<imsmd:lifeCycle>
				<imsmd:contribute>
					<imsmd:date>
						<imsmd:dateTime>2025-11-21</imsmd:dateTime>
					</imsmd:date>
				</imsmd:contribute>
			</imsmd:lifeCycle>
		</imsmd:lom>
	</metadata>
	<organizations/>
	<resources>
		<resource identifier="eadadf3f-da4f-4821-9de7-bfb88795fb86" type="imsqti_xmlv1p2">
			<file href="eadadf3f-da4f-4821-9de7-bfb88795fb86/eadadf3f-da4f-4821-9de7-bfb88795fb86.xml"/>
			<dependency identifierref="a768bc24-cd3c-40bf-8366-75b7b4a12fee"/>
		</resource>
		<resource identifier="a768bc24-cd3c-40bf-8366-75b7b4a12fee" type="associatedcontent/imscc_xmlv1p1/learning-application-resource" href="eadadf3f-da4f-4821-9de7-bfb88795fb86/assessment_meta.xml">
			<file href="eadadf3f-da4f-4821-9de7-bfb88795fb86/assessment_meta.xml"/>
		</resource>
	</resources>
</manifest>
