<?xml version="1.0"?>
<questestinterop xmlns="http://www.imsglobal.org/xsd/ims_qtiasiv1p2" xmlns:xsi="http://www.w3.org/2001/XMLSchema-instance" xsi:schemaLocation="http://www.imsglobal.org/xsd/ims_qtiasiv1p2 http://www.imsglobal.org/xsd/ims_qtiasiv1p2p1.xsd"><assessment ident="assessment_f286241f" title="The Monsters Are Due on Maple Street - Act 1 Reading Quiz"><qtimetadata><qtimetadatafield><fieldlabel>cc_maxattempts</fieldlabel><fieldentry>1</fieldentry></qtimetadatafield></qtimetadata><section ident="root_section"><item ident="mc1" title="Q01"><itemmetadata><qtimetadata><qtimetadatafield><fieldlabel>question_type</fieldlabel><fieldentry>multiple_choice_question</fieldentry></qtimetadatafield><qtimetadatafield><fieldlabel>calculator_type</fieldlabel><fieldentry>none</fieldentry></qtimetadatafield><qtimetadatafield><fieldlabel>points_possible</fieldlabel><fieldentry>6.0</fieldentry></qtimetadatafield></qtimetadata></itemmetadata><presentation><material><mattext texttype="text/html">&lt;p&gt;What event first disrupts the calm atmosphere on Maple Street?&lt;/p&gt;</mattext></material><response_lid ident="response1" rcardinality="Single"><render_choice><response_label ident="a"><material><mattext texttype="text/html">&lt;p&gt;A police car suddenly drives through the neighborhood&lt;/p&gt;</mattext></material></response_label><response_label ident="b"><material><mattext texttype="text/html">&lt;p&gt;A loud argument breaks out between several neighbors on the street&lt;/p&gt;</mattext></material></response_label><response_label ident="c"><material><mattext texttype="text/html">&lt;p&gt;A house alarm begins ringing without explanation&lt;/p&gt;</mattext></material></response_label><response_label ident="d"><material><mattext texttype="text/html">&lt;p&gt;A strange flash of light moves across the sky&lt;/p&gt;</mattext></material></response_label></render_choice></response_lid></presentation><resprocessing><outcomes><decvar maxvalue="100" minvalue="0" varname="SCORE" vartype="Decimal" /></outcomes><respcondition continue="No"><conditionvar><varequal respident="response1">d</varequal></conditionvar><setvar action="Set" varname="SCORE">100</setvar></respcondition></resprocessing></item><item ident="mc2" title="Q02"><itemmetadata><qtimetadata><qtimetadatafield><fieldlabel>question_type</fieldlabel><fieldentry>multiple_choice_question</fieldentry></qtimetadatafield><qtimetadatafield><fieldlabel>calculator_type</fieldlabel><fieldentry>none</fieldentry></qtimetadatafield><qtimetadatafield><fieldlabel>points_possible</fieldlabel><fieldentry>6.0</fieldentry></qtimetadatafield></qtimetadata></itemmetadata><presentation><material><mattext texttype="text/html">&lt;p&gt;Which detail best shows that something is wrong in the neighborhood?&lt;/p&gt;</mattext></material><response_lid ident="response1" rcardinality="Single"><render_choice><response_label ident="a"><material><mattext texttype="text/html">&lt;p&gt;Children continue playing games in the street as usual&lt;/p&gt;</mattext></material></response_label><response_label ident="b"><material><mattext texttype="text/html">&lt;p&gt;The sun begins to set at the end of the day&lt;/p&gt;</mattext></material></response_label><response_label ident="c"><material><mattext texttype="text/html">&lt;p&gt;The electricity and phones stop working&lt;/p&gt;</mattext></material></response_label><response_label ident="d"><material><mattext texttype="text/html">&lt;p&gt;Neighbors sit calmly on their porches talking with each other&lt;/p&gt;</mattext></material></response_label></render_choice></response_lid></presentation><resprocessing><outcomes><decvar maxvalue="100" minvalue="0" varname="SCORE" vartype="Decimal" /></outcomes><respcondition continue="No"><conditionvar><varequal respident="response1">c</varequal></conditionvar><setvar action="Set" varname="SCORE">100</setvar></respcondition></resprocessing></item><item ident="mc3" title="Q03"><itemmetadata><qtimetadata><qtimetadatafield><fieldlabel>question_type</fieldlabel><fieldentry>multiple_choice_question</fieldentry></qtimetadatafield><qtimetadatafield><fieldlabel>calculator_type</fieldlabel><fieldentry>none</fieldentry></qtimetadatafield><qtimetadatafield><fieldlabel>points_possible</fieldlabel><fieldentry>6.0</fieldentry></qtimetadatafield></qtimetadata></itemmetadata><presentation><material><mattext texttype="text/html">&lt;p&gt;Why do Steve and Charlie decide to go into town?&lt;/p&gt;</mattext></material><response_lid ident="response1" rcardinality="Single"><render_choice><response_label ident="a"><material><mattext texttype="text/html">&lt;p&gt;They want to check if the problem is happening elsewhere&lt;/p&gt;</mattext></material></response_label><response_label ident="b"><material><mattext texttype="text/html">&lt;p&gt;They believe the situation has already been solved&lt;/p&gt;</mattext></material></response_label><response_label ident="c"><material><mattext texttype="text/html">&lt;p&gt;They are ordered to leave by the other adults&lt;/p&gt;</mattext></material></response_label><response_label ident="d"><material><mattext texttype="text/html">&lt;p&gt;They plan to report their neighbors for acting strangely&lt;/p&gt;</mattext></material></response_label></render_choice></response_lid></presentation><resprocessing><outcomes><decvar maxvalue="100" minvalue="0" varname="SCORE" vartype="Decimal" /></outcomes><respcondition continue="No"><conditionvar><varequal respident="response1">a</varequal></conditionvar><setvar action="Set" varname="SCORE">100</setvar></respcondition></resprocessing></item><item ident="mc4" title="Q04"><itemmetadata><qtimetadata><qtimetadatafield><fieldlabel>question_type</fieldlabel><fieldentry>multiple_choice_question</fieldentry></qtimetadatafield><qtimetadatafield><fieldlabel>calculator_type</fieldlabel><fieldentry>none</fieldentry></qtimetadatafield><qtimetadatafield><fieldlabel>points_possible</fieldlabel><fieldentry>6.0</fieldentry></qtimetadatafield></qtimetadata></itemmetadata><presentation><material><mattext texttype="text/html">&lt;p&gt;What explanation do the adults first give for the power failure?&lt;/p&gt;</mattext></material><response_lid ident="response1" rcardinality="Single"><render_choice><response_label ident="a"><material><mattext texttype="text/html">&lt;p&gt;It might have been caused by a storm or sunspots&lt;/p&gt;</mattext></material></response_label><response_label ident="b"><material><mattext texttype="text/html">&lt;p&gt;Someone on the street cut the power lines on purpose&lt;/p&gt;</mattext></material></response_label><response_label ident="c"><material><mattext texttype="text/html">&lt;p&gt;Aliens are secretly controlling the neighborhood devices&lt;/p&gt;</mattext></material></response_label><response_label ident="d"><material><mattext texttype="text/html">&lt;p&gt;The government shut off power for an experiment&lt;/p&gt;</mattext></material></response_label></render_choice></response_lid></presentation><resprocessing><outcomes><decvar maxvalue="100" minvalue="0" varname="SCORE" vartype="Decimal" /></outcomes><respcondition continue="No"><conditionvar><varequal respident="response1">a</varequal></conditionvar><setvar action="Set" varname="SCORE">100</setvar></respcondition></resprocessing></item><item ident="mc5" title="Q05"><itemmetadata><qtimetadata><qtimetadatafield><fieldlabel>question_type</fieldlabel><fieldentry>multiple_choice_question</fieldentry></qtimetadatafield><qtimetadatafield><fieldlabel>calculator_type</fieldlabel><fieldentry>none</fieldentry></qtimetadatafield><qtimetadatafield><fieldlabel>points_possible</fieldlabel><fieldentry>6.0</fieldentry></qtimetadatafield></qtimetadata></itemmetadata><presentation><material><mattext texttype="text/html">&lt;p&gt;What idea does Tommy introduce that changes the mood of the group?&lt;/p&gt;</mattext></material><response_lid ident="response1" rcardinality="Single"><render_choice><response_label ident="a"><material><mattext texttype="text/html">&lt;p&gt;The problem will fix itself very soon&lt;/p&gt;</mattext></material></response_label><response_label ident="b"><material><mattext texttype="text/html">&lt;p&gt;Aliens may be behind the strange events on the street&lt;/p&gt;</mattext></material></response_label><response_label ident="c"><material><mattext texttype="text/html">&lt;p&gt;A storm damaged equipment in the neighborhood earlier that day&lt;/p&gt;</mattext></material></response_label><response_label ident="d"><material><mattext texttype="text/html">&lt;p&gt;The power company made a simple mistake&lt;/p&gt;</mattext></material></response_label></render_choice></response_lid></presentation><resprocessing><outcomes><decvar maxvalue="100" minvalue="0" varname="SCORE" vartype="Decimal" /></outcomes><respcondition continue="No"><conditionvar><varequal respident="response1">b</varequal></conditionvar><setvar action="Set" varname="SCORE">100</setvar></respcondition></resprocessing></item><item ident="mc6" title="Q06"><itemmetadata><qtimetadata><qtimetadatafield><fieldlabel>question_type</fieldlabel><fieldentry>multiple_choice_question</fieldentry></qtimetadatafield><qtimetadatafield><fieldlabel>calculator_type</fieldlabel><fieldentry>none</fieldentry></qtimetadatafield><qtimetadatafield><fieldlabel>points_possible</fieldlabel><fieldentry>6.0</fieldentry></qtimetadatafield></qtimetadata></itemmetadata><presentation><material><mattext texttype="text/html">&lt;p&gt;How do most adults react when Tommy first shares his theory?&lt;/p&gt;</mattext></material><response_lid ident="response1" rcardinality="Single"><render_choice><response_label ident="a"><material><mattext texttype="text/html">&lt;p&gt;They laugh and do not take him seriously&lt;/p&gt;</mattext></material></response_label><response_label ident="b"><material><mattext texttype="text/html">&lt;p&gt;They panic and begin accusing each other&lt;/p&gt;</mattext></material></response_label><response_label ident="c"><material><mattext texttype="text/html">&lt;p&gt;They quietly leave their homes without speaking&lt;/p&gt;</mattext></material></response_label><response_label ident="d"><material><mattext texttype="text/html">&lt;p&gt;They immediately believe every detail of his story&lt;/p&gt;</mattext></material></response_label></render_choice></response_lid></presentation><resprocessing><outcomes><decvar maxvalue="100" minvalue="0" varname="SCORE" vartype="Decimal" /></outcomes><respcondition continue="No"><conditionvar><varequal respident="response1">a</varequal></conditionvar><setvar action="Set" varname="SCORE">100</setvar></respcondition></resprocessing></item><item ident="mc7" title="Q07"><itemmetadata><qtimetadata><qtimetadatafield><fieldlabel>question_type</fieldlabel><fieldentry>multiple_choice_question</fieldentry></qtimetadatafield><qtimetadatafield><fieldlabel>calculator_type</fieldlabel><fieldentry>none</fieldentry></qtimetadatafield><qtimetadatafield><fieldlabel>points_possible</fieldlabel><fieldentry>6.0</fieldentry></qtimetadatafield></qtimetadata></itemmetadata><presentation><material><mattext texttype="text/html">&lt;p&gt;What detail makes the neighbors begin to suspect Les Goodman?&lt;/p&gt;</mattext></material><response_lid ident="response1" rcardinality="Single"><render_choice><response_label ident="a"><material><mattext texttype="text/html">&lt;p&gt;He refuses to talk to anyone on the street for a long time&lt;/p&gt;</mattext></material></response_label><response_label ident="b"><material><mattext texttype="text/html">&lt;p&gt;He openly accuses the other neighbors of wrongdoing&lt;/p&gt;</mattext></material></response_label><response_label ident="c"><material><mattext texttype="text/html">&lt;p&gt;He leaves the neighborhood without explanation&lt;/p&gt;</mattext></material></response_label><response_label ident="d"><material><mattext texttype="text/html">&lt;p&gt;His car starts when other machines do not&lt;/p&gt;</mattext></material></response_label></render_choice></response_lid></presentation><resprocessing><outcomes><decvar maxvalue="100" minvalue="0" varname="SCORE" vartype="Decimal" /></outcomes><respcondition continue="No"><conditionvar><varequal respident="response1">d</varequal></conditionvar><setvar action="Set" varname="SCORE">100</setvar></respcondition></resprocessing></item><item ident="mc8" title="Q08"><itemmetadata><qtimetadata><qtimetadatafield><fieldlabel>question_type</fieldlabel><fieldentry>multiple_choice_question</fieldentry></qtimetadatafield><qtimetadatafield><fieldlabel>calculator_type</fieldlabel><fieldentry>none</fieldentry></qtimetadatafield><qtimetadatafield><fieldlabel>points_possible</fieldlabel><fieldentry>6.0</fieldentry></qtimetadatafield></qtimetadata></itemmetadata><presentation><material><mattext texttype="text/html">&lt;p&gt;Why does Steve warn the neighbors not to act like a mob?&lt;/p&gt;</mattext></material><response_lid ident="response1" rcardinality="Single"><render_choice><response_label ident="a"><material><mattext texttype="text/html">&lt;p&gt;He already knows the true cause of the problem&lt;/p&gt;</mattext></material></response_label><response_label ident="b"><material><mattext texttype="text/html">&lt;p&gt;He is worried the police will punish everyone involved&lt;/p&gt;</mattext></material></response_label><response_label ident="c"><material><mattext texttype="text/html">&lt;p&gt;He believes fear is causing them to act without thinking&lt;/p&gt;</mattext></material></response_label><response_label ident="d"><material><mattext texttype="text/html">&lt;p&gt;He wants to protect Les Goodman because they are close friends&lt;/p&gt;</mattext></material></response_label></render_choice></response_lid></presentation><resprocessing><outcomes><decvar maxvalue="100" minvalue="0" varname="SCORE" vartype="Decimal" /></outcomes><respcondition continue="No"><conditionvar><varequal respident="response1">c</varequal></conditionvar><setvar action="Set" varname="SCORE">100</setvar></respcondition></resprocessing></item><item ident="mc9" title="Q09"><itemmetadata><qtimetadata><qtimetadatafield><fieldlabel>question_type</fieldlabel><fieldentry>multiple_choice_question</fieldentry></qtimetadatafield><qtimetadatafield><fieldlabel>calculator_type</fieldlabel><fieldentry>none</fieldentry></qtimetadatafield><qtimetadatafield><fieldlabel>points_possible</fieldlabel><fieldentry>5.0</fieldentry></qtimetadatafield></qtimetadata></itemmetadata><presentation><material><mattext texttype="text/html">&lt;p&gt;Which word best describes the neighbors behavior by the end of Act 1?&lt;/p&gt;</mattext></material><response_lid ident="response1" rcardinality="Single"><render_choice><response_label ident="a"><material><mattext texttype="text/html">&lt;p&gt;Completely uninterested in what is happening&lt;/p&gt;</mattext></material></response_label><response_label ident="b"><material><mattext texttype="text/html">&lt;p&gt;Suspicious&lt;/p&gt;</mattext></material></response_label><response_label ident="c"><material><mattext texttype="text/html">&lt;p&gt;Joyful because the problem is solved&lt;/p&gt;</mattext></material></response_label><response_label ident="d"><material><mattext texttype="text/html">&lt;p&gt;Relaxed and confident about the situation&lt;/p&gt;</mattext></material></response_label></render_choice></response_lid></presentation><resprocessing><outcomes><decvar maxvalue="100" minvalue="0" varname="SCORE" vartype="Decimal" /></outcomes><respcondition continue="No"><conditionvar><varequal respident="response1">b</varequal></conditionvar><setvar action="Set" varname="SCORE">100</setvar></respcondition></resprocessing></item><item ident="mc10" title="Q10"><itemmetadata><qtimetadata><qtimetadatafield><fieldlabel>question_type</fieldlabel><fieldentry>multiple_choice_question</fieldentry></qtimetadatafield><qtimetadatafield><fieldlabel>calculator_type</fieldlabel><fieldentry>none</fieldentry></qtimetadatafield><qtimetadatafield><fieldlabel>points_possible</fieldlabel><fieldentry>5.0</fieldentry></qtimetadatafield></qtimetadata></itemmetadata><presentation><material><mattext texttype="text/html">&lt;p&gt;What does the failure of technology mostly symbolize in Act 1?&lt;/p&gt;</mattext></material><response_lid ident="response1" rcardinality="Single"><render_choice><response_label ident="a"><material><mattext texttype="text/html">&lt;p&gt;The importance of modern machines in daily life only&lt;/p&gt;</mattext></material></response_label><response_label ident="b"><material><mattext texttype="text/html">&lt;p&gt;A permanent breakdown of society everywhere&lt;/p&gt;</mattext></material></response_label><response_label ident="c"><material><mattext texttype="text/html">&lt;p&gt;A planned test by scientists&lt;/p&gt;</mattext></material></response_label><response_label ident="d"><material><mattext texttype="text/html">&lt;p&gt;The loss of control and growing fear among the people&lt;/p&gt;</mattext></material></response_label></render_choice></response_lid></presentation><resprocessing><outcomes><decvar maxvalue="100" minvalue="0" varname="SCORE" vartype="Decimal" /></outcomes><respcondition continue="No"><conditionvar><varequal respident="response1">d</varequal></conditionvar><setvar action="Set" varname="SCORE">100</setvar></respcondition></resprocessing></item><item ident="mc11" title="Q11"><itemmetadata><qtimetadata><qtimetadatafield><fieldlabel>question_type</fieldlabel><fieldentry>multiple_choice_question</fieldentry></qtimetadatafield><qtimetadatafield><fieldlabel>calculator_type</fieldlabel><fieldentry>none</fieldentry></qtimetadatafield><qtimetadatafield><fieldlabel>points_possible</fieldlabel><fieldentry>5.0</fieldentry></qtimetadatafield></qtimetadata></itemmetadata><presentation><material><mattext texttype="text/html">&lt;p&gt;Which detail best supports the idea that fear is spreading?&lt;/p&gt;</mattext></material><response_lid ident="response1" rcardinality="Single"><render_choice><response_label ident="a"><material><mattext texttype="text/html">&lt;p&gt;Neighbors begin watching and accusing one another&lt;/p&gt;</mattext></material></response_label><response_label ident="b"><material><mattext texttype="text/html">&lt;p&gt;People calmly wait for help to arrive&lt;/p&gt;</mattext></material></response_label><response_label ident="c"><material><mattext texttype="text/html">&lt;p&gt;Children continue playing games without concern&lt;/p&gt;</mattext></material></response_label><response_label ident="d"><material><mattext texttype="text/html">&lt;p&gt;Everyone agrees on the same explanation&lt;/p&gt;</mattext></material></response_label></render_choice></response_lid></presentation><resprocessing><outcomes><decvar maxvalue="100" minvalue="0" varname="SCORE" vartype="Decimal" /></outcomes><respcondition continue="No"><conditionvar><varequal respident="response1">a</varequal></conditionvar><setvar action="Set" varname="SCORE">100</setvar></respcondition></resprocessing></item><item ident="mc12" title="Q12"><itemmetadata><qtimetadata><qtimetadatafield><fieldlabel>question_type</fieldlabel><fieldentry>multiple_choice_question</fieldentry></qtimetadatafield><qtimetadatafield><fieldlabel>calculator_type</fieldlabel><fieldentry>none</fieldentry></qtimetadatafield><qtimetadatafield><fieldlabel>points_possible</fieldlabel><fieldentry>5.0</fieldentry></qtimetadatafield></qtimetadata></itemmetadata><presentation><material><mattext texttype="text/html">&lt;p&gt;Why is Tommy's age important to how his ideas are received?&lt;/p&gt;</mattext></material><response_lid ident="response1" rcardinality="Single"><render_choice><response_label ident="a"><material><mattext texttype="text/html">&lt;p&gt;Adults trust him more because children are always honest&lt;/p&gt;</mattext></material></response_label><response_label ident="b"><material><mattext texttype="text/html">&lt;p&gt;He is old enough to be responsible for the outage&lt;/p&gt;</mattext></material></response_label><response_label ident="c"><material><mattext texttype="text/html">&lt;p&gt;Adults dismiss him at first because he is a child&lt;/p&gt;</mattext></material></response_label><response_label ident="d"><material><mattext texttype="text/html">&lt;p&gt;His age gives him authority over the adults&lt;/p&gt;</mattext></material></response_label></render_choice></response_lid></presentation><resprocessing><outcomes><decvar maxvalue="100" minvalue="0" varname="SCORE" vartype="Decimal" /></outcomes><respcondition continue="No"><conditionvar><varequal respident="response1">c</varequal></conditionvar><setvar action="Set" varname="SCORE">100</setvar></respcondition></resprocessing></item><item ident="mc13" title="Q13"><itemmetadata><qtimetadata><qtimetadatafield><fieldlabel>question_type</fieldlabel><fieldentry>multiple_choice_question</fieldentry></qtimetadatafield><qtimetadatafield><fieldlabel>calculator_type</fieldlabel><fieldentry>none</fieldentry></qtimetadatafield><qtimetadatafield><fieldlabel>points_possible</fieldlabel><fieldentry>5.0</fieldentry></qtimetadatafield></qtimetadata></itemmetadata><presentation><material><mattext texttype="text/html">&lt;p&gt;What theme clearly begins to develop in Act 1?&lt;/p&gt;</mattext></material><response_lid ident="response1" rcardinality="Single"><render_choice><response_label ident="a"><material><mattext texttype="text/html">&lt;p&gt;Children are wiser than adults in every situation&lt;/p&gt;</mattext></material></response_label><response_label ident="b"><material><mattext texttype="text/html">&lt;p&gt;Technology always creates more problems than solutions&lt;/p&gt;</mattext></material></response_label><response_label ident="c"><material><mattext texttype="text/html">&lt;p&gt;Neighbors should avoid close relationships&lt;/p&gt;</mattext></material></response_label><response_label ident="d"><material><mattext texttype="text/html">&lt;p&gt;Fear can cause people to turn against each other&lt;/p&gt;</mattext></material></response_label></render_choice></response_lid></presentation><resprocessing><outcomes><decvar maxvalue="100" minvalue="0" varname="SCORE" vartype="Decimal" /></outcomes><respcondition continue="No"><conditionvar><varequal respident="response1">d</varequal></conditionvar><setvar action="Set" varname="SCORE">100</setvar></respcondition></resprocessing></item><item ident="mc14" title="Q14"><itemmetadata><qtimetadata><qtimetadatafield><fieldlabel>question_type</fieldlabel><fieldentry>multiple_choice_question</fieldentry></qtimetadatafield><qtimetadatafield><fieldlabel>calculator_type</fieldlabel><fieldentry>none</fieldentry></qtimetadatafield><qtimetadatafield><fieldlabel>points_possible</fieldlabel><fieldentry>5.0</fieldentry></qtimetadatafield></qtimetadata></itemmetadata><presentation><material><mattext texttype="text/html">&lt;p&gt;Which action best shows that logic is starting to break down?&lt;/p&gt;</mattext></material><response_lid ident="response1" rcardinality="Single"><render_choice><response_label ident="a"><material><mattext texttype="text/html">&lt;p&gt;Charlie asks reasonable questions about the outage&lt;/p&gt;</mattext></material></response_label><response_label ident="b"><material><mattext texttype="text/html">&lt;p&gt;Neighbors suspect Les because his car works differently&lt;/p&gt;</mattext></material></response_label><response_label ident="c"><material><mattext texttype="text/html">&lt;p&gt;Steve calmly suggests checking with the authorities&lt;/p&gt;</mattext></material></response_label><response_label ident="d"><material><mattext texttype="text/html">&lt;p&gt;People wait for Pete Van Horn to return&lt;/p&gt;</mattext></material></response_label></render_choice></response_lid></presentation><resprocessing><outcomes><decvar maxvalue="100" minvalue="0" varname="SCORE" vartype="Decimal" /></outcomes><respcondition continue="No"><conditionvar><varequal respident="response1">b</varequal></conditionvar><setvar action="Set" varname="SCORE">100</setvar></respcondition></resprocessing></item><item ident="scr1" title="Q15"><itemmetadata><qtimetadata><qtimetadatafield><fieldlabel>question_type</fieldlabel><fieldentry>essay_question</fieldentry></qtimetadatafield><qtimetadatafield><fieldlabel>calculator_type</fieldlabel><fieldentry>none</fieldentry></qtimetadatafield><qtimetadatafield><fieldlabel>points_possible</fieldlabel><fieldentry>22.0</fieldentry></qtimetadatafield></qtimetadata></itemmetadata><presentation><material><mattext texttype="text/html">&lt;p&gt;How does fear begin to influence the neighbors decisions in Act 1? Use one specific detail from the play to support your answer.&lt;/p&gt;</mattext></material><response_str ident="response1" rcardinality="Single"><render_fib><response_label ident="answer1" /></render_fib></response_str></presentation></item></section></assessment></questestinterop>
