<?xml version="1.0"?>
<manifest xmlns="http://www.imsglobal.org/xsd/imsccv1p1/imscp_v1p1" xmlns:lom="http://ltsc.ieee.org/xsd/imsccv1p1/LOM/resource" xmlns:imsmd="http://www.imsglobal.org/xsd/imsmd_v1p2" xmlns:xsi="http://www.w3.org/2001/XMLSchema-instance" identifier="2eeea371-3d23-4f29-a26f-aa9478b10d39" xsi:schemaLocation="http://www.imsglobal.org/xsd/imsccv1p1/imscp_v1p1 http://www.imsglobal.org/xsd/imscp_v1p1.xsd http://ltsc.ieee.org/xsd/imsccv1p1/LOM/resource http://www.imsglobal.org/profile/cc/ccv1p1/LOM/ccv1p1_lomresource_v1p0.xsd http://www.imsglobal.org/xsd/imsmd_v1p2 http://www.imsglobal.org/xsd/imsmd_v1p2p2.xsd">
	<metadata>
		<schema>IMS Content</schema>
		<schemaversion>1.1.3</schemaversion>
		<imsmd:lom>
			<imsmd:general>
				<imsmd:title>
					<imsmd:string>Chapter 10 Exam: Math Concepts</imsmd:string>
				</imsmd:title>
			</imsmd:general>
			<imsmd:lifeCycle>
				<imsmd:contribute>
					<imsmd:date>
						<imsmd:dateTime>2026-01-05</imsmd:dateTime>
					</imsmd:date>
				</imsmd:contribute>
			</imsmd:lifeCycle>
		</imsmd:lom>
	</metadata>
	<organizations/>
	<resources>
		<resource identifier="18850075-7e6f-4098-9cd9-1ee5c50f3b2a" type="imsqti_xmlv1p2">
			<file href="18850075-7e6f-4098-9cd9-1ee5c50f3b2a/18850075-7e6f-4098-9cd9-1ee5c50f3b2a.xml"/>
			<dependency identifierref="30f406bd-2f0a-4a51-84a3-bbe74495c1fa"/>
		</resource>
		<resource identifier="30f406bd-2f0a-4a51-84a3-bbe74495c1fa" type="associatedcontent/imscc_xmlv1p1/learning-application-resource" href="18850075-7e6f-4098-9cd9-1ee5c50f3b2a/assessment_meta.xml">
			<file href="18850075-7e6f-4098-9cd9-1ee5c50f3b2a/assessment_meta.xml"/>
		</resource>
	</resources>
</manifest>
