<?xml version="1.0"?>
<manifest xmlns="http://www.imsglobal.org/xsd/imsccv1p1/imscp_v1p1" xmlns:lom="http://ltsc.ieee.org/xsd/imsccv1p1/LOM/resource" xmlns:imsmd="http://www.imsglobal.org/xsd/imsmd_v1p2" xmlns:xsi="http://www.w3.org/2001/XMLSchema-instance" identifier="5d0a9521-f323-490b-8106-11c684642c46" xsi:schemaLocation="http://www.imsglobal.org/xsd/imsccv1p1/imscp_v1p1 http://www.imsglobal.org/xsd/imscp_v1p1.xsd http://ltsc.ieee.org/xsd/imsccv1p1/LOM/resource http://www.imsglobal.org/profile/cc/ccv1p1/LOM/ccv1p1_lomresource_v1p0.xsd http://www.imsglobal.org/xsd/imsmd_v1p2 http://www.imsglobal.org/xsd/imsmd_v1p2p2.xsd">
	<metadata>
		<schema>IMS Content</schema>
		<schemaversion>1.1.3</schemaversion>
		<imsmd:lom>
			<imsmd:general>
				<imsmd:title>
					<imsmd:string>Suspense Comma Revision (Meaning and Tone)</imsmd:string>
				</imsmd:title>
			</imsmd:general>
			<imsmd:lifeCycle>
				<imsmd:contribute>
					<imsmd:date>
						<imsmd:dateTime>2026-01-06</imsmd:dateTime>
					</imsmd:date>
				</imsmd:contribute>
			</imsmd:lifeCycle>
		</imsmd:lom>
	</metadata>
	<organizations/>
	<resources>
		<resource identifier="efc3c2c0-0baa-4454-8942-2765b1ba931d" type="imsqti_xmlv1p2">
			<file href="efc3c2c0-0baa-4454-8942-2765b1ba931d/efc3c2c0-0baa-4454-8942-2765b1ba931d.xml"/>
			<dependency identifierref="bbebdb9b-21c9-4af6-966c-672be6b37869"/>
		</resource>
		<resource identifier="bbebdb9b-21c9-4af6-966c-672be6b37869" type="associatedcontent/imscc_xmlv1p1/learning-application-resource" href="efc3c2c0-0baa-4454-8942-2765b1ba931d/assessment_meta.xml">
			<file href="efc3c2c0-0baa-4454-8942-2765b1ba931d/assessment_meta.xml"/>
		</resource>
	</resources>
</manifest>
