<?xml version="1.0"?>
<manifest xmlns="http://www.imsglobal.org/xsd/imsccv1p1/imscp_v1p1" xmlns:lom="http://ltsc.ieee.org/xsd/imsccv1p1/LOM/resource" xmlns:imsmd="http://www.imsglobal.org/xsd/imsmd_v1p2" xmlns:xsi="http://www.w3.org/2001/XMLSchema-instance" identifier="3961d28d-1bc7-4f9c-9a15-87b5dbb28e60" xsi:schemaLocation="http://www.imsglobal.org/xsd/imsccv1p1/imscp_v1p1 http://www.imsglobal.org/xsd/imscp_v1p1.xsd http://ltsc.ieee.org/xsd/imsccv1p1/LOM/resource http://www.imsglobal.org/profile/cc/ccv1p1/LOM/ccv1p1_lomresource_v1p0.xsd http://www.imsglobal.org/xsd/imsmd_v1p2 http://www.imsglobal.org/xsd/imsmd_v1p2p2.xsd">
	<metadata>
		<schema>IMS Content</schema>
		<schemaversion>1.1.3</schemaversion>
		<imsmd:lom>
			<imsmd:general>
				<imsmd:title>
					<imsmd:string>Chapter 10 Lesson 1 Quiz: Libraries and Documentation</imsmd:string>
				</imsmd:title>
			</imsmd:general>
			<imsmd:lifeCycle>
				<imsmd:contribute>
					<imsmd:date>
						<imsmd:dateTime>2026-01-05</imsmd:dateTime>
					</imsmd:date>
				</imsmd:contribute>
			</imsmd:lifeCycle>
		</imsmd:lom>
	</metadata>
	<organizations/>
	<resources>
		<resource identifier="4e6c6418-6cc7-4aa0-9457-6be29d8d8f4f" type="imsqti_xmlv1p2">
			<file href="4e6c6418-6cc7-4aa0-9457-6be29d8d8f4f/4e6c6418-6cc7-4aa0-9457-6be29d8d8f4f.xml"/>
			<dependency identifierref="b42a960a-301c-4566-b30d-412b1b95ab81"/>
		</resource>
		<resource identifier="b42a960a-301c-4566-b30d-412b1b95ab81" type="associatedcontent/imscc_xmlv1p1/learning-application-resource" href="4e6c6418-6cc7-4aa0-9457-6be29d8d8f4f/assessment_meta.xml">
			<file href="4e6c6418-6cc7-4aa0-9457-6be29d8d8f4f/assessment_meta.xml"/>
		</resource>
	</resources>
</manifest>
