<?xml version="1.0"?>
<manifest xmlns="http://www.imsglobal.org/xsd/imsccv1p1/imscp_v1p1" xmlns:lom="http://ltsc.ieee.org/xsd/imsccv1p1/LOM/resource" xmlns:imsmd="http://www.imsglobal.org/xsd/imsmd_v1p2" xmlns:xsi="http://www.w3.org/2001/XMLSchema-instance" identifier="19656d27-e55e-47cd-8a78-2bc935df73d2" xsi:schemaLocation="http://www.imsglobal.org/xsd/imsccv1p1/imscp_v1p1 http://www.imsglobal.org/xsd/imscp_v1p1.xsd http://ltsc.ieee.org/xsd/imsccv1p1/LOM/resource http://www.imsglobal.org/profile/cc/ccv1p1/LOM/ccv1p1_lomresource_v1p0.xsd http://www.imsglobal.org/xsd/imsmd_v1p2 http://www.imsglobal.org/xsd/imsmd_v1p2p2.xsd">
	<metadata>
		<schema>IMS Content</schema>
		<schemaversion>1.1.3</schemaversion>
		<imsmd:lom>
			<imsmd:general>
				<imsmd:title>
					<imsmd:string>Sci-Fi Suspense Semicolon Revision (Tone and Clarity)</imsmd:string>
				</imsmd:title>
			</imsmd:general>
			<imsmd:lifeCycle>
				<imsmd:contribute>
					<imsmd:date>
						<imsmd:dateTime>2026-01-06</imsmd:dateTime>
					</imsmd:date>
				</imsmd:contribute>
			</imsmd:lifeCycle>
		</imsmd:lom>
	</metadata>
	<organizations/>
	<resources>
		<resource identifier="766cf53c-8e3b-42af-8743-6acf21036eab" type="imsqti_xmlv1p2">
			<file href="766cf53c-8e3b-42af-8743-6acf21036eab/766cf53c-8e3b-42af-8743-6acf21036eab.xml"/>
			<dependency identifierref="fcc206d7-0513-44fc-b763-4c80bc5ea80a"/>
		</resource>
		<resource identifier="fcc206d7-0513-44fc-b763-4c80bc5ea80a" type="associatedcontent/imscc_xmlv1p1/learning-application-resource" href="766cf53c-8e3b-42af-8743-6acf21036eab/assessment_meta.xml">
			<file href="766cf53c-8e3b-42af-8743-6acf21036eab/assessment_meta.xml"/>
		</resource>
	</resources>
</manifest>
