<?xml version="1.0"?>
<quiz xmlns="http://canvas.instructure.com/xsd/cccv1p0" xmlns:xsi="http://canvas.instructure.com/xsd/cccv1p0 https://canvas.instructure.com/xsd/cccv1p0.xsd" identifier="efc3c2c0-0baa-4454-8942-2765b1ba931d">
  <title>Suspense Comma Revision (Meaning and Tone)</title>
  <description></description>
  <shuffle_questions>false</shuffle_questions>
  <shuffle_answers>false</shuffle_answers>
  <calculator_type>none</calculator_type>
  <scoring_policy>keep_highest</scoring_policy>
  <allowed_attempts>1</allowed_attempts>
  <points_possible>100.0</points_possible>
</quiz>
