<?xml version="1.0"?>
<manifest xmlns="http://www.imsglobal.org/xsd/imsccv1p1/imscp_v1p1" xmlns:lom="http://ltsc.ieee.org/xsd/imsccv1p1/LOM/resource" xmlns:imsmd="http://www.imsglobal.org/xsd/imsmd_v1p2" xmlns:xsi="http://www.w3.org/2001/XMLSchema-instance" identifier="bbc1a597-8088-440f-8b70-e4ad5f14e848" xsi:schemaLocation="http://www.imsglobal.org/xsd/imsccv1p1/imscp_v1p1 http://www.imsglobal.org/xsd/imscp_v1p1.xsd http://ltsc.ieee.org/xsd/imsccv1p1/LOM/resource http://www.imsglobal.org/profile/cc/ccv1p1/LOM/ccv1p1_lomresource_v1p0.xsd http://www.imsglobal.org/xsd/imsmd_v1p2 http://www.imsglobal.org/xsd/imsmd_v1p2p2.xsd">
	<metadata>
		<schema>IMS Content</schema>
		<schemaversion>1.1.3</schemaversion>
		<imsmd:lom>
			<imsmd:general>
				<imsmd:title>
					<imsmd:string>Chapter 9 Quiz 2 - List Functions</imsmd:string>
				</imsmd:title>
			</imsmd:general>
			<imsmd:lifeCycle>
				<imsmd:contribute>
					<imsmd:date>
						<imsmd:dateTime>2026-01-05</imsmd:dateTime>
					</imsmd:date>
				</imsmd:contribute>
			</imsmd:lifeCycle>
		</imsmd:lom>
	</metadata>
	<organizations/>
	<resources>
		<resource identifier="505cb03a-d7e1-4bc2-ba54-b6ab1f9e99e5" type="imsqti_xmlv1p2">
			<file href="505cb03a-d7e1-4bc2-ba54-b6ab1f9e99e5/505cb03a-d7e1-4bc2-ba54-b6ab1f9e99e5.xml"/>
			<dependency identifierref="efb844a1-054c-4047-b23f-d1590bcfe974"/>
		</resource>
		<resource identifier="efb844a1-054c-4047-b23f-d1590bcfe974" type="associatedcontent/imscc_xmlv1p1/learning-application-resource" href="505cb03a-d7e1-4bc2-ba54-b6ab1f9e99e5/assessment_meta.xml">
			<file href="505cb03a-d7e1-4bc2-ba54-b6ab1f9e99e5/assessment_meta.xml"/>
		</resource>
	</resources>
</manifest>
