<?xml version="1.0"?>
<questestinterop xmlns="http://www.imsglobal.org/xsd/ims_qtiasiv1p2" xmlns:xsi="http://www.w3.org/2001/XMLSchema-instance" xsi:schemaLocation="http://www.imsglobal.org/xsd/ims_qtiasiv1p2 http://www.imsglobal.org/xsd/ims_qtiasiv1p2p1.xsd"><assessment ident="assessment_a7fe0240" title="Attempt 9 - DocX All Types (13 Questions)"><qtimetadata><qtimetadatafield><fieldlabel>cc_maxattempts</fieldlabel><fieldentry>1</fieldentry></qtimetadatafield></qtimetadata><section ident="root_section"><item ident="stim_prose" title="Q01"><itemmetadata><qtimetadata><qtimetadatafield><fieldlabel>question_type</fieldlabel><fieldentry>text_only_question</fieldentry></qtimetadatafield><qtimetadatafield><fieldlabel>points_possible</fieldlabel><fieldentry>0.0</fieldentry></qtimetadatafield></qtimetadata></itemmetadata><presentation><material><mattext texttype="text/html">&lt;p&gt;Read the passage below.&lt;/p&gt;
&lt;div style="margin:10px 0;"&gt;&lt;div style="font-family: inherit; font-size:0.95em; padding:14px 18px; background:#fff; border:1px solid #d9d9d9; border-left:5px solid #4b79ff; line-height:1.6;"&gt;&lt;p style="margin: 0 0 0.9em 0; line-height: 1.6;"&gt;&lt;span style="font-size: 0.85em; font-style: italic; color: #999; font-weight: normal;"&gt;[1]&lt;/span&gt;     The robotics club scheduled a Saturday build to test lightweight bridge designs.&lt;/p&gt;&lt;p style="margin: 0 0 0.9em 0; line-height: 1.6;"&gt;&lt;span style="font-size: 0.85em; font-style: italic; color: #999; font-weight: normal;"&gt;[2]&lt;/span&gt;     Each team will measure load-to-failure and note which joints crack first.&lt;/p&gt;&lt;p style="margin: 0 0 0.9em 0; line-height: 1.6;"&gt;&lt;span style="font-size: 0.85em; font-style: italic; color: #999; font-weight: normal;"&gt;[3]&lt;/span&gt;     After testing, they will decide which two variables to adjust for the final build.&lt;/p&gt;&lt;/div&gt;&lt;/div&gt;</mattext></material></presentation></item><item ident="q_mc_stim1" title="Q02"><itemmetadata><qtimetadata><qtimetadatafield><fieldlabel>question_type</fieldlabel><fieldentry>multiple_choice_question</fieldentry></qtimetadatafield><qtimetadatafield><fieldlabel>calculator_type</fieldlabel><fieldentry>none</fieldentry></qtimetadatafield><qtimetadatafield><fieldlabel>points_possible</fieldlabel><fieldentry>5.0</fieldentry></qtimetadatafield><qtimetadatafield><fieldlabel>parent_stimulus_item_ident</fieldlabel><fieldentry>stim_prose</fieldentry></qtimetadatafield></qtimetadata></itemmetadata><presentation><material><mattext texttype="text/html">&lt;p&gt;According to paragraph [1], what is the purpose of the build day?&lt;/p&gt;</mattext></material><response_lid ident="response1" rcardinality="Single"><render_choice><response_label ident="a"><material><mattext texttype="text/html">&lt;p&gt;Watch videos about famous bridges&lt;/p&gt;</mattext></material></response_label><response_label ident="b"><material><mattext texttype="text/html">&lt;p&gt;Test bridge designs to see which holds best&lt;/p&gt;</mattext></material></response_label><response_label ident="c"><material><mattext texttype="text/html">&lt;p&gt;Paint the lab and clean storage&lt;/p&gt;</mattext></material></response_label><response_label ident="d"><material><mattext texttype="text/html">&lt;p&gt;Vote on next month's club officers&lt;/p&gt;</mattext></material></response_label></render_choice></response_lid></presentation><resprocessing><outcomes><decvar maxvalue="100" minvalue="0" varname="SCORE" vartype="Decimal" /></outcomes><respcondition continue="No"><conditionvar><varequal respident="response1">b</varequal></conditionvar><setvar action="Set" varname="SCORE">100</setvar></respcondition></resprocessing></item><item ident="q_ma_stim1" title="Q03"><itemmetadata><qtimetadata><qtimetadatafield><fieldlabel>question_type</fieldlabel><fieldentry>multiple_answers_question</fieldentry></qtimetadatafield><qtimetadatafield><fieldlabel>calculator_type</fieldlabel><fieldentry>none</fieldentry></qtimetadatafield><qtimetadatafield><fieldlabel>points_possible</fieldlabel><fieldentry>5.0</fieldentry></qtimetadatafield><qtimetadatafield><fieldlabel>parent_stimulus_item_ident</fieldlabel><fieldentry>stim_prose</fieldentry></qtimetadatafield></qtimetadata></itemmetadata><presentation><material><mattext texttype="text/html">&lt;p&gt;Which actions from paragraphs [2] and [3] help teams improve their bridge? Circle ALL that apply.&lt;/p&gt;</mattext></material><response_lid ident="response1" rcardinality="Multiple"><render_choice><response_label ident="a"><material><mattext texttype="text/html">&lt;p&gt;Decide which variables to adjust next&lt;/p&gt;</mattext></material></response_label><response_label ident="b"><material><mattext texttype="text/html">&lt;p&gt;Skip testing and choose by appearance&lt;/p&gt;</mattext></material></response_label><response_label ident="c"><material><mattext texttype="text/html">&lt;p&gt;Note which joints crack first&lt;/p&gt;</mattext></material></response_label><response_label ident="d"><material><mattext texttype="text/html">&lt;p&gt;Measure load-to-failure for each design&lt;/p&gt;</mattext></material></response_label></render_choice></response_lid></presentation><resprocessing><outcomes><decvar maxvalue="100" minvalue="0" varname="SCORE" vartype="Decimal" /></outcomes><respcondition continue="Yes"><conditionvar><varequal respident="response1">a</varequal></conditionvar><setvar action="Add" varname="SCORE">33.33</setvar></respcondition><respcondition continue="Yes"><conditionvar><varequal respident="response1">c</varequal></conditionvar><setvar action="Add" varname="SCORE">33.33</setvar></respcondition><respcondition continue="Yes"><conditionvar><varequal respident="response1">d</varequal></conditionvar><setvar action="Add" varname="SCORE">33.34</setvar></respcondition></resprocessing></item><item ident="item_q04_15387c45" title="Q04"><itemmetadata><qtimetadata><qtimetadatafield><fieldlabel>question_type</fieldlabel><fieldentry>STIMULUS_END</fieldentry></qtimetadatafield><qtimetadatafield><fieldlabel>points_possible</fieldlabel><fieldentry>0.0</fieldentry></qtimetadatafield></qtimetadata></itemmetadata><presentation><material><mattext texttype="text/html">&lt;p&gt;End of prose stimulus.&lt;/p&gt;</mattext></material><response_lid ident="response1" rcardinality="Single"><render_choice /></response_lid></presentation><resprocessing><outcomes><decvar maxvalue="100" minvalue="0" varname="SCORE" vartype="Decimal" /></outcomes></resprocessing></item><item ident="stim_poetry" title="Q05"><itemmetadata><qtimetadata><qtimetadatafield><fieldlabel>question_type</fieldlabel><fieldentry>text_only_question</fieldentry></qtimetadatafield><qtimetadatafield><fieldlabel>points_possible</fieldlabel><fieldentry>0.0</fieldentry></qtimetadatafield></qtimetadata></itemmetadata><presentation><material><mattext texttype="text/html">&lt;p&gt;Read the poem below.&lt;/p&gt;
&lt;div style="margin:10px 0;"&gt;&lt;div style="font-family: inherit; font-size:0.95em; padding:14px 18px; background:#fff; border:1px solid #d9d9d9; border-left:5px solid #4b79ff; line-height:1.6;"&gt;&lt;div style="margin: 0; padding: 0; line-height: 1.6;"&gt;&lt;span style="font-size: 0.85em; font-style: italic; color: #999; font-weight: normal;"&gt; 1&lt;/span&gt;     Steel ribs hum under twilight strain,&lt;/div&gt;&lt;div style="margin: 0; padding: 0; line-height: 1.6;"&gt;               Cables whisper data in the rain,&lt;/div&gt;&lt;div style="margin: 0; padding: 0; line-height: 1.6;"&gt;               Rivets keep the memory of the load,&lt;/div&gt;&lt;div style="margin: 0; padding: 0; line-height: 1.6;"&gt;               While sensors chart the curves of every road,&lt;/div&gt;&lt;div style="margin: 0; padding: 0; line-height: 1.6;"&gt;&lt;span style="font-size: 0.85em; font-style: italic; color: #999; font-weight: normal;"&gt; 5&lt;/span&gt;     Graphs bloom quietly after every node.&lt;/div&gt;&lt;/div&gt;&lt;/div&gt;</mattext></material></presentation></item><item ident="q_tf_poetry" title="Q06"><itemmetadata><qtimetadata><qtimetadatafield><fieldlabel>question_type</fieldlabel><fieldentry>true_false_question</fieldentry></qtimetadatafield><qtimetadatafield><fieldlabel>calculator_type</fieldlabel><fieldentry>none</fieldentry></qtimetadatafield><qtimetadatafield><fieldlabel>points_possible</fieldlabel><fieldentry>5.0</fieldentry></qtimetadatafield><qtimetadatafield><fieldlabel>parent_stimulus_item_ident</fieldlabel><fieldentry>stim_poetry</fieldentry></qtimetadatafield></qtimetadata></itemmetadata><presentation><material><mattext texttype="text/html">&lt;p&gt;The poem's second line suggests the bridge system is collecting information during bad weather.&lt;/p&gt;</mattext></material><response_lid ident="response1" rcardinality="Single"><render_choice><response_label ident="true"><material><mattext texttype="text/html">&lt;p&gt;True&lt;/p&gt;</mattext></material></response_label><response_label ident="false"><material><mattext texttype="text/html">&lt;p&gt;False&lt;/p&gt;</mattext></material></response_label></render_choice></response_lid></presentation><resprocessing><outcomes><decvar maxvalue="100" minvalue="0" varname="SCORE" vartype="Decimal" /></outcomes><respcondition continue="No"><conditionvar><varequal respident="response1">false</varequal></conditionvar><setvar action="Set" varname="SCORE">100</setvar></respcondition></resprocessing></item><item ident="q_matching_poetry" title="Q07"><itemmetadata><qtimetadata><qtimetadatafield><fieldlabel>question_type</fieldlabel><fieldentry>matching_question</fieldentry></qtimetadatafield><qtimetadatafield><fieldlabel>calculator_type</fieldlabel><fieldentry>none</fieldentry></qtimetadatafield><qtimetadatafield><fieldlabel>points_possible</fieldlabel><fieldentry>9.0</fieldentry></qtimetadatafield><qtimetadatafield><fieldlabel>parent_stimulus_item_ident</fieldlabel><fieldentry>stim_poetry</fieldentry></qtimetadatafield></qtimetadata></itemmetadata><presentation><material><mattext texttype="text/html">&lt;p&gt;Match each line to what it emphasizes. Write the letter (A-D) next to each description.
A) Structural strength
B) Data collection
C) Fastening and stability
D) Mapping and monitoring&lt;/p&gt;</mattext></material><response_lid ident="db9894c7-4939-4c93-b508-604af0f5b0d5"><material><mattext texttype="text/plain">Steel ribs hum under twilight strain</mattext></material><render_choice><response_label ident="42517ad8-8fca-42a3-b050-61b3f4c2e794"><material><mattext texttype="text/plain">Structural strength</mattext></material></response_label><response_label ident="170dcf15-51a9-4f9e-be12-dd2a92fadef8"><material><mattext texttype="text/plain">Data collection</mattext></material></response_label><response_label ident="5cc21377-7eca-4d67-b09f-c73acef7dfac"><material><mattext texttype="text/plain">Fastening and stability</mattext></material></response_label><response_label ident="271a394e-df66-4b64-8b64-f9a244faf0a7"><material><mattext texttype="text/plain">Mapping and monitoring</mattext></material></response_label></render_choice></response_lid><response_lid ident="080081b2-c2ae-44a4-a999-da99fd3108ac"><material><mattext texttype="text/plain">Cables whisper data in the rain</mattext></material><render_choice><response_label ident="42517ad8-8fca-42a3-b050-61b3f4c2e794"><material><mattext texttype="text/plain">Structural strength</mattext></material></response_label><response_label ident="170dcf15-51a9-4f9e-be12-dd2a92fadef8"><material><mattext texttype="text/plain">Data collection</mattext></material></response_label><response_label ident="5cc21377-7eca-4d67-b09f-c73acef7dfac"><material><mattext texttype="text/plain">Fastening and stability</mattext></material></response_label><response_label ident="271a394e-df66-4b64-8b64-f9a244faf0a7"><material><mattext texttype="text/plain">Mapping and monitoring</mattext></material></response_label></render_choice></response_lid><response_lid ident="2bdc44c1-5fb9-422e-9e3b-46d282f9202c"><material><mattext texttype="text/plain">Rivets keep the memory of the load</mattext></material><render_choice><response_label ident="42517ad8-8fca-42a3-b050-61b3f4c2e794"><material><mattext texttype="text/plain">Structural strength</mattext></material></response_label><response_label ident="170dcf15-51a9-4f9e-be12-dd2a92fadef8"><material><mattext texttype="text/plain">Data collection</mattext></material></response_label><response_label ident="5cc21377-7eca-4d67-b09f-c73acef7dfac"><material><mattext texttype="text/plain">Fastening and stability</mattext></material></response_label><response_label ident="271a394e-df66-4b64-8b64-f9a244faf0a7"><material><mattext texttype="text/plain">Mapping and monitoring</mattext></material></response_label></render_choice></response_lid><response_lid ident="ea09bb74-0130-4286-bace-0fb2af536fa5"><material><mattext texttype="text/plain">While sensors chart the curves of every road</mattext></material><render_choice><response_label ident="42517ad8-8fca-42a3-b050-61b3f4c2e794"><material><mattext texttype="text/plain">Structural strength</mattext></material></response_label><response_label ident="170dcf15-51a9-4f9e-be12-dd2a92fadef8"><material><mattext texttype="text/plain">Data collection</mattext></material></response_label><response_label ident="5cc21377-7eca-4d67-b09f-c73acef7dfac"><material><mattext texttype="text/plain">Fastening and stability</mattext></material></response_label><response_label ident="271a394e-df66-4b64-8b64-f9a244faf0a7"><material><mattext texttype="text/plain">Mapping and monitoring</mattext></material></response_label></render_choice></response_lid></presentation><resprocessing><outcomes><decvar maxvalue="100" minvalue="0" varname="SCORE" vartype="Decimal" /></outcomes><respcondition><conditionvar><varequal respident="db9894c7-4939-4c93-b508-604af0f5b0d5">42517ad8-8fca-42a3-b050-61b3f4c2e794</varequal></conditionvar><setvar action="Add" varname="SCORE">25.00</setvar></respcondition><respcondition><conditionvar><varequal respident="080081b2-c2ae-44a4-a999-da99fd3108ac">170dcf15-51a9-4f9e-be12-dd2a92fadef8</varequal></conditionvar><setvar action="Add" varname="SCORE">25.00</setvar></respcondition><respcondition><conditionvar><varequal respident="2bdc44c1-5fb9-422e-9e3b-46d282f9202c">5cc21377-7eca-4d67-b09f-c73acef7dfac</varequal></conditionvar><setvar action="Add" varname="SCORE">25.00</setvar></respcondition><respcondition><conditionvar><varequal respident="ea09bb74-0130-4286-bace-0fb2af536fa5">271a394e-df66-4b64-8b64-f9a244faf0a7</varequal></conditionvar><setvar action="Add" varname="SCORE">25.00</setvar></respcondition></resprocessing></item><item ident="item_q08_4667be1d" title="Q08"><itemmetadata><qtimetadata><qtimetadatafield><fieldlabel>question_type</fieldlabel><fieldentry>STIMULUS_END</fieldentry></qtimetadatafield><qtimetadatafield><fieldlabel>points_possible</fieldlabel><fieldentry>0.0</fieldentry></qtimetadatafield></qtimetadata></itemmetadata><presentation><material><mattext texttype="text/html">&lt;p&gt;End of poetry stimulus.&lt;/p&gt;</mattext></material><response_lid ident="response1" rcardinality="Single"><render_choice /></response_lid></presentation><resprocessing><outcomes><decvar maxvalue="100" minvalue="0" varname="SCORE" vartype="Decimal" /></outcomes></resprocessing></item><item ident="stim_code" title="Q09"><itemmetadata><qtimetadata><qtimetadatafield><fieldlabel>question_type</fieldlabel><fieldentry>text_only_question</fieldentry></qtimetadatafield><qtimetadatafield><fieldlabel>points_possible</fieldlabel><fieldentry>0.0</fieldentry></qtimetadatafield></qtimetadata></itemmetadata><presentation><material><mattext texttype="text/html">&lt;p&gt;Review the Python snippet:&lt;/p&gt;
&lt;pre style="background-color: #272822; color: #F8F8F2; padding: 10px; border-radius: 4px; font-family: 'Courier New', Consolas, monospace; overflow-x: auto; line-height: 1.5;"&gt;&lt;code class="language-python"&gt;readings = [&lt;span style="color: #AE81FF;"&gt;12.4&lt;/span&gt;, &lt;span style="color: #AE81FF;"&gt;12.1&lt;/span&gt;, &lt;span style="color: #F92672;"&gt;None&lt;/span&gt;, &lt;span style="color: #AE81FF;"&gt;12.0&lt;/span&gt;]
clean = [r &lt;span style="color: #F92672;"&gt;for&lt;/span&gt; r &lt;span style="color: #F92672;"&gt;in&lt;/span&gt; readings &lt;span style="color: #F92672;"&gt;if&lt;/span&gt; r &lt;span style="color: #F92672;"&gt;is&lt;/span&gt; &lt;span style="color: #F92672;"&gt;not&lt;/span&gt; &lt;span style="color: #F92672;"&gt;None&lt;/span&gt;]
avg = &lt;span style="color: #A6E22E;"&gt;&lt;span style="color: #66D9EF;"&gt;sum&lt;/span&gt;&lt;/span&gt;(clean) / &lt;span style="color: #A6E22E;"&gt;&lt;span style="color: #66D9EF;"&gt;len&lt;/span&gt;&lt;/span&gt;(clean)
&lt;span style="color: #F92672;"&gt;if&lt;/span&gt; avg &amp;gt; &lt;span style="color: #AE81FF;"&gt;12.5&lt;/span&gt;:
    &lt;span style="color: #A6E22E;"&gt;&lt;span style="color: #66D9EF;"&gt;print&lt;/span&gt;&lt;/span&gt;(&lt;span style="color: #E6DB74;"&gt;"Too salty"&lt;/span&gt;)
&lt;span style="color: #F92672;"&gt;else&lt;/span&gt;:
    &lt;span style="color: #A6E22E;"&gt;&lt;span style="color: #66D9EF;"&gt;print&lt;/span&gt;&lt;/span&gt;(&lt;span style="color: #E6DB74;"&gt;"OK"&lt;/span&gt;)&lt;/code&gt;&lt;/pre&gt;</mattext></material></presentation></item><item ident="q_mc_code" title="Q10"><itemmetadata><qtimetadata><qtimetadatafield><fieldlabel>question_type</fieldlabel><fieldentry>multiple_choice_question</fieldentry></qtimetadatafield><qtimetadatafield><fieldlabel>calculator_type</fieldlabel><fieldentry>none</fieldentry></qtimetadatafield><qtimetadatafield><fieldlabel>points_possible</fieldlabel><fieldentry>5.0</fieldentry></qtimetadatafield><qtimetadatafield><fieldlabel>parent_stimulus_item_ident</fieldlabel><fieldentry>stim_code</fieldentry></qtimetadatafield></qtimetadata></itemmetadata><presentation><material><mattext texttype="text/html">&lt;p&gt;Which line prevents the average from failing due to missing data?&lt;/p&gt;</mattext></material><response_lid ident="response1" rcardinality="Single"><render_choice><response_label ident="a"><material><mattext texttype="text/html">&lt;p&gt;Line 5&lt;/p&gt;</mattext></material></response_label><response_label ident="b"><material><mattext texttype="text/html">&lt;p&gt;Line 2&lt;/p&gt;</mattext></material></response_label><response_label ident="c"><material><mattext texttype="text/html">&lt;p&gt;Line 1&lt;/p&gt;</mattext></material></response_label><response_label ident="d"><material><mattext texttype="text/html">&lt;p&gt;Line 4&lt;/p&gt;</mattext></material></response_label></render_choice></response_lid></presentation><resprocessing><outcomes><decvar maxvalue="100" minvalue="0" varname="SCORE" vartype="Decimal" /></outcomes><respcondition continue="No"><conditionvar><varequal respident="response1">b</varequal></conditionvar><setvar action="Set" varname="SCORE">100</setvar></respcondition></resprocessing></item><item ident="q_order_code" title="Q11"><itemmetadata><qtimetadata><qtimetadatafield><fieldlabel>question_type</fieldlabel><fieldentry>ordering_question</fieldentry></qtimetadatafield><qtimetadatafield><fieldlabel>calculator_type</fieldlabel><fieldentry>none</fieldentry></qtimetadatafield><qtimetadatafield><fieldlabel>points_possible</fieldlabel><fieldentry>9.0</fieldentry></qtimetadatafield><qtimetadatafield><fieldlabel>parent_stimulus_item_ident</fieldlabel><fieldentry>stim_code</fieldentry></qtimetadatafield></qtimetadata></itemmetadata><presentation><material><mattext texttype="text/html">&lt;p&gt;Number these steps 1-4 to describe the code's workflow.&lt;/p&gt;</mattext></material><response_lid ident="response1" rcardinality="Ordered"><render_extension><ims_render_object shuffle="No"><flow_label><response_label ident="e433679c-3dfb-48cb-9689-ea754f567cd8"><material><mattext texttype="text/html">&lt;p&gt;Filter out None values&lt;/p&gt;</mattext></material></response_label><response_label ident="c3af6b25-7ce7-43a5-bfaa-c861b6a36669"><material><mattext texttype="text/html">&lt;p&gt;Compute average of clean readings&lt;/p&gt;</mattext></material></response_label><response_label ident="64f555b4-2f2d-4f88-b396-05314a0f50af"><material><mattext texttype="text/html">&lt;p&gt;Print "Too salty" if the average exceeds 12.5&lt;/p&gt;</mattext></material></response_label><response_label ident="ba3fe575-9362-46c8-ae90-dceab0bab4d8"><material><mattext texttype="text/html">&lt;p&gt;Collect the raw readings list&lt;/p&gt;</mattext></material></response_label></flow_label></ims_render_object><material position="bottom"><mattext /></material></render_extension></response_lid></presentation><resprocessing><outcomes><decvar maxvalue="100" minvalue="0" varname="SCORE" vartype="Decimal" /></outcomes><respcondition continue="No"><conditionvar><varequal respident="response1">e433679c-3dfb-48cb-9689-ea754f567cd8</varequal><varequal respident="response1">c3af6b25-7ce7-43a5-bfaa-c861b6a36669</varequal><varequal respident="response1">64f555b4-2f2d-4f88-b396-05314a0f50af</varequal><varequal respident="response1">ba3fe575-9362-46c8-ae90-dceab0bab4d8</varequal></conditionvar><setvar action="Set" varname="SCORE">100</setvar></respcondition></resprocessing></item><item ident="item_q12_15d45ae4" title="Q12"><itemmetadata><qtimetadata><qtimetadatafield><fieldlabel>question_type</fieldlabel><fieldentry>STIMULUS_END</fieldentry></qtimetadatafield><qtimetadatafield><fieldlabel>points_possible</fieldlabel><fieldentry>0.0</fieldentry></qtimetadatafield></qtimetadata></itemmetadata><presentation><material><mattext texttype="text/html">&lt;p&gt;End of code stimulus.&lt;/p&gt;</mattext></material><response_lid ident="response1" rcardinality="Single"><render_choice /></response_lid></presentation><resprocessing><outcomes><decvar maxvalue="100" minvalue="0" varname="SCORE" vartype="Decimal" /></outcomes></resprocessing></item><item ident="q_fitb" title="Q13"><itemmetadata><qtimetadata><qtimetadatafield><fieldlabel>question_type</fieldlabel><fieldentry>fill_in_multiple_blanks_question</fieldentry></qtimetadatafield><qtimetadatafield><fieldlabel>calculator_type</fieldlabel><fieldentry>none</fieldentry></qtimetadatafield><qtimetadatafield><fieldlabel>points_possible</fieldlabel><fieldentry>5.0</fieldentry></qtimetadatafield></qtimetadata></itemmetadata><presentation><material><mattext texttype="text/html">&lt;p&gt;A controlled variable is a factor kept [4d3372aeb5b942bda19b2054afbe0796] so results depend only on what you test.&lt;/p&gt;</mattext></material><response_lid ident="response_4d3372aeb5b942bda19b2054afbe0796"><material><mattext>Question</mattext></material><render_choice><response_label scoring_algorithm="TextContainsAnswer" answer_type="openEntry" ident="4d3372aeb5b942bda19b2054afbe0796-0"><material><mattext texttype="text/plain">constant</mattext></material></response_label><response_label scoring_algorithm="TextContainsAnswer" answer_type="openEntry" ident="4d3372aeb5b942bda19b2054afbe0796-1"><material><mattext texttype="text/plain">unchanged</mattext></material></response_label><response_label scoring_algorithm="TextContainsAnswer" answer_type="openEntry" ident="4d3372aeb5b942bda19b2054afbe0796-2"><material><mattext texttype="text/plain">the same</mattext></material></response_label></render_choice></response_lid></presentation><resprocessing><outcomes><decvar maxvalue="100" minvalue="0" varname="SCORE" vartype="Decimal" /></outcomes><respcondition><conditionvar><varequal respident="response_4d3372aeb5b942bda19b2054afbe0796">4d3372aeb5b942bda19b2054afbe0796-0</varequal></conditionvar><setvar action="Add" varname="SCORE">100.00</setvar></respcondition><respcondition><conditionvar><varequal respident="response_4d3372aeb5b942bda19b2054afbe0796">4d3372aeb5b942bda19b2054afbe0796-1</varequal></conditionvar><setvar action="Add" varname="SCORE">100.00</setvar></respcondition><respcondition><conditionvar><varequal respident="response_4d3372aeb5b942bda19b2054afbe0796">4d3372aeb5b942bda19b2054afbe0796-2</varequal></conditionvar><setvar action="Add" varname="SCORE">100.00</setvar></respcondition></resprocessing></item><item ident="q_cat" title="Q14"><itemmetadata><qtimetadata><qtimetadatafield><fieldlabel>question_type</fieldlabel><fieldentry>categorization_question</fieldentry></qtimetadatafield><qtimetadatafield><fieldlabel>calculator_type</fieldlabel><fieldentry>none</fieldentry></qtimetadatafield><qtimetadatafield><fieldlabel>points_possible</fieldlabel><fieldentry>5.0</fieldentry></qtimetadatafield></qtimetadata></itemmetadata><presentation><material><mattext texttype="text/html">&lt;p&gt;Write QL (Qualitative), QT (Quantitative), or U (Uncategorized) next to each observation.&lt;/p&gt;</mattext></material><response_lid ident="acc6a643-5e36-4a2e-9538-3a5e7cd42f8b" rcardinality="Multiple"><material><mattext texttype="text/plain">Qualitative</mattext></material><render_choice><response_label ident="439fda19-0f2b-49c9-a89f-4b0eacedffcc"><material><mattext texttype="text/plain">The solution turned pale yellow</mattext></material></response_label><response_label ident="40116a0e-602d-485a-b6d9-f76a7d1b6163"><material><mattext texttype="text/plain">A sharp vinegar smell appeared</mattext></material></response_label><response_label ident="c6809561-e0b5-4d79-91a2-56b00e6e500f"><material><mattext texttype="text/plain">Temperature dropped from 23 C to 18 C</mattext></material></response_label><response_label ident="28037332-2aec-4828-a59a-b33861a632da"><material><mattext texttype="text/plain">It fizzed for 35 seconds</mattext></material></response_label><response_label ident="a96cabf4-63ed-4095-84be-f3286a408b22"><material><mattext texttype="text/plain">Used a glass beaker</mattext></material></response_label><response_label ident="31e1fd6a-4bbd-4f84-8d9d-fd477fe27a84"><material><mattext texttype="text/plain">Recorded observations after class</mattext></material></response_label></render_choice></response_lid><response_lid ident="0217bd2a-bb65-428b-b597-993e643a0f36" rcardinality="Multiple"><material><mattext texttype="text/plain">Quantitative</mattext></material><render_choice><response_label ident="439fda19-0f2b-49c9-a89f-4b0eacedffcc"><material><mattext texttype="text/plain">The solution turned pale yellow</mattext></material></response_label><response_label ident="40116a0e-602d-485a-b6d9-f76a7d1b6163"><material><mattext texttype="text/plain">A sharp vinegar smell appeared</mattext></material></response_label><response_label ident="c6809561-e0b5-4d79-91a2-56b00e6e500f"><material><mattext texttype="text/plain">Temperature dropped from 23 C to 18 C</mattext></material></response_label><response_label ident="28037332-2aec-4828-a59a-b33861a632da"><material><mattext texttype="text/plain">It fizzed for 35 seconds</mattext></material></response_label><response_label ident="a96cabf4-63ed-4095-84be-f3286a408b22"><material><mattext texttype="text/plain">Used a glass beaker</mattext></material></response_label><response_label ident="31e1fd6a-4bbd-4f84-8d9d-fd477fe27a84"><material><mattext texttype="text/plain">Recorded observations after class</mattext></material></response_label></render_choice></response_lid><response_lid ident="471ae759-0330-433f-b653-970b4eeef2bf" rcardinality="Multiple"><material><mattext texttype="text/plain">Uncategorized</mattext></material><render_choice><response_label ident="439fda19-0f2b-49c9-a89f-4b0eacedffcc"><material><mattext texttype="text/plain">The solution turned pale yellow</mattext></material></response_label><response_label ident="40116a0e-602d-485a-b6d9-f76a7d1b6163"><material><mattext texttype="text/plain">A sharp vinegar smell appeared</mattext></material></response_label><response_label ident="c6809561-e0b5-4d79-91a2-56b00e6e500f"><material><mattext texttype="text/plain">Temperature dropped from 23 C to 18 C</mattext></material></response_label><response_label ident="28037332-2aec-4828-a59a-b33861a632da"><material><mattext texttype="text/plain">It fizzed for 35 seconds</mattext></material></response_label><response_label ident="a96cabf4-63ed-4095-84be-f3286a408b22"><material><mattext texttype="text/plain">Used a glass beaker</mattext></material></response_label><response_label ident="31e1fd6a-4bbd-4f84-8d9d-fd477fe27a84"><material><mattext texttype="text/plain">Recorded observations after class</mattext></material></response_label></render_choice></response_lid></presentation><resprocessing><outcomes><decvar maxvalue="100" minvalue="0" varname="SCORE" vartype="Decimal" /></outcomes><respcondition><conditionvar><varequal respident="acc6a643-5e36-4a2e-9538-3a5e7cd42f8b">439fda19-0f2b-49c9-a89f-4b0eacedffcc</varequal><varequal respident="acc6a643-5e36-4a2e-9538-3a5e7cd42f8b">40116a0e-602d-485a-b6d9-f76a7d1b6163</varequal></conditionvar><setvar action="Add" varname="SCORE">33.33</setvar></respcondition><respcondition><conditionvar><varequal respident="0217bd2a-bb65-428b-b597-993e643a0f36">c6809561-e0b5-4d79-91a2-56b00e6e500f</varequal><varequal respident="0217bd2a-bb65-428b-b597-993e643a0f36">28037332-2aec-4828-a59a-b33861a632da</varequal></conditionvar><setvar action="Add" varname="SCORE">33.33</setvar></respcondition><respcondition><conditionvar /><setvar action="Add" varname="SCORE">33.34</setvar></respcondition></resprocessing></item><item ident="q_num" title="Q15"><itemmetadata><qtimetadata><qtimetadatafield><fieldlabel>question_type</fieldlabel><fieldentry>numerical_question</fieldentry></qtimetadatafield><qtimetadatafield><fieldlabel>calculator_type</fieldlabel><fieldentry>none</fieldentry></qtimetadatafield><qtimetadatafield><fieldlabel>points_possible</fieldlabel><fieldentry>5.0</fieldentry></qtimetadatafield></qtimetadata></itemmetadata><presentation><material><mattext texttype="text/html">&lt;div style="margin:10px 0;"&gt;&lt;div style="font-family: inherit; font-size:0.95em; padding:14px 18px; background:#fff; border:1px solid #d9d9d9; border-left:5px solid #4b79ff; line-height:1.6;"&gt;&lt;p style="margin: 0 0 0.9em 0; line-height: 1.6;"&gt;&lt;span style="font-size: 0.85em; font-style: italic; color: #999; font-weight: normal;"&gt;[1]&lt;/span&gt;     Compute the value of the expression: (15 + 9) / 3 - 4&lt;/p&gt;&lt;/div&gt;&lt;/div&gt;</mattext></material><response_str ident="response1" rcardinality="Single"><render_fib fibtype="Decimal"><response_label ident="answer1" /></render_fib></response_str></presentation><resprocessing><outcomes><decvar maxvalue="100" minvalue="0" varname="SCORE" vartype="Decimal" /></outcomes><respcondition continue="No"><conditionvar><or><varequal respident="response1">4.0</varequal><and><vargte respident="response1">4.0</vargte><varlte respident="response1">4.0</varlte></and></or></conditionvar><setvar action="Set" varname="SCORE">100</setvar></respcondition></resprocessing></item><item ident="q_mc_independent" title="Q16"><itemmetadata><qtimetadata><qtimetadatafield><fieldlabel>question_type</fieldlabel><fieldentry>multiple_choice_question</fieldentry></qtimetadatafield><qtimetadatafield><fieldlabel>calculator_type</fieldlabel><fieldentry>none</fieldentry></qtimetadatafield><qtimetadatafield><fieldlabel>points_possible</fieldlabel><fieldentry>5.0</fieldentry></qtimetadatafield></qtimetadata></itemmetadata><presentation><material><mattext texttype="text/html">&lt;p&gt;Which study plan best uses spaced practice for a science test?&lt;/p&gt;</mattext></material><response_lid ident="response1" rcardinality="Single"><render_choice><response_label ident="a"><material><mattext texttype="text/html">&lt;p&gt;Review notes for 15 minutes over six days&lt;/p&gt;</mattext></material></response_label><response_label ident="b"><material><mattext texttype="text/html">&lt;p&gt;Read the textbook aloud only on test day&lt;/p&gt;</mattext></material></response_label><response_label ident="c"><material><mattext texttype="text/html">&lt;p&gt;Skim headings without doing any practice&lt;/p&gt;</mattext></material></response_label><response_label ident="d"><material><mattext texttype="text/html">&lt;p&gt;Cram for two hours the night before&lt;/p&gt;</mattext></material></response_label></render_choice></response_lid></presentation><resprocessing><outcomes><decvar maxvalue="100" minvalue="0" varname="SCORE" vartype="Decimal" /></outcomes><respcondition continue="No"><conditionvar><varequal respident="response1">a</varequal></conditionvar><setvar action="Set" varname="SCORE">100</setvar></respcondition></resprocessing></item><item ident="q_ma_independent" title="Q17"><itemmetadata><qtimetadata><qtimetadatafield><fieldlabel>question_type</fieldlabel><fieldentry>multiple_answers_question</fieldentry></qtimetadatafield><qtimetadatafield><fieldlabel>calculator_type</fieldlabel><fieldentry>none</fieldentry></qtimetadatafield><qtimetadatafield><fieldlabel>points_possible</fieldlabel><fieldentry>4.0</fieldentry></qtimetadatafield></qtimetadata></itemmetadata><presentation><material><mattext texttype="text/html">&lt;p&gt;Select ALL cues that signal you should re-check your work. Circle every correct letter: A) Units changed mid-problem B) Result is far outside expected size C) You repeated the same calculation twice to confirm D) You ignored the diagram entirely&lt;/p&gt;</mattext></material><response_lid ident="response1" rcardinality="Multiple"><render_choice><response_label ident="a"><material><mattext texttype="text/html">&lt;p&gt;You ignored the diagram entirely&lt;/p&gt;</mattext></material></response_label><response_label ident="b"><material><mattext texttype="text/html">&lt;p&gt;Result is far outside expected size&lt;/p&gt;</mattext></material></response_label><response_label ident="c"><material><mattext texttype="text/html">&lt;p&gt;Units changed mid-problem&lt;/p&gt;</mattext></material></response_label><response_label ident="d"><material><mattext texttype="text/html">&lt;p&gt;You repeated the same calculation twice to confirm&lt;/p&gt;</mattext></material></response_label></render_choice></response_lid></presentation><resprocessing><outcomes><decvar maxvalue="100" minvalue="0" varname="SCORE" vartype="Decimal" /></outcomes><respcondition continue="Yes"><conditionvar><varequal respident="response1">a</varequal></conditionvar><setvar action="Add" varname="SCORE">33.33</setvar></respcondition><respcondition continue="Yes"><conditionvar><varequal respident="response1">b</varequal></conditionvar><setvar action="Add" varname="SCORE">33.33</setvar></respcondition><respcondition continue="Yes"><conditionvar><varequal respident="response1">c</varequal></conditionvar><setvar action="Add" varname="SCORE">33.34</setvar></respcondition></resprocessing></item><item ident="q_essay" title="Q18"><itemmetadata><qtimetadata><qtimetadatafield><fieldlabel>question_type</fieldlabel><fieldentry>essay_question</fieldentry></qtimetadatafield><qtimetadatafield><fieldlabel>calculator_type</fieldlabel><fieldentry>none</fieldentry></qtimetadatafield><qtimetadatafield><fieldlabel>points_possible</fieldlabel><fieldentry>19.0</fieldentry></qtimetadatafield></qtimetadata></itemmetadata><presentation><material><mattext texttype="text/html">&lt;p&gt;Describe how you would troubleshoot a math word problem when your first answer seems too large. Mention at least two checkpoints (units, estimation, inverse operations, or calculator entry) before trying again.&lt;/p&gt;</mattext></material><response_str ident="response1" rcardinality="Single"><render_fib><response_label ident="answer1" /></render_fib></response_str></presentation></item><item ident="q_file" title="Q19"><itemmetadata><qtimetadata><qtimetadatafield><fieldlabel>question_type</fieldlabel><fieldentry>file_upload_question</fieldentry></qtimetadatafield><qtimetadatafield><fieldlabel>calculator_type</fieldlabel><fieldentry>none</fieldentry></qtimetadatafield><qtimetadatafield><fieldlabel>points_possible</fieldlabel><fieldentry>19.0</fieldentry></qtimetadatafield></qtimetadata></itemmetadata><presentation><material><mattext texttype="text/html">&lt;p&gt;Upload a clear photo or PDF of a data table from a quick investigation you ran (for example, cooling different liquids). Include a title, labeled columns with units, at least five data rows, and one brief note on possible error sources.&lt;/p&gt;</mattext></material><response_str ident="response1" rcardinality="Single"><render_fib><response_label ident="answer1" /></render_fib></response_str></presentation></item></section></assessment></questestinterop>
