<?xml version="1.0"?>
<manifest xmlns="http://www.imsglobal.org/xsd/imsccv1p1/imscp_v1p1" xmlns:lom="http://ltsc.ieee.org/xsd/imsccv1p1/LOM/resource" xmlns:imsmd="http://www.imsglobal.org/xsd/imsmd_v1p2" xmlns:xsi="http://www.w3.org/2001/XMLSchema-instance" identifier="139d29d5-7123-4a95-a8d9-cc1bdaf7b5c4" xsi:schemaLocation="http://www.imsglobal.org/xsd/imsccv1p1/imscp_v1p1 http://www.imsglobal.org/xsd/imscp_v1p1.xsd http://ltsc.ieee.org/xsd/imsccv1p1/LOM/resource http://www.imsglobal.org/profile/cc/ccv1p1/LOM/ccv1p1_lomresource_v1p0.xsd http://www.imsglobal.org/xsd/imsmd_v1p2 http://www.imsglobal.org/xsd/imsmd_v1p2p2.xsd">
	<metadata>
		<schema>IMS Content</schema>
		<schemaversion>1.1.3</schemaversion>
		<imsmd:lom>
			<imsmd:general>
				<imsmd:title>
					<imsmd:string>The Observation - Act 1 Quiz (Thursday)</imsmd:string>
				</imsmd:title>
			</imsmd:general>
			<imsmd:lifeCycle>
				<imsmd:contribute>
					<imsmd:date>
						<imsmd:dateTime>2026-01-29</imsmd:dateTime>
					</imsmd:date>
				</imsmd:contribute>
			</imsmd:lifeCycle>
		</imsmd:lom>
	</metadata>
	<organizations/>
	<resources>
		<resource identifier="b0153c20-bfab-4777-b22c-4ffb34eb65c5" type="imsqti_xmlv1p2">
			<file href="b0153c20-bfab-4777-b22c-4ffb34eb65c5/b0153c20-bfab-4777-b22c-4ffb34eb65c5.xml"/>
			<dependency identifierref="2dffa7c3-74e2-455e-9047-8281da4a0fa4"/>
		</resource>
		<resource identifier="2dffa7c3-74e2-455e-9047-8281da4a0fa4" type="associatedcontent/imscc_xmlv1p1/learning-application-resource" href="b0153c20-bfab-4777-b22c-4ffb34eb65c5/assessment_meta.xml">
			<file href="b0153c20-bfab-4777-b22c-4ffb34eb65c5/assessment_meta.xml"/>
		</resource>
	</resources>
</manifest>
