<?xml version="1.0"?>
<manifest xmlns="http://www.imsglobal.org/xsd/imsccv1p1/imscp_v1p1" xmlns:lom="http://ltsc.ieee.org/xsd/imsccv1p1/LOM/resource" xmlns:imsmd="http://www.imsglobal.org/xsd/imsmd_v1p2" xmlns:xsi="http://www.w3.org/2001/XMLSchema-instance" identifier="cebd39b0-f19d-4ae2-887e-ce7e56f35adc" xsi:schemaLocation="http://www.imsglobal.org/xsd/imsccv1p1/imscp_v1p1 http://www.imsglobal.org/xsd/imscp_v1p1.xsd http://ltsc.ieee.org/xsd/imsccv1p1/LOM/resource http://www.imsglobal.org/profile/cc/ccv1p1/LOM/ccv1p1_lomresource_v1p0.xsd http://www.imsglobal.org/xsd/imsmd_v1p2 http://www.imsglobal.org/xsd/imsmd_v1p2p2.xsd">
	<metadata>
		<schema>IMS Content</schema>
		<schemaversion>1.1.3</schemaversion>
		<imsmd:lom>
			<imsmd:general>
				<imsmd:title>
					<imsmd:string>Attempt 9 - DocX All Types (13 Questions)</imsmd:string>
				</imsmd:title>
			</imsmd:general>
			<imsmd:lifeCycle>
				<imsmd:contribute>
					<imsmd:date>
						<imsmd:dateTime>2025-11-21</imsmd:dateTime>
					</imsmd:date>
				</imsmd:contribute>
			</imsmd:lifeCycle>
		</imsmd:lom>
	</metadata>
	<organizations/>
	<resources>
		<resource identifier="9ed828ed-d45d-4919-a367-5144f71a7b89" type="imsqti_xmlv1p2">
			<file href="9ed828ed-d45d-4919-a367-5144f71a7b89/9ed828ed-d45d-4919-a367-5144f71a7b89.xml"/>
			<dependency identifierref="c879e31a-a31d-4006-bea9-6d9b12c4fc8a"/>
		</resource>
		<resource identifier="c879e31a-a31d-4006-bea9-6d9b12c4fc8a" type="associatedcontent/imscc_xmlv1p1/learning-application-resource" href="9ed828ed-d45d-4919-a367-5144f71a7b89/assessment_meta.xml">
			<file href="9ed828ed-d45d-4919-a367-5144f71a7b89/assessment_meta.xml"/>
		</resource>
	</resources>
</manifest>
