<?xml version="1.0"?>
<quiz xmlns="http://canvas.instructure.com/xsd/cccv1p0" xmlns:xsi="http://canvas.instructure.com/xsd/cccv1p0 https://canvas.instructure.com/xsd/cccv1p0.xsd" identifier="c9efeeb0-21c3-4645-b8ea-acbc7e521f5b">
  <title>Practice 4: Final Passages Editing and Revision</title>
  <description></description>
  <shuffle_questions>false</shuffle_questions>
  <shuffle_answers>true</shuffle_answers>
  <calculator_type>none</calculator_type>
  <scoring_policy>keep_highest</scoring_policy>
  <allowed_attempts>1</allowed_attempts>
  <points_possible>100.0</points_possible>
</quiz>
