<?xml version="1.0"?>
<questestinterop xmlns="http://www.imsglobal.org/xsd/ims_qtiasiv1p2" xmlns:xsi="http://www.w3.org/2001/XMLSchema-instance" xsi:schemaLocation="http://www.imsglobal.org/xsd/ims_qtiasiv1p2 http://www.imsglobal.org/xsd/ims_qtiasiv1p2p1.xsd"><assessment ident="assessment_5ec1ea17" title="Practice 4: Final Passages Editing and Revision"><qtimetadata><qtimetadatafield><fieldlabel>cc_maxattempts</fieldlabel><fieldentry>1</fieldentry></qtimetadatafield></qtimetadata><section ident="root_section"><item ident="q29" title="Q01"><itemmetadata><qtimetadata><qtimetadatafield><fieldlabel>question_type</fieldlabel><fieldentry>multiple_choice_question</fieldentry></qtimetadatafield><qtimetadatafield><fieldlabel>calculator_type</fieldlabel><fieldentry>none</fieldentry></qtimetadatafield><qtimetadatafield><fieldlabel>points_possible</fieldlabel><fieldentry>6.0</fieldentry></qtimetadatafield></qtimetadata></itemmetadata><presentation><material><mattext texttype="text/html">From "Compliment Letter for a Great Product":

Sentence 4 reads:
"In my opinion, these earbuds are the perfect blend of comfort, clear sound, and they are affordable."

What is the best way to revise sentence four for clarity and style?</mattext></material><response_lid ident="response1" rcardinality="Single"><render_choice><response_label ident="a"><material><mattext texttype="text/html">In my opinion, the earbuds show a blend of comfort and sound that works well.</mattext></material></response_label><response_label ident="b"><material><mattext texttype="text/html">These earbuds are, in my opinion, a perfect mix of comfort, clear sound, and value.</mattext></material></response_label><response_label ident="c"><material><mattext texttype="text/html">In my opinion, these earbuds combine comfort, clear sound, and affordability.</mattext></material></response_label><response_label ident="d"><material><mattext texttype="text/html">These earbuds are what I believe show a strong balance of features.</mattext></material></response_label></render_choice></response_lid></presentation><resprocessing><outcomes><decvar maxvalue="100" minvalue="0" varname="SCORE" vartype="Decimal" /></outcomes><respcondition continue="No"><conditionvar><varequal respident="response1">c</varequal></conditionvar><setvar action="Set" varname="SCORE">100</setvar></respcondition></resprocessing></item><item ident="q30" title="Q02"><itemmetadata><qtimetadata><qtimetadatafield><fieldlabel>question_type</fieldlabel><fieldentry>essay_question</fieldentry></qtimetadatafield><qtimetadatafield><fieldlabel>calculator_type</fieldlabel><fieldentry>none</fieldentry></qtimetadatafield><qtimetadatafield><fieldlabel>points_possible</fieldlabel><fieldentry>23.0</fieldentry></qtimetadatafield></qtimetadata></itemmetadata><presentation><material><mattext texttype="text/html">From "Compliment Letter for a Great Product":

Sentences 10 and 11 read:
"I once used them at a school pep rally. This involved loud music and cheering."

Combine the ideas from sentences ten and eleven into one clear sentence.</mattext></material><response_str ident="response1" rcardinality="Single"><render_fib><response_label ident="answer1" /></render_fib></response_str></presentation></item><item ident="q31" title="Q03"><itemmetadata><qtimetadata><qtimetadatafield><fieldlabel>question_type</fieldlabel><fieldentry>multiple_choice_question</fieldentry></qtimetadatafield><qtimetadatafield><fieldlabel>calculator_type</fieldlabel><fieldentry>none</fieldentry></qtimetadatafield><qtimetadatafield><fieldlabel>points_possible</fieldlabel><fieldentry>6.0</fieldentry></qtimetadatafield></qtimetadata></itemmetadata><presentation><material><mattext texttype="text/html">From "Compliment Letter for a Great Product":

Sentence 17 reads:
"In contrast, earbuds that do not block background noise can make people turn the volume up too high."

Which transition should replace "In contrast" in sentence seventeen?</mattext></material><response_lid ident="response1" rcardinality="Single"><render_choice><response_label ident="a"><material><mattext texttype="text/html">At the same time</mattext></material></response_label><response_label ident="b"><material><mattext texttype="text/html">As a result</mattext></material></response_label><response_label ident="c"><material><mattext texttype="text/html">Even worse</mattext></material></response_label><response_label ident="d"><material><mattext texttype="text/html">In general</mattext></material></response_label></render_choice></response_lid></presentation><resprocessing><outcomes><decvar maxvalue="100" minvalue="0" varname="SCORE" vartype="Decimal" /></outcomes><respcondition continue="No"><conditionvar><varequal respident="response1">c</varequal></conditionvar><setvar action="Set" varname="SCORE">100</setvar></respcondition></resprocessing></item><item ident="q32" title="Q04"><itemmetadata><qtimetadata><qtimetadatafield><fieldlabel>question_type</fieldlabel><fieldentry>multiple_choice_question</fieldentry></qtimetadatafield><qtimetadatafield><fieldlabel>calculator_type</fieldlabel><fieldentry>none</fieldentry></qtimetadatafield><qtimetadatafield><fieldlabel>points_possible</fieldlabel><fieldentry>6.0</fieldentry></qtimetadatafield></qtimetadata></itemmetadata><presentation><material><mattext texttype="text/html">From "Compliment Letter for a Great Product":

Sentence 25 reads:
"Right now, they come only in black, gray, and white."

Which sentence best supports sentence twenty-five?</mattext></material><response_lid ident="response1" rcardinality="Single"><render_choice><response_label ident="a"><material><mattext texttype="text/html">Advertising during events could help attract attention.</mattext></material></response_label><response_label ident="b"><material><mattext texttype="text/html">Adding more colors could encourage customers to buy another pair.</mattext></material></response_label><response_label ident="c"><material><mattext texttype="text/html">Some people might enjoy sharing them with family members.</mattext></material></response_label><response_label ident="d"><material><mattext texttype="text/html">They feel comfortable enough for long periods of use.</mattext></material></response_label></render_choice></response_lid></presentation><resprocessing><outcomes><decvar maxvalue="100" minvalue="0" varname="SCORE" vartype="Decimal" /></outcomes><respcondition continue="No"><conditionvar><varequal respident="response1">b</varequal></conditionvar><setvar action="Set" varname="SCORE">100</setvar></respcondition></resprocessing></item><item ident="q33" title="Q05"><itemmetadata><qtimetadata><qtimetadatafield><fieldlabel>question_type</fieldlabel><fieldentry>multiple_choice_question</fieldentry></qtimetadatafield><qtimetadatafield><fieldlabel>calculator_type</fieldlabel><fieldentry>none</fieldentry></qtimetadatafield><qtimetadatafield><fieldlabel>points_possible</fieldlabel><fieldentry>6.0</fieldentry></qtimetadatafield></qtimetadata></itemmetadata><presentation><material><mattext texttype="text/html">From "Training Your Brain with Strategy Games":

Sentence 2 reads:
"Training the mind can happen in many ways, including reading books, playing board games, and learning new hobbies."

Which sentence can replace sentence two to create a more effective introduction?</mattext></material><response_lid ident="response1" rcardinality="Single"><render_choice><response_label ident="a"><material><mattext texttype="text/html">Many people argue that diet matters more than anything else.</mattext></material></response_label><response_label ident="b"><material><mattext texttype="text/html">The human brain remains difficult to fully understand.</mattext></material></response_label><response_label ident="c"><material><mattext texttype="text/html">There are several ways to strengthen the brain through daily activities.</mattext></material></response_label><response_label ident="d"><material><mattext texttype="text/html">Physical movement is the best form of mental training.</mattext></material></response_label></render_choice></response_lid></presentation><resprocessing><outcomes><decvar maxvalue="100" minvalue="0" varname="SCORE" vartype="Decimal" /></outcomes><respcondition continue="No"><conditionvar><varequal respident="response1">c</varequal></conditionvar><setvar action="Set" varname="SCORE">100</setvar></respcondition></resprocessing></item><item ident="q34" title="Q06"><itemmetadata><qtimetadata><qtimetadatafield><fieldlabel>question_type</fieldlabel><fieldentry>multiple_choice_question</fieldentry></qtimetadatafield><qtimetadatafield><fieldlabel>calculator_type</fieldlabel><fieldentry>none</fieldentry></qtimetadatafield><qtimetadatafield><fieldlabel>points_possible</fieldlabel><fieldentry>6.0</fieldentry></qtimetadatafield></qtimetadata></itemmetadata><presentation><material><mattext texttype="text/html">From "Training Your Brain with Strategy Games":

Sentence 5 reads:
"Studies have shown that students who play strategy games often improve their ability to plan and pay attention."

What revision, if any, should be made in sentence five?</mattext></material><response_lid ident="response1" rcardinality="Single"><render_choice><response_label ident="a"><material><mattext texttype="text/html">No change is needed at this time.</mattext></material></response_label><response_label ident="b"><material><mattext texttype="text/html">Move the phrase to a later point in the paragraph.</mattext></material></response_label><response_label ident="c"><material><mattext texttype="text/html">Replace one word to slightly adjust the tone.</mattext></material></response_label><response_label ident="d"><material><mattext texttype="text/html">Remove extra wording while keeping the original meaning.</mattext></material></response_label></render_choice></response_lid></presentation><resprocessing><outcomes><decvar maxvalue="100" minvalue="0" varname="SCORE" vartype="Decimal" /></outcomes><respcondition continue="No"><conditionvar><varequal respident="response1">d</varequal></conditionvar><setvar action="Set" varname="SCORE">100</setvar></respcondition></resprocessing></item><item ident="q35" title="Q07"><itemmetadata><qtimetadata><qtimetadatafield><fieldlabel>question_type</fieldlabel><fieldentry>multiple_choice_question</fieldentry></qtimetadatafield><qtimetadatafield><fieldlabel>calculator_type</fieldlabel><fieldentry>none</fieldentry></qtimetadatafield><qtimetadatafield><fieldlabel>points_possible</fieldlabel><fieldentry>6.0</fieldentry></qtimetadatafield></qtimetadata></itemmetadata><presentation><material><mattext texttype="text/html">From "Training Your Brain with Strategy Games":

Sentence 14 reads:
"They claim that spending an hour on chess, checkers, or a logic puzzle app is not a good use of a person's time."

What is the best way to revise sentence fourteen to avoid repetition?</mattext></material><response_lid ident="response1" rcardinality="Single"><render_choice><response_label ident="a"><material><mattext texttype="text/html">They claim that games are often not useful.</mattext></material></response_label><response_label ident="b"><material><mattext texttype="text/html">They claim that an hour is usually wasted.</mattext></material></response_label><response_label ident="c"><material><mattext texttype="text/html">They claim that chess and checkers take too much time.</mattext></material></response_label><response_label ident="d"><material><mattext texttype="text/html">They claim that spending an hour on games or puzzles is not a good use of time.</mattext></material></response_label></render_choice></response_lid></presentation><resprocessing><outcomes><decvar maxvalue="100" minvalue="0" varname="SCORE" vartype="Decimal" /></outcomes><respcondition continue="No"><conditionvar><varequal respident="response1">d</varequal></conditionvar><setvar action="Set" varname="SCORE">100</setvar></respcondition></resprocessing></item><item ident="q36" title="Q08"><itemmetadata><qtimetadata><qtimetadatafield><fieldlabel>question_type</fieldlabel><fieldentry>multiple_choice_question</fieldentry></qtimetadatafield><qtimetadatafield><fieldlabel>calculator_type</fieldlabel><fieldentry>none</fieldentry></qtimetadatafield><qtimetadatafield><fieldlabel>points_possible</fieldlabel><fieldentry>6.0</fieldentry></qtimetadatafield></qtimetadata></itemmetadata><presentation><material><mattext texttype="text/html">From "Training Your Brain with Strategy Games":

Sentence 16 reads:
"Taking time for strategy games is clearly beneficial."

Which word should replace "beneficial" in sentence sixteen?</mattext></material><response_lid ident="response1" rcardinality="Single"><render_choice><response_label ident="a"><material><mattext texttype="text/html">Effective</mattext></material></response_label><response_label ident="b"><material><mattext texttype="text/html">Reflective</mattext></material></response_label><response_label ident="c"><material><mattext texttype="text/html">Professional</mattext></material></response_label><response_label ident="d"><material><mattext texttype="text/html">Helpful</mattext></material></response_label></render_choice></response_lid></presentation><resprocessing><outcomes><decvar maxvalue="100" minvalue="0" varname="SCORE" vartype="Decimal" /></outcomes><respcondition continue="No"><conditionvar><varequal respident="response1">d</varequal></conditionvar><setvar action="Set" varname="SCORE">100</setvar></respcondition></resprocessing></item><item ident="q37" title="Q09"><itemmetadata><qtimetadata><qtimetadatafield><fieldlabel>question_type</fieldlabel><fieldentry>multiple_choice_question</fieldentry></qtimetadatafield><qtimetadatafield><fieldlabel>calculator_type</fieldlabel><fieldentry>none</fieldentry></qtimetadatafield><qtimetadatafield><fieldlabel>points_possible</fieldlabel><fieldentry>6.0</fieldentry></qtimetadatafield></qtimetadata></itemmetadata><presentation><material><mattext texttype="text/html">From "After-School Hike":

Sentence 2 reads:
"Their first stop would be Big Bend national park, near Terlingua, Texas."

What change needs to be made in sentence two?</mattext></material><response_lid ident="response1" rcardinality="Single"><render_choice><response_label ident="a"><material><mattext texttype="text/html">Capitalize Big Bend National Park.</mattext></material></response_label><response_label ident="b"><material><mattext texttype="text/html">Remove punctuation that interrupts the sentence.</mattext></material></response_label><response_label ident="c"><material><mattext texttype="text/html">Revise the verb phrase for tense consistency.</mattext></material></response_label><response_label ident="d"><material><mattext texttype="text/html">Change the pronoun to improve agreement.</mattext></material></response_label></render_choice></response_lid></presentation><resprocessing><outcomes><decvar maxvalue="100" minvalue="0" varname="SCORE" vartype="Decimal" /></outcomes><respcondition continue="No"><conditionvar><varequal respident="response1">a</varequal></conditionvar><setvar action="Set" varname="SCORE">100</setvar></respcondition></resprocessing></item><item ident="q38" title="Q10"><itemmetadata><qtimetadata><qtimetadatafield><fieldlabel>question_type</fieldlabel><fieldentry>multiple_choice_question</fieldentry></qtimetadatafield><qtimetadatafield><fieldlabel>calculator_type</fieldlabel><fieldentry>none</fieldentry></qtimetadatafield><qtimetadatafield><fieldlabel>points_possible</fieldlabel><fieldentry>6.0</fieldentry></qtimetadatafield></qtimetadata></itemmetadata><presentation><material><mattext texttype="text/html">From "After-School Hike":

Sentence 3 reads:
"While Ms. Ortiz drove, the students talked excited about the trail they hoped to hike."

What change needs to be made in sentence three?</mattext></material><response_lid ident="response1" rcardinality="Single"><render_choice><response_label ident="a"><material><mattext texttype="text/html">Adjust the verb tense for clarity.</mattext></material></response_label><response_label ident="b"><material><mattext texttype="text/html">Delete punctuation that separates the subject and verb.</mattext></material></response_label><response_label ident="c"><material><mattext texttype="text/html">Revise the possessive form of the title.</mattext></material></response_label><response_label ident="d"><material><mattext texttype="text/html">Change the adjective to an adverb form.</mattext></material></response_label></render_choice></response_lid></presentation><resprocessing><outcomes><decvar maxvalue="100" minvalue="0" varname="SCORE" vartype="Decimal" /></outcomes><respcondition continue="No"><conditionvar><varequal respident="response1">d</varequal></conditionvar><setvar action="Set" varname="SCORE">100</setvar></respcondition></resprocessing></item><item ident="q39" title="Q11"><itemmetadata><qtimetadata><qtimetadatafield><fieldlabel>question_type</fieldlabel><fieldentry>multiple_choice_question</fieldentry></qtimetadatafield><qtimetadatafield><fieldlabel>calculator_type</fieldlabel><fieldentry>none</fieldentry></qtimetadatafield><qtimetadatafield><fieldlabel>points_possible</fieldlabel><fieldentry>6.0</fieldentry></qtimetadatafield></qtimetadata></itemmetadata><presentation><material><mattext texttype="text/html">From "After-School Hike":

Sentence 4 reads:
"One student mentioned climbing a 'ridge line,' this is a long, narrow stretch of high ground."

What is the correct way to write sentence four?</mattext></material><response_lid ident="response1" rcardinality="Single"><render_choice><response_label ident="a"><material><mattext texttype="text/html">One student mentioned climbing a ridgeline, a long, narrow stretch of high ground.</mattext></material></response_label><response_label ident="b"><material><mattext texttype="text/html">One student mentioned climbing a ridgeline, which is a long stretch of ground.</mattext></material></response_label><response_label ident="c"><material><mattext texttype="text/html">One student mentioned climbing a ridgeline during the hike along the trail.</mattext></material></response_label><response_label ident="d"><material><mattext texttype="text/html">One student mentioned a ridgeline, a narrow stretch of elevated ground.</mattext></material></response_label></render_choice></response_lid></presentation><resprocessing><outcomes><decvar maxvalue="100" minvalue="0" varname="SCORE" vartype="Decimal" /></outcomes><respcondition continue="No"><conditionvar><varequal respident="response1">a</varequal></conditionvar><setvar action="Set" varname="SCORE">100</setvar></respcondition></resprocessing></item><item ident="q40" title="Q12"><itemmetadata><qtimetadata><qtimetadatafield><fieldlabel>question_type</fieldlabel><fieldentry>multiple_choice_question</fieldentry></qtimetadatafield><qtimetadatafield><fieldlabel>calculator_type</fieldlabel><fieldentry>none</fieldentry></qtimetadatafield><qtimetadatafield><fieldlabel>points_possible</fieldlabel><fieldentry>6.0</fieldentry></qtimetadatafield></qtimetadata></itemmetadata><presentation><material><mattext texttype="text/html">From "The Real Value of Helping at Home":

Sentence 4 reads:
"Instead of paying kids to help with household tasks parents should help them understand that caring for the home is a team effort and that everyone needs to contribute."

What change needs to be made in sentence four?</mattext></material><response_lid ident="response1" rcardinality="Single"><render_choice><response_label ident="a"><material><mattext texttype="text/html">Change "understand" to "understood"</mattext></material></response_label><response_label ident="b"><material><mattext texttype="text/html">Add a comma after "tasks"</mattext></material></response_label><response_label ident="c"><material><mattext texttype="text/html">Add a semicolon after "effort"</mattext></material></response_label><response_label ident="d"><material><mattext texttype="text/html">Change "parents" to "parent's"</mattext></material></response_label></render_choice></response_lid></presentation><resprocessing><outcomes><decvar maxvalue="100" minvalue="0" varname="SCORE" vartype="Decimal" /></outcomes><respcondition continue="No"><conditionvar><varequal respident="response1">b</varequal></conditionvar><setvar action="Set" varname="SCORE">100</setvar></respcondition></resprocessing></item><item ident="q41" title="Q13"><itemmetadata><qtimetadata><qtimetadatafield><fieldlabel>question_type</fieldlabel><fieldentry>multiple_choice_question</fieldentry></qtimetadatafield><qtimetadatafield><fieldlabel>calculator_type</fieldlabel><fieldentry>none</fieldentry></qtimetadatafield><qtimetadatafield><fieldlabel>points_possible</fieldlabel><fieldentry>6.0</fieldentry></qtimetadatafield></qtimetadata></itemmetadata><presentation><material><mattext texttype="text/html">From "The Real Value of Helping at Home":

Sentence 6 reads:
"They can foster a sense around responsibility and accomplishment."

What revision should be made in sentence six?</mattext></material><response_lid ident="response1" rcardinality="Single"><render_choice><response_label ident="a"><material><mattext texttype="text/html">Change "foster" to "create"</mattext></material></response_label><response_label ident="b"><material><mattext texttype="text/html">Change "around" to "of"</mattext></material></response_label><response_label ident="c"><material><mattext texttype="text/html">Add a comma after "sense"</mattext></material></response_label><response_label ident="d"><material><mattext texttype="text/html">Change "accomplishment" to "accomplishments"</mattext></material></response_label></render_choice></response_lid></presentation><resprocessing><outcomes><decvar maxvalue="100" minvalue="0" varname="SCORE" vartype="Decimal" /></outcomes><respcondition continue="No"><conditionvar><varequal respident="response1">b</varequal></conditionvar><setvar action="Set" varname="SCORE">100</setvar></respcondition></resprocessing></item><item ident="q42" title="Q14"><itemmetadata><qtimetadata><qtimetadatafield><fieldlabel>question_type</fieldlabel><fieldentry>multiple_choice_question</fieldentry></qtimetadatafield><qtimetadatafield><fieldlabel>calculator_type</fieldlabel><fieldentry>none</fieldentry></qtimetadatafield><qtimetadatafield><fieldlabel>points_possible</fieldlabel><fieldentry>5.0</fieldentry></qtimetadatafield></qtimetadata></itemmetadata><presentation><material><mattext texttype="text/html">From "The Real Value of Helping at Home":

Sentence 7 reads:
"They can help kids grow in independance."

Sentence 8 reads:
"Although kids might not enjoy chores without pay, this practice can help lay the foundation for a successful Adulthood."

What changes need to be made in sentences seven and eight?</mattext></material><response_lid ident="response1" rcardinality="Single"><render_choice><response_label ident="a"><material><mattext texttype="text/html">Change "independance" to "independence" in sentence 7; change "Adulthood" to "adulthood" in sentence 8</mattext></material></response_label><response_label ident="b"><material><mattext texttype="text/html">Add a comma after "kids" in sentence 7; change "successful" to "successfully" in sentence 8</mattext></material></response_label><response_label ident="c"><material><mattext texttype="text/html">Change "grow" to "grows" in sentence 7; change "foundation" to "foundations" in sentence 8</mattext></material></response_label><response_label ident="d"><material><mattext texttype="text/html">Change "grow" to "growing" in sentence 7; remove the comma after "pay" in sentence 8</mattext></material></response_label></render_choice></response_lid></presentation><resprocessing><outcomes><decvar maxvalue="100" minvalue="0" varname="SCORE" vartype="Decimal" /></outcomes><respcondition continue="No"><conditionvar><varequal respident="response1">a</varequal></conditionvar><setvar action="Set" varname="SCORE">100</setvar></respcondition></resprocessing></item></section></assessment></questestinterop>
