<?xml version="1.0"?>
<manifest xmlns="http://www.imsglobal.org/xsd/imsccv1p1/imscp_v1p1" xmlns:lom="http://ltsc.ieee.org/xsd/imsccv1p1/LOM/resource" xmlns:imsmd="http://www.imsglobal.org/xsd/imsmd_v1p2" xmlns:xsi="http://www.w3.org/2001/XMLSchema-instance" identifier="2e15d4e0-d85f-40cc-a317-266eb580cf0a" xsi:schemaLocation="http://www.imsglobal.org/xsd/imsccv1p1/imscp_v1p1 http://www.imsglobal.org/xsd/imscp_v1p1.xsd http://ltsc.ieee.org/xsd/imsccv1p1/LOM/resource http://www.imsglobal.org/profile/cc/ccv1p1/LOM/ccv1p1_lomresource_v1p0.xsd http://www.imsglobal.org/xsd/imsmd_v1p2 http://www.imsglobal.org/xsd/imsmd_v1p2p2.xsd">
	<metadata>
		<schema>IMS Content</schema>
		<schemaversion>1.1.3</schemaversion>
		<imsmd:lom>
			<imsmd:general>
				<imsmd:title>
					<imsmd:string>Semester Exam Ch3-9</imsmd:string>
				</imsmd:title>
			</imsmd:general>
			<imsmd:lifeCycle>
				<imsmd:contribute>
					<imsmd:date>
						<imsmd:dateTime>2026-01-05</imsmd:dateTime>
					</imsmd:date>
				</imsmd:contribute>
			</imsmd:lifeCycle>
		</imsmd:lom>
	</metadata>
	<organizations/>
	<resources>
		<resource identifier="88e692a2-da1b-48ee-9127-78263cbf6c0d" type="imsqti_xmlv1p2">
			<file href="88e692a2-da1b-48ee-9127-78263cbf6c0d/88e692a2-da1b-48ee-9127-78263cbf6c0d.xml"/>
			<dependency identifierref="99da854d-15a7-43f4-9c18-219ae1b667a7"/>
		</resource>
		<resource identifier="99da854d-15a7-43f4-9c18-219ae1b667a7" type="associatedcontent/imscc_xmlv1p1/learning-application-resource" href="88e692a2-da1b-48ee-9127-78263cbf6c0d/assessment_meta.xml">
			<file href="88e692a2-da1b-48ee-9127-78263cbf6c0d/assessment_meta.xml"/>
		</resource>
	</resources>
</manifest>
