<?xml version="1.0"?>
<manifest xmlns="http://www.imsglobal.org/xsd/imsccv1p1/imscp_v1p1" xmlns:lom="http://ltsc.ieee.org/xsd/imsccv1p1/LOM/resource" xmlns:imsmd="http://www.imsglobal.org/xsd/imsmd_v1p2" xmlns:xsi="http://www.w3.org/2001/XMLSchema-instance" identifier="0ee8acce-76c1-4c35-9ca4-53b9d6343e16" xsi:schemaLocation="http://www.imsglobal.org/xsd/imsccv1p1/imscp_v1p1 http://www.imsglobal.org/xsd/imscp_v1p1.xsd http://ltsc.ieee.org/xsd/imsccv1p1/LOM/resource http://www.imsglobal.org/profile/cc/ccv1p1/LOM/ccv1p1_lomresource_v1p0.xsd http://www.imsglobal.org/xsd/imsmd_v1p2 http://www.imsglobal.org/xsd/imsmd_v1p2p2.xsd">
	<metadata>
		<schema>IMS Content</schema>
		<schemaversion>1.1.3</schemaversion>
		<imsmd:lom>
			<imsmd:general>
				<imsmd:title>
					<imsmd:string>Chapter 9 Exam - Lists, List Functions, Traversals, Searching</imsmd:string>
				</imsmd:title>
			</imsmd:general>
			<imsmd:lifeCycle>
				<imsmd:contribute>
					<imsmd:date>
						<imsmd:dateTime>2026-01-05</imsmd:dateTime>
					</imsmd:date>
				</imsmd:contribute>
			</imsmd:lifeCycle>
		</imsmd:lom>
	</metadata>
	<organizations/>
	<resources>
		<resource identifier="f22612ab-0d7a-4798-95b1-62986b564cb2" type="imsqti_xmlv1p2">
			<file href="f22612ab-0d7a-4798-95b1-62986b564cb2/f22612ab-0d7a-4798-95b1-62986b564cb2.xml"/>
			<dependency identifierref="4cf618ca-6854-484c-b74a-1ac185a9cbfc"/>
		</resource>
		<resource identifier="4cf618ca-6854-484c-b74a-1ac185a9cbfc" type="associatedcontent/imscc_xmlv1p1/learning-application-resource" href="f22612ab-0d7a-4798-95b1-62986b564cb2/assessment_meta.xml">
			<file href="f22612ab-0d7a-4798-95b1-62986b564cb2/assessment_meta.xml"/>
		</resource>
	</resources>
</manifest>
