<?xml version="1.0"?>
<manifest xmlns="http://www.imsglobal.org/xsd/imsccv1p1/imscp_v1p1" xmlns:lom="http://ltsc.ieee.org/xsd/imsccv1p1/LOM/resource" xmlns:imsmd="http://www.imsglobal.org/xsd/imsmd_v1p2" xmlns:xsi="http://www.w3.org/2001/XMLSchema-instance" identifier="817b9530-a8cd-475c-bf0e-0a7de6171c4a" xsi:schemaLocation="http://www.imsglobal.org/xsd/imsccv1p1/imscp_v1p1 http://www.imsglobal.org/xsd/imscp_v1p1.xsd http://ltsc.ieee.org/xsd/imsccv1p1/LOM/resource http://www.imsglobal.org/profile/cc/ccv1p1/LOM/ccv1p1_lomresource_v1p0.xsd http://www.imsglobal.org/xsd/imsmd_v1p2 http://www.imsglobal.org/xsd/imsmd_v1p2p2.xsd">
	<metadata>
		<schema>IMS Content</schema>
		<schemaversion>1.1.3</schemaversion>
		<imsmd:lom>
			<imsmd:general>
				<imsmd:title>
					<imsmd:string>Chapter 10 Lesson 3 Quiz: The Math Library</imsmd:string>
				</imsmd:title>
			</imsmd:general>
			<imsmd:lifeCycle>
				<imsmd:contribute>
					<imsmd:date>
						<imsmd:dateTime>2026-01-05</imsmd:dateTime>
					</imsmd:date>
				</imsmd:contribute>
			</imsmd:lifeCycle>
		</imsmd:lom>
	</metadata>
	<organizations/>
	<resources>
		<resource identifier="4440a73e-908d-4e0f-9353-8fdfee5c6180" type="imsqti_xmlv1p2">
			<file href="4440a73e-908d-4e0f-9353-8fdfee5c6180/4440a73e-908d-4e0f-9353-8fdfee5c6180.xml"/>
			<dependency identifierref="f5922c0e-047b-4cda-b451-d24d9be31382"/>
		</resource>
		<resource identifier="f5922c0e-047b-4cda-b451-d24d9be31382" type="associatedcontent/imscc_xmlv1p1/learning-application-resource" href="4440a73e-908d-4e0f-9353-8fdfee5c6180/assessment_meta.xml">
			<file href="4440a73e-908d-4e0f-9353-8fdfee5c6180/assessment_meta.xml"/>
		</resource>
	</resources>
</manifest>
