<?xml version="1.0"?>
<manifest xmlns="http://www.imsglobal.org/xsd/imsccv1p1/imscp_v1p1" xmlns:lom="http://ltsc.ieee.org/xsd/imsccv1p1/LOM/resource" xmlns:imsmd="http://www.imsglobal.org/xsd/imsmd_v1p2" xmlns:xsi="http://www.w3.org/2001/XMLSchema-instance" identifier="2e4e7785-fa94-42ee-a2dc-bc4b9748b958" xsi:schemaLocation="http://www.imsglobal.org/xsd/imsccv1p1/imscp_v1p1 http://www.imsglobal.org/xsd/imscp_v1p1.xsd http://ltsc.ieee.org/xsd/imsccv1p1/LOM/resource http://www.imsglobal.org/profile/cc/ccv1p1/LOM/ccv1p1_lomresource_v1p0.xsd http://www.imsglobal.org/xsd/imsmd_v1p2 http://www.imsglobal.org/xsd/imsmd_v1p2p2.xsd">
	<metadata>
		<schema>IMS Content</schema>
		<schemaversion>1.1.3</schemaversion>
		<imsmd:lom>
			<imsmd:general>
				<imsmd:title>
					<imsmd:string>Elf Editing and Revision - Easy Practice</imsmd:string>
				</imsmd:title>
			</imsmd:general>
			<imsmd:lifeCycle>
				<imsmd:contribute>
					<imsmd:date>
						<imsmd:dateTime>2025-12-05</imsmd:dateTime>
					</imsmd:date>
				</imsmd:contribute>
			</imsmd:lifeCycle>
		</imsmd:lom>
	</metadata>
	<organizations/>
	<resources>
		<resource identifier="14988cbd-3c78-4967-ac73-49111affccb2" type="imsqti_xmlv1p2">
			<file href="14988cbd-3c78-4967-ac73-49111affccb2/14988cbd-3c78-4967-ac73-49111affccb2.xml"/>
			<dependency identifierref="441a270e-e07f-4d06-8a29-bb871b0d16d3"/>
		</resource>
		<resource identifier="441a270e-e07f-4d06-8a29-bb871b0d16d3" type="associatedcontent/imscc_xmlv1p1/learning-application-resource" href="14988cbd-3c78-4967-ac73-49111affccb2/assessment_meta.xml">
			<file href="14988cbd-3c78-4967-ac73-49111affccb2/assessment_meta.xml"/>
		</resource>
	</resources>
</manifest>
