<?xml version="1.0"?>
<manifest xmlns="http://www.imsglobal.org/xsd/imsccv1p1/imscp_v1p1" xmlns:lom="http://ltsc.ieee.org/xsd/imsccv1p1/LOM/resource" xmlns:imsmd="http://www.imsglobal.org/xsd/imsmd_v1p2" xmlns:xsi="http://www.w3.org/2001/XMLSchema-instance" identifier="9bc776f8-134d-4c2c-94db-2a3490753265" xsi:schemaLocation="http://www.imsglobal.org/xsd/imsccv1p1/imscp_v1p1 http://www.imsglobal.org/xsd/imscp_v1p1.xsd http://ltsc.ieee.org/xsd/imsccv1p1/LOM/resource http://www.imsglobal.org/profile/cc/ccv1p1/LOM/ccv1p1_lomresource_v1p0.xsd http://www.imsglobal.org/xsd/imsmd_v1p2 http://www.imsglobal.org/xsd/imsmd_v1p2p2.xsd">
	<metadata>
		<schema>IMS Content</schema>
		<schemaversion>1.1.3</schemaversion>
		<imsmd:lom>
			<imsmd:general>
				<imsmd:title>
					<imsmd:string>The Hitchhiker - Day 2 Reading Check (Half 2, On/Below Level, No Text) - Length-Balanced</imsmd:string>
				</imsmd:title>
			</imsmd:general>
			<imsmd:lifeCycle>
				<imsmd:contribute>
					<imsmd:date>
						<imsmd:dateTime>2026-01-13</imsmd:dateTime>
					</imsmd:date>
				</imsmd:contribute>
			</imsmd:lifeCycle>
		</imsmd:lom>
	</metadata>
	<organizations/>
	<resources>
		<resource identifier="8e23946a-2e52-471c-8860-275578788692" type="imsqti_xmlv1p2">
			<file href="8e23946a-2e52-471c-8860-275578788692/8e23946a-2e52-471c-8860-275578788692.xml"/>
			<dependency identifierref="6247da62-99c9-4843-9ab6-df70e0fa47f3"/>
		</resource>
		<resource identifier="6247da62-99c9-4843-9ab6-df70e0fa47f3" type="associatedcontent/imscc_xmlv1p1/learning-application-resource" href="8e23946a-2e52-471c-8860-275578788692/assessment_meta.xml">
			<file href="8e23946a-2e52-471c-8860-275578788692/assessment_meta.xml"/>
		</resource>
	</resources>
</manifest>
