<?xml version="1.0"?>
<manifest xmlns="http://www.imsglobal.org/xsd/imsccv1p1/imscp_v1p1" xmlns:lom="http://ltsc.ieee.org/xsd/imsccv1p1/LOM/resource" xmlns:imsmd="http://www.imsglobal.org/xsd/imsmd_v1p2" xmlns:xsi="http://www.w3.org/2001/XMLSchema-instance" identifier="bf65e352-c57b-46e3-9465-6ce26c606505" xsi:schemaLocation="http://www.imsglobal.org/xsd/imsccv1p1/imscp_v1p1 http://www.imsglobal.org/xsd/imscp_v1p1.xsd http://ltsc.ieee.org/xsd/imsccv1p1/LOM/resource http://www.imsglobal.org/profile/cc/ccv1p1/LOM/ccv1p1_lomresource_v1p0.xsd http://www.imsglobal.org/xsd/imsmd_v1p2 http://www.imsglobal.org/xsd/imsmd_v1p2p2.xsd">
	<metadata>
		<schema>IMS Content</schema>
		<schemaversion>1.1.3</schemaversion>
		<imsmd:lom>
			<imsmd:general>
				<imsmd:title>
					<imsmd:string>Practice 4 Final Passages Editing and Revision (Length-Balanced)</imsmd:string>
				</imsmd:title>
			</imsmd:general>
			<imsmd:lifeCycle>
				<imsmd:contribute>
					<imsmd:date>
						<imsmd:dateTime>2026-01-30</imsmd:dateTime>
					</imsmd:date>
				</imsmd:contribute>
			</imsmd:lifeCycle>
		</imsmd:lom>
	</metadata>
	<organizations/>
	<resources>
		<resource identifier="7820dca9-823f-43cd-90b7-56f58c14d11c" type="imsqti_xmlv1p2">
			<file href="7820dca9-823f-43cd-90b7-56f58c14d11c/7820dca9-823f-43cd-90b7-56f58c14d11c.xml"/>
			<dependency identifierref="e6e3a7e9-73b5-44cc-b048-a15746729e30"/>
		</resource>
		<resource identifier="e6e3a7e9-73b5-44cc-b048-a15746729e30" type="associatedcontent/imscc_xmlv1p1/learning-application-resource" href="7820dca9-823f-43cd-90b7-56f58c14d11c/assessment_meta.xml">
			<file href="7820dca9-823f-43cd-90b7-56f58c14d11c/assessment_meta.xml"/>
		</resource>
	</resources>
</manifest>
