<?xml version="1.0"?>
<questestinterop xmlns="http://www.imsglobal.org/xsd/ims_qtiasiv1p2" xmlns:xsi="http://www.w3.org/2001/XMLSchema-instance" xsi:schemaLocation="http://www.imsglobal.org/xsd/ims_qtiasiv1p2 http://www.imsglobal.org/xsd/ims_qtiasiv1p2p1.xsd"><assessment ident="assessment_32ef9c08" title="Christmas Quiz 3 - Three Wishes for Christmas (Revised Choices)"><qtimetadata><qtimetadatafield><fieldlabel>cc_maxattempts</fieldlabel><fieldentry>1</fieldentry></qtimetadatafield></qtimetadata><section ident="root_section"><item ident="stim_quiz3" title="Q01"><itemmetadata><qtimetadata><qtimetadatafield><fieldlabel>question_type</fieldlabel><fieldentry>text_only_question</fieldentry></qtimetadatafield><qtimetadatafield><fieldlabel>points_possible</fieldlabel><fieldentry>0.0</fieldentry></qtimetadatafield></qtimetadata></itemmetadata><presentation><material orientation="top"><mattext texttype="text/html">&lt;div style="margin:10px 0;"&gt;&lt;div style="font-family: inherit; font-size:0.95em; padding:14px 18px; background:#fff; border:1px solid #d9d9d9; border-left:5px solid #4b79ff; line-height:1.6;"&gt;&lt;p style="margin: 0 0 0.9em 0; line-height: 1.6;"&gt;&lt;span style="font-size: 0.85em; font-style: italic; color: #999; font-weight: normal;"&gt;[1]&lt;/span&gt;     PASSAGE: Three Wishes for Christmas
Marisol never wrote long lists. Her Christmas tradition was simple: she asked for something small, something useful, and something she could share. This year, her list read: "Warm socks. A new sketchbook. Bus tickets to visit Grandma Rosa."&lt;/p&gt;&lt;p style="margin: 0 0 0.9em 0; line-height: 1.6;"&gt;&lt;span style="font-size: 0.85em; font-style: italic; color: #999; font-weight: normal;"&gt;[2]&lt;/span&gt;     Her mother looked at the list with quiet relief and something else too: sadness. Money was tight, and even bus tickets were difficult. But Marisol did not know this. She imagined the joy on Grandma Rosa's face, the smell of cinnamon punch, and the stories she told only during the holidays.&lt;/p&gt;&lt;p style="margin: 0 0 0.9em 0; line-height: 1.6;"&gt;&lt;span style="font-size: 0.85em; font-style: italic; color: #999; font-weight: normal;"&gt;[3]&lt;/span&gt;     On Christmas morning, Marisol found a single envelope under the tree. Inside were two bus tickets and a note: "We will make memories together."&lt;/p&gt;&lt;p style="margin: 0 0 0.9em 0; line-height: 1.6;"&gt;&lt;span style="font-size: 0.85em; font-style: italic; color: #999; font-weight: normal;"&gt;[4]&lt;/span&gt;     POEM: Cinnamon Wishes
I do not ask for jewels bright
or toys that glitter in the store.
I ask for warmth on winter nights
and faces I dont see much more.&lt;/p&gt;&lt;p style="margin: 0 0 0.9em 0; line-height: 1.6;"&gt;&lt;span style="font-size: 0.85em; font-style: italic; color: #999; font-weight: normal;"&gt;[5]&lt;/span&gt;     A cup of punch, a rocking chair,
the wrinkled hands that braid my hair.&lt;/p&gt;&lt;/div&gt;&lt;/div&gt;</mattext></material></presentation></item><item ident="q3_1" title="Q02"><itemmetadata><qtimetadata><qtimetadatafield><fieldlabel>question_type</fieldlabel><fieldentry>multiple_choice_question</fieldentry></qtimetadatafield><qtimetadatafield><fieldlabel>calculator_type</fieldlabel><fieldentry>none</fieldentry></qtimetadatafield><qtimetadatafield><fieldlabel>points_possible</fieldlabel><fieldentry>7.0</fieldentry></qtimetadatafield><qtimetadatafield><fieldlabel>parent_stimulus_item_ident</fieldlabel><fieldentry>stim_quiz3</fieldentry></qtimetadatafield></qtimetadata></itemmetadata><presentation><material><mattext texttype="text/html">&lt;p&gt;Which sentence from the passage best expresses the controlling idea?&lt;/p&gt;</mattext></material><response_lid ident="response1" rcardinality="Single"><render_choice><response_label ident="a"><material><mattext texttype="text/html">&lt;p&gt;Her Christmas tradition was simple: she asked for something small, something useful, and something she could share.&lt;/p&gt;</mattext></material></response_label><response_label ident="b"><material><mattext texttype="text/html">&lt;p&gt;Her mother looked at the list with quiet relief and something else too: sadness about the cost of even small wishes.&lt;/p&gt;</mattext></material></response_label><response_label ident="c"><material><mattext texttype="text/html">&lt;p&gt;On Christmas morning, Marisol found a single envelope under the tree that held a surprise.&lt;/p&gt;</mattext></material></response_label><response_label ident="d"><material><mattext texttype="text/html">&lt;p&gt;Inside were two bus tickets and a note that said, "We will make memories together" for the holiday.&lt;/p&gt;</mattext></material></response_label></render_choice></response_lid></presentation><resprocessing><outcomes><decvar maxvalue="100" minvalue="0" varname="SCORE" vartype="Decimal" /></outcomes><respcondition continue="No"><conditionvar><varequal respident="response1">a</varequal></conditionvar><setvar action="Set" varname="SCORE">100</setvar></respcondition></resprocessing></item><item ident="q3_2" title="Q03"><itemmetadata><qtimetadata><qtimetadatafield><fieldlabel>question_type</fieldlabel><fieldentry>multiple_choice_question</fieldentry></qtimetadatafield><qtimetadatafield><fieldlabel>calculator_type</fieldlabel><fieldentry>none</fieldentry></qtimetadatafield><qtimetadatafield><fieldlabel>points_possible</fieldlabel><fieldentry>7.0</fieldentry></qtimetadatafield><qtimetadatafield><fieldlabel>parent_stimulus_item_ident</fieldlabel><fieldentry>stim_quiz3</fieldentry></qtimetadatafield></qtimetadata></itemmetadata><presentation><material><mattext texttype="text/html">&lt;p&gt;Which sentence best completes the summary?&lt;/p&gt;</mattext></material><response_lid ident="response1" rcardinality="Single"><render_choice><response_label ident="a"><material><mattext texttype="text/html">&lt;p&gt;Marisol decides she will never visit her grandmother again, even though she once enjoyed it.&lt;/p&gt;</mattext></material></response_label><response_label ident="b"><material><mattext texttype="text/html">&lt;p&gt;Marisol values simple, shared experiences more than piles of presents and expensive gifts.&lt;/p&gt;</mattext></material></response_label><response_label ident="c"><material><mattext texttype="text/html">&lt;p&gt;Marisol is disappointed that she does not receive more gifts and begins to complain about it loudly.&lt;/p&gt;</mattext></material></response_label><response_label ident="d"><material><mattext texttype="text/html">&lt;p&gt;Marisol secretly wants expensive trips but hides it from her family so they do not worry.&lt;/p&gt;</mattext></material></response_label></render_choice></response_lid></presentation><resprocessing><outcomes><decvar maxvalue="100" minvalue="0" varname="SCORE" vartype="Decimal" /></outcomes><respcondition continue="No"><conditionvar><varequal respident="response1">b</varequal></conditionvar><setvar action="Set" varname="SCORE">100</setvar></respcondition></resprocessing></item><item ident="q3_3A" title="Q04"><itemmetadata><qtimetadata><qtimetadatafield><fieldlabel>question_type</fieldlabel><fieldentry>multiple_choice_question</fieldentry></qtimetadatafield><qtimetadatafield><fieldlabel>calculator_type</fieldlabel><fieldentry>none</fieldentry></qtimetadatafield><qtimetadatafield><fieldlabel>points_possible</fieldlabel><fieldentry>7.0</fieldentry></qtimetadatafield><qtimetadatafield><fieldlabel>parent_stimulus_item_ident</fieldlabel><fieldentry>stim_quiz3</fieldentry></qtimetadatafield></qtimetadata></itemmetadata><presentation><material><mattext texttype="text/html">&lt;p&gt;Part A: What can the reader infer about Marisol's priorities?&lt;/p&gt;</mattext></material><response_lid ident="response1" rcardinality="Single"><render_choice><response_label ident="a"><material><mattext texttype="text/html">&lt;p&gt;She wants to impress her friends with expensive gifts that will make them jealous of her.&lt;/p&gt;</mattext></material></response_label><response_label ident="b"><material><mattext texttype="text/html">&lt;p&gt;She worries mainly about decorating the house and making sure it looks perfect for visitors.&lt;/p&gt;</mattext></material></response_label><response_label ident="c"><material><mattext texttype="text/html">&lt;p&gt;She cares more about time with loved ones than about fancy objects or expensive trips.&lt;/p&gt;</mattext></material></response_label><response_label ident="d"><material><mattext texttype="text/html">&lt;p&gt;She is trying to collect as many toys as possible so she can fill an entire room with them.&lt;/p&gt;</mattext></material></response_label></render_choice></response_lid></presentation><resprocessing><outcomes><decvar maxvalue="100" minvalue="0" varname="SCORE" vartype="Decimal" /></outcomes><respcondition continue="No"><conditionvar><varequal respident="response1">c</varequal></conditionvar><setvar action="Set" varname="SCORE">100</setvar></respcondition></resprocessing></item><item ident="q3_3B" title="Q05"><itemmetadata><qtimetadata><qtimetadatafield><fieldlabel>question_type</fieldlabel><fieldentry>multiple_choice_question</fieldentry></qtimetadatafield><qtimetadatafield><fieldlabel>calculator_type</fieldlabel><fieldentry>none</fieldentry></qtimetadatafield><qtimetadatafield><fieldlabel>points_possible</fieldlabel><fieldentry>7.0</fieldentry></qtimetadatafield><qtimetadatafield><fieldlabel>parent_stimulus_item_ident</fieldlabel><fieldentry>stim_quiz3</fieldentry></qtimetadatafield></qtimetadata></itemmetadata><presentation><material><mattext texttype="text/html">&lt;p&gt;Part B: Which sentence from the passage best supports the answer to Part A?&lt;/p&gt;</mattext></material><response_lid ident="response1" rcardinality="Single"><render_choice><response_label ident="a"><material><mattext texttype="text/html">&lt;p&gt;Her mother looked at the list with quiet relief and something else too: sadness about money.&lt;/p&gt;</mattext></material></response_label><response_label ident="b"><material><mattext texttype="text/html">&lt;p&gt;This year, her list read: "Warm socks. A new sketchbook. Bus tickets to visit Grandma Rosa," which shows her requests are small.&lt;/p&gt;</mattext></material></response_label><response_label ident="c"><material><mattext texttype="text/html">&lt;p&gt;On Christmas morning, Marisol found a single envelope under the tree instead of a stack of gifts.&lt;/p&gt;</mattext></material></response_label><response_label ident="d"><material><mattext texttype="text/html">&lt;p&gt;She imagined the joy on Grandma Rosa's face, the smell of cinnamon punch, and the stories she told only during the holidays.&lt;/p&gt;</mattext></material></response_label></render_choice></response_lid></presentation><resprocessing><outcomes><decvar maxvalue="100" minvalue="0" varname="SCORE" vartype="Decimal" /></outcomes><respcondition continue="No"><conditionvar><varequal respident="response1">d</varequal></conditionvar><setvar action="Set" varname="SCORE">100</setvar></respcondition></resprocessing></item><item ident="q3_4" title="Q06"><itemmetadata><qtimetadata><qtimetadatafield><fieldlabel>question_type</fieldlabel><fieldentry>multiple_choice_question</fieldentry></qtimetadatafield><qtimetadatafield><fieldlabel>calculator_type</fieldlabel><fieldentry>none</fieldentry></qtimetadatafield><qtimetadatafield><fieldlabel>points_possible</fieldlabel><fieldentry>7.0</fieldentry></qtimetadatafield><qtimetadatafield><fieldlabel>parent_stimulus_item_ident</fieldlabel><fieldentry>stim_quiz3</fieldentry></qtimetadatafield></qtimetadata></itemmetadata><presentation><material><mattext texttype="text/html">&lt;p&gt;How does the author's use of language in paragraphs 2 and 3 contribute to the mood?&lt;/p&gt;</mattext></material><response_lid ident="response1" rcardinality="Single"><render_choice><response_label ident="a"><material><mattext texttype="text/html">&lt;p&gt;It creates a tense mood filled with anger and arguing that never really goes away.&lt;/p&gt;</mattext></material></response_label><response_label ident="b"><material><mattext texttype="text/html">&lt;p&gt;It creates a mysterious mood about a secret surprise that frightens Marisol and her mother.&lt;/p&gt;</mattext></material></response_label><response_label ident="c"><material><mattext texttype="text/html">&lt;p&gt;It creates a silly mood that makes fun of holiday traditions and shows nobody takes them seriously.&lt;/p&gt;</mattext></material></response_label><response_label ident="d"><material><mattext texttype="text/html">&lt;p&gt;It creates a warm and hopeful mood focused on family connection and shared memories.&lt;/p&gt;</mattext></material></response_label></render_choice></response_lid></presentation><resprocessing><outcomes><decvar maxvalue="100" minvalue="0" varname="SCORE" vartype="Decimal" /></outcomes><respcondition continue="No"><conditionvar><varequal respident="response1">d</varequal></conditionvar><setvar action="Set" varname="SCORE">100</setvar></respcondition></resprocessing></item><item ident="q3_5" title="Q07"><itemmetadata><qtimetadata><qtimetadatafield><fieldlabel>question_type</fieldlabel><fieldentry>multiple_choice_question</fieldentry></qtimetadatafield><qtimetadatafield><fieldlabel>calculator_type</fieldlabel><fieldentry>none</fieldentry></qtimetadatafield><qtimetadatafield><fieldlabel>points_possible</fieldlabel><fieldentry>7.0</fieldentry></qtimetadatafield><qtimetadatafield><fieldlabel>parent_stimulus_item_ident</fieldlabel><fieldentry>stim_quiz3</fieldentry></qtimetadatafield></qtimetadata></itemmetadata><presentation><material><mattext texttype="text/html">&lt;p&gt;How do the author's examples in paragraphs 1 and 2 support the topic?&lt;/p&gt;</mattext></material><response_lid ident="response1" rcardinality="Single"><render_choice><response_label ident="a"><material><mattext texttype="text/html">&lt;p&gt;They show that Marisol dislikes holidays and avoids them because they are too noisy for her.&lt;/p&gt;</mattext></material></response_label><response_label ident="b"><material><mattext texttype="text/html">&lt;p&gt;They show that Marisol wants to move far away and never come back, even during the holidays.&lt;/p&gt;</mattext></material></response_label><response_label ident="c"><material><mattext texttype="text/html">&lt;p&gt;They show that Marisol prefers to celebrate alone instead of spending time with her family members.&lt;/p&gt;</mattext></material></response_label><response_label ident="d"><material><mattext texttype="text/html">&lt;p&gt;They show that Marisol chooses gifts that are simple, useful, and meaningful to the people she loves.&lt;/p&gt;</mattext></material></response_label></render_choice></response_lid></presentation><resprocessing><outcomes><decvar maxvalue="100" minvalue="0" varname="SCORE" vartype="Decimal" /></outcomes><respcondition continue="No"><conditionvar><varequal respident="response1">d</varequal></conditionvar><setvar action="Set" varname="SCORE">100</setvar></respcondition></resprocessing></item><item ident="q3_6" title="Q08"><itemmetadata><qtimetadata><qtimetadatafield><fieldlabel>question_type</fieldlabel><fieldentry>multiple_choice_question</fieldentry></qtimetadatafield><qtimetadatafield><fieldlabel>calculator_type</fieldlabel><fieldentry>none</fieldentry></qtimetadatafield><qtimetadatafield><fieldlabel>points_possible</fieldlabel><fieldentry>7.0</fieldentry></qtimetadatafield><qtimetadatafield><fieldlabel>parent_stimulus_item_ident</fieldlabel><fieldentry>stim_quiz3</fieldentry></qtimetadatafield></qtimetadata></itemmetadata><presentation><material><mattext texttype="text/html">&lt;p&gt;What is the most likely reason the author wrote this passage?&lt;/p&gt;</mattext></material><response_lid ident="response1" rcardinality="Single"><render_choice><response_label ident="a"><material><mattext texttype="text/html">&lt;p&gt;To show that gratitude can focus on people and memories rather than on piles of objects.&lt;/p&gt;</mattext></material></response_label><response_label ident="b"><material><mattext texttype="text/html">&lt;p&gt;To convince readers to stop giving gifts completely and cancel every holiday celebration.&lt;/p&gt;</mattext></material></response_label><response_label ident="c"><material><mattext texttype="text/html">&lt;p&gt;To warn readers not to travel during winter because the roads are always dangerous.&lt;/p&gt;</mattext></material></response_label><response_label ident="d"><material><mattext texttype="text/html">&lt;p&gt;To explain how to buy bus tickets online and find the best travel prices for families.&lt;/p&gt;</mattext></material></response_label></render_choice></response_lid></presentation><resprocessing><outcomes><decvar maxvalue="100" minvalue="0" varname="SCORE" vartype="Decimal" /></outcomes><respcondition continue="No"><conditionvar><varequal respident="response1">a</varequal></conditionvar><setvar action="Set" varname="SCORE">100</setvar></respcondition></resprocessing></item><item ident="q3_7" title="Q09"><itemmetadata><qtimetadata><qtimetadatafield><fieldlabel>question_type</fieldlabel><fieldentry>multiple_choice_question</fieldentry></qtimetadatafield><qtimetadatafield><fieldlabel>calculator_type</fieldlabel><fieldentry>none</fieldentry></qtimetadatafield><qtimetadatafield><fieldlabel>points_possible</fieldlabel><fieldentry>7.0</fieldentry></qtimetadatafield><qtimetadatafield><fieldlabel>parent_stimulus_item_ident</fieldlabel><fieldentry>stim_quiz3</fieldentry></qtimetadatafield></qtimetadata></itemmetadata><presentation><material><mattext texttype="text/html">&lt;p&gt;The rhyme scheme in the poem contributes to a mood of what?&lt;/p&gt;</mattext></material><response_lid ident="response1" rcardinality="Single"><render_choice><response_label ident="a"><material><mattext texttype="text/html">&lt;p&gt;Deep confusion about what the speaker wants and how the holiday will really feel.&lt;/p&gt;</mattext></material></response_label><response_label ident="b"><material><mattext texttype="text/html">&lt;p&gt;Excited greed for more and more presents that must arrive on Christmas morning.&lt;/p&gt;</mattext></material></response_label><response_label ident="c"><material><mattext texttype="text/html">&lt;p&gt;Gentle thankfulness and quiet appreciation.&lt;/p&gt;</mattext></material></response_label><response_label ident="d"><material><mattext texttype="text/html">&lt;p&gt;Harsh anger that builds as the poem continues and never fades away.&lt;/p&gt;</mattext></material></response_label></render_choice></response_lid></presentation><resprocessing><outcomes><decvar maxvalue="100" minvalue="0" varname="SCORE" vartype="Decimal" /></outcomes><respcondition continue="No"><conditionvar><varequal respident="response1">c</varequal></conditionvar><setvar action="Set" varname="SCORE">100</setvar></respcondition></resprocessing></item><item ident="q3_8" title="Q10"><itemmetadata><qtimetadata><qtimetadatafield><fieldlabel>question_type</fieldlabel><fieldentry>multiple_choice_question</fieldentry></qtimetadatafield><qtimetadatafield><fieldlabel>calculator_type</fieldlabel><fieldentry>none</fieldentry></qtimetadatafield><qtimetadatafield><fieldlabel>points_possible</fieldlabel><fieldentry>7.0</fieldentry></qtimetadatafield><qtimetadatafield><fieldlabel>parent_stimulus_item_ident</fieldlabel><fieldentry>stim_quiz3</fieldentry></qtimetadatafield></qtimetadata></itemmetadata><presentation><material><mattext texttype="text/html">&lt;p&gt;The imagery in lines 1 through 4 creates a sense of what?&lt;/p&gt;</mattext></material><response_lid ident="response1" rcardinality="Single"><render_choice><response_label ident="a"><material><mattext texttype="text/html">&lt;p&gt;Choosing warmth and familiar faces instead of shiny things in the store windows.&lt;/p&gt;</mattext></material></response_label><response_label ident="b"><material><mattext texttype="text/html">&lt;p&gt;Shopping all night in bright stores until the speaker is exhausted and unhappy.&lt;/p&gt;</mattext></material></response_label><response_label ident="c"><material><mattext texttype="text/html">&lt;p&gt;Watching fireworks at midnight while strangers shout and celebrate loudly around the speaker.&lt;/p&gt;</mattext></material></response_label><response_label ident="d"><material><mattext texttype="text/html">&lt;p&gt;Traveling alone in a snowstorm far from home, with no family anywhere nearby.&lt;/p&gt;</mattext></material></response_label></render_choice></response_lid></presentation><resprocessing><outcomes><decvar maxvalue="100" minvalue="0" varname="SCORE" vartype="Decimal" /></outcomes><respcondition continue="No"><conditionvar><varequal respident="response1">a</varequal></conditionvar><setvar action="Set" varname="SCORE">100</setvar></respcondition></resprocessing></item><item ident="q3_9" title="Q11"><itemmetadata><qtimetadata><qtimetadatafield><fieldlabel>question_type</fieldlabel><fieldentry>multiple_choice_question</fieldentry></qtimetadatafield><qtimetadatafield><fieldlabel>calculator_type</fieldlabel><fieldentry>none</fieldentry></qtimetadatafield><qtimetadatafield><fieldlabel>points_possible</fieldlabel><fieldentry>7.0</fieldentry></qtimetadatafield><qtimetadatafield><fieldlabel>parent_stimulus_item_ident</fieldlabel><fieldentry>stim_quiz3</fieldentry></qtimetadatafield></qtimetadata></itemmetadata><presentation><material><mattext texttype="text/html">&lt;p&gt;What does the repetition of the word "ask" emphasize?&lt;/p&gt;</mattext></material><response_lid ident="response1" rcardinality="Single"><render_choice><response_label ident="a"><material><mattext texttype="text/html">&lt;p&gt;The speaker begs for attention from strangers who do not understand the situation.&lt;/p&gt;</mattext></material></response_label><response_label ident="b"><material><mattext texttype="text/html">&lt;p&gt;The speaker carefully chooses a few meaningful wishes instead of demanding many things.&lt;/p&gt;</mattext></material></response_label><response_label ident="c"><material><mattext texttype="text/html">&lt;p&gt;The speaker complains about past holidays that did not go the way they expected.&lt;/p&gt;</mattext></material></response_label><response_label ident="d"><material><mattext texttype="text/html">&lt;p&gt;The speaker demands many expensive gifts and refuses to be told no by anyone.&lt;/p&gt;</mattext></material></response_label></render_choice></response_lid></presentation><resprocessing><outcomes><decvar maxvalue="100" minvalue="0" varname="SCORE" vartype="Decimal" /></outcomes><respcondition continue="No"><conditionvar><varequal respident="response1">b</varequal></conditionvar><setvar action="Set" varname="SCORE">100</setvar></respcondition></resprocessing></item><item ident="q3_10" title="Q12"><itemmetadata><qtimetadata><qtimetadatafield><fieldlabel>question_type</fieldlabel><fieldentry>multiple_choice_question</fieldentry></qtimetadatafield><qtimetadatafield><fieldlabel>calculator_type</fieldlabel><fieldentry>none</fieldentry></qtimetadatafield><qtimetadatafield><fieldlabel>points_possible</fieldlabel><fieldentry>6.0</fieldentry></qtimetadatafield><qtimetadatafield><fieldlabel>parent_stimulus_item_ident</fieldlabel><fieldentry>stim_quiz3</fieldentry></qtimetadatafield></qtimetadata></itemmetadata><presentation><material><mattext texttype="text/html">&lt;p&gt;The poet's use of short lines in stanza 2 contributes to the poem's what?&lt;/p&gt;</mattext></material><response_lid ident="response1" rcardinality="Single"><render_choice><response_label ident="a"><material><mattext texttype="text/html">&lt;p&gt;Fast, frantic pace of running through stores and grabbing items off shelves.&lt;/p&gt;</mattext></material></response_label><response_label ident="b"><material><mattext texttype="text/html">&lt;p&gt;Focus on small, close details of family love and care.&lt;/p&gt;</mattext></material></response_label><response_label ident="c"><material><mattext texttype="text/html">&lt;p&gt;Confusing structure that hides the meaning and makes the poem difficult to read.&lt;/p&gt;</mattext></material></response_label><response_label ident="d"><material><mattext texttype="text/html">&lt;p&gt;Formal tone like a scientific report that lists facts without any emotion at all.&lt;/p&gt;</mattext></material></response_label></render_choice></response_lid></presentation><resprocessing><outcomes><decvar maxvalue="100" minvalue="0" varname="SCORE" vartype="Decimal" /></outcomes><respcondition continue="No"><conditionvar><varequal respident="response1">b</varequal></conditionvar><setvar action="Set" varname="SCORE">100</setvar></respcondition></resprocessing></item><item ident="q3_11" title="Q13"><itemmetadata><qtimetadata><qtimetadatafield><fieldlabel>question_type</fieldlabel><fieldentry>multiple_choice_question</fieldentry></qtimetadatafield><qtimetadatafield><fieldlabel>calculator_type</fieldlabel><fieldentry>none</fieldentry></qtimetadatafield><qtimetadatafield><fieldlabel>points_possible</fieldlabel><fieldentry>6.0</fieldentry></qtimetadatafield><qtimetadatafield><fieldlabel>parent_stimulus_item_ident</fieldlabel><fieldentry>stim_quiz3</fieldentry></qtimetadatafield></qtimetadata></itemmetadata><presentation><material><mattext texttype="text/html">&lt;p&gt;The actions described in stanza 1 suggest the speaker values what?&lt;/p&gt;</mattext></material><response_lid ident="response1" rcardinality="Single"><render_choice><response_label ident="a"><material><mattext texttype="text/html">&lt;p&gt;Winning contests and awards so other people will recognize their achievements every year.&lt;/p&gt;</mattext></material></response_label><response_label ident="b"><material><mattext texttype="text/html">&lt;p&gt;Traveling to distant countries alone to avoid spending time with family members.&lt;/p&gt;</mattext></material></response_label><response_label ident="c"><material><mattext texttype="text/html">&lt;p&gt;Comfort, warmth, and time with loved ones instead of glittering things.&lt;/p&gt;</mattext></material></response_label><response_label ident="d"><material><mattext texttype="text/html">&lt;p&gt;Owning the newest toys and gadgets so they can show them off to classmates.&lt;/p&gt;</mattext></material></response_label></render_choice></response_lid></presentation><resprocessing><outcomes><decvar maxvalue="100" minvalue="0" varname="SCORE" vartype="Decimal" /></outcomes><respcondition continue="No"><conditionvar><varequal respident="response1">c</varequal></conditionvar><setvar action="Set" varname="SCORE">100</setvar></respcondition></resprocessing></item><item ident="q3_12" title="Q14"><itemmetadata><qtimetadata><qtimetadatafield><fieldlabel>question_type</fieldlabel><fieldentry>multiple_choice_question</fieldentry></qtimetadatafield><qtimetadatafield><fieldlabel>calculator_type</fieldlabel><fieldentry>none</fieldentry></qtimetadatafield><qtimetadatafield><fieldlabel>points_possible</fieldlabel><fieldentry>6.0</fieldentry></qtimetadatafield><qtimetadatafield><fieldlabel>parent_stimulus_item_ident</fieldlabel><fieldentry>stim_quiz3</fieldentry></qtimetadatafield></qtimetadata></itemmetadata><presentation><material><mattext texttype="text/html">&lt;p&gt;What does the imagery in stanza 2 reveal about the speaker's feelings?&lt;/p&gt;</mattext></material><response_lid ident="response1" rcardinality="Single"><render_choice><response_label ident="a"><material><mattext texttype="text/html">&lt;p&gt;The speaker is embarrassed by family traditions and wishes they would disappear.&lt;/p&gt;</mattext></material></response_label><response_label ident="b"><material><mattext texttype="text/html">&lt;p&gt;The speaker is afraid of being left alone and never seeing family again after the holiday.&lt;/p&gt;</mattext></material></response_label><response_label ident="c"><material><mattext texttype="text/html">&lt;p&gt;The speaker feels angry about childhood memories and tries to forget them on purpose.&lt;/p&gt;</mattext></material></response_label><response_label ident="d"><material><mattext texttype="text/html">&lt;p&gt;The speaker feels deep love and comfort around the older relative who braids their hair.&lt;/p&gt;</mattext></material></response_label></render_choice></response_lid></presentation><resprocessing><outcomes><decvar maxvalue="100" minvalue="0" varname="SCORE" vartype="Decimal" /></outcomes><respcondition continue="No"><conditionvar><varequal respident="response1">d</varequal></conditionvar><setvar action="Set" varname="SCORE">100</setvar></respcondition></resprocessing></item><item ident="q3_13" title="Q15"><itemmetadata><qtimetadata><qtimetadatafield><fieldlabel>question_type</fieldlabel><fieldentry>multiple_choice_question</fieldentry></qtimetadatafield><qtimetadatafield><fieldlabel>calculator_type</fieldlabel><fieldentry>none</fieldentry></qtimetadatafield><qtimetadatafield><fieldlabel>points_possible</fieldlabel><fieldentry>6.0</fieldentry></qtimetadatafield><qtimetadatafield><fieldlabel>parent_stimulus_item_ident</fieldlabel><fieldentry>stim_quiz3</fieldentry></qtimetadatafield></qtimetadata></itemmetadata><presentation><material><mattext texttype="text/html">&lt;p&gt;Which idea in the passage is supported by the poem?&lt;/p&gt;</mattext></material><response_lid ident="response1" rcardinality="Single"><render_choice><response_label ident="a"><material><mattext texttype="text/html">&lt;p&gt;Both show that the character dislikes holiday food and drinks and refuses to eat with others.&lt;/p&gt;</mattext></material></response_label><response_label ident="b"><material><mattext texttype="text/html">&lt;p&gt;Both show that the character finds joy in simple moments with family rather than big, fancy gifts.&lt;/p&gt;</mattext></material></response_label><response_label ident="c"><material><mattext texttype="text/html">&lt;p&gt;Both show that the character collects expensive gifts every year and keeps them in a secret room.&lt;/p&gt;</mattext></material></response_label><response_label ident="d"><material><mattext texttype="text/html">&lt;p&gt;Both show that the character wants to escape family gatherings and stay somewhere else instead.&lt;/p&gt;</mattext></material></response_label></render_choice></response_lid></presentation><resprocessing><outcomes><decvar maxvalue="100" minvalue="0" varname="SCORE" vartype="Decimal" /></outcomes><respcondition continue="No"><conditionvar><varequal respident="response1">b</varequal></conditionvar><setvar action="Set" varname="SCORE">100</setvar></respcondition></resprocessing></item><item ident="q3_14" title="Q16"><itemmetadata><qtimetadata><qtimetadatafield><fieldlabel>question_type</fieldlabel><fieldentry>multiple_choice_question</fieldentry></qtimetadatafield><qtimetadatafield><fieldlabel>calculator_type</fieldlabel><fieldentry>none</fieldentry></qtimetadatafield><qtimetadatafield><fieldlabel>points_possible</fieldlabel><fieldentry>6.0</fieldentry></qtimetadatafield><qtimetadatafield><fieldlabel>parent_stimulus_item_ident</fieldlabel><fieldentry>stim_quiz3</fieldentry></qtimetadatafield></qtimetadata></itemmetadata><presentation><material><mattext texttype="text/html">&lt;p&gt;What central idea do both texts express?&lt;/p&gt;</mattext></material><response_lid ident="response1" rcardinality="Single"><render_choice><response_label ident="a"><material><mattext texttype="text/html">&lt;p&gt;Holiday gifts are always more important than people and should be the main focus.&lt;/p&gt;</mattext></material></response_label><response_label ident="b"><material><mattext texttype="text/html">&lt;p&gt;Travel is the only way to enjoy the holidays, and staying home is a mistake.&lt;/p&gt;</mattext></material></response_label><response_label ident="c"><material><mattext texttype="text/html">&lt;p&gt;Spending time with loved ones can be the most important gift a person receives.&lt;/p&gt;</mattext></material></response_label><response_label ident="d"><material><mattext texttype="text/html">&lt;p&gt;Staying home alone is better than visiting relatives, even when you care about them.&lt;/p&gt;</mattext></material></response_label></render_choice></response_lid></presentation><resprocessing><outcomes><decvar maxvalue="100" minvalue="0" varname="SCORE" vartype="Decimal" /></outcomes><respcondition continue="No"><conditionvar><varequal respident="response1">c</varequal></conditionvar><setvar action="Set" varname="SCORE">100</setvar></respcondition></resprocessing></item><item ident="item_q17_1b812108" title="Q17"><itemmetadata><qtimetadata><qtimetadatafield><fieldlabel>question_type</fieldlabel><fieldentry>STIMULUS_END</fieldentry></qtimetadatafield><qtimetadatafield><fieldlabel>points_possible</fieldlabel><fieldentry>0.0</fieldentry></qtimetadatafield></qtimetadata></itemmetadata><presentation><material><mattext texttype="text/html">&lt;p&gt;&lt;/p&gt;</mattext></material><response_lid ident="response1" rcardinality="Single"><render_choice /></response_lid></presentation><resprocessing><outcomes><decvar maxvalue="100" minvalue="0" varname="SCORE" vartype="Decimal" /></outcomes></resprocessing></item></section></assessment></questestinterop>
