<?xml version="1.0"?>
<questestinterop xmlns="http://www.imsglobal.org/xsd/ims_qtiasiv1p2" xmlns:xsi="http://www.w3.org/2001/XMLSchema-instance" xsi:schemaLocation="http://www.imsglobal.org/xsd/ims_qtiasiv1p2 http://www.imsglobal.org/xsd/ims_qtiasiv1p2p1.xsd"><assessment ident="assessment_ad92b78a" title="Attempt 8 - DocX All Types (13 Questions)"><qtimetadata><qtimetadatafield><fieldlabel>cc_maxattempts</fieldlabel><fieldentry>1</fieldentry></qtimetadatafield></qtimetadata><section ident="root_section"><item ident="stim_garden" title="Q01"><itemmetadata><qtimetadata><qtimetadatafield><fieldlabel>question_type</fieldlabel><fieldentry>text_only_question</fieldentry></qtimetadatafield><qtimetadatafield><fieldlabel>points_possible</fieldlabel><fieldentry>0.0</fieldentry></qtimetadatafield></qtimetadata></itemmetadata><presentation><material><mattext texttype="text/html">&lt;div style="margin:10px 0;"&gt;&lt;div style="font-family: inherit; font-size:0.95em; padding:14px 18px; background:#fff; border:1px solid #d9d9d9; border-left:5px solid #4b79ff; line-height:1.6;"&gt;&lt;p style="margin: 0 0 0.9em 0; line-height: 1.6;"&gt;&lt;span style="font-size: 0.85em; font-style: italic; color: #999; font-weight: normal;"&gt;[1]&lt;/span&gt;     Read the short notice: The community garden is hosting a Saturday build to test raised-bed designs. Teams will measure soil moisture, track which design drains best, and decide which layout to use for spring planting.&lt;/p&gt;&lt;/div&gt;&lt;/div&gt;</mattext></material></presentation></item><item ident="q_mc_stim_1" title="Q02"><itemmetadata><qtimetadata><qtimetadatafield><fieldlabel>question_type</fieldlabel><fieldentry>multiple_choice_question</fieldentry></qtimetadatafield><qtimetadatafield><fieldlabel>calculator_type</fieldlabel><fieldentry>none</fieldentry></qtimetadatafield><qtimetadatafield><fieldlabel>points_possible</fieldlabel><fieldentry>5.0</fieldentry></qtimetadatafield><qtimetadatafield><fieldlabel>parent_stimulus_item_ident</fieldlabel><fieldentry>stim_garden</fieldentry></qtimetadatafield></qtimetadata></itemmetadata><presentation><material><mattext texttype="text/html">&lt;p&gt;What is the main goal of the Saturday garden build?&lt;/p&gt;</mattext></material><response_lid ident="response1" rcardinality="Single"><render_choice><response_label ident="a"><material><mattext texttype="text/html">&lt;p&gt;Decorate the tool shed for a party&lt;/p&gt;</mattext></material></response_label><response_label ident="b"><material><mattext texttype="text/html">&lt;p&gt;Hold a plant sale without building anything&lt;/p&gt;</mattext></material></response_label><response_label ident="c"><material><mattext texttype="text/html">&lt;p&gt;Vote on which vegetables to grow next year&lt;/p&gt;</mattext></material></response_label><response_label ident="d"><material><mattext texttype="text/html">&lt;p&gt;Test raised-bed designs and use data to pick the best layout&lt;/p&gt;</mattext></material></response_label></render_choice></response_lid></presentation><resprocessing><outcomes><decvar maxvalue="100" minvalue="0" varname="SCORE" vartype="Decimal" /></outcomes><respcondition continue="No"><conditionvar><varequal respident="response1">d</varequal></conditionvar><setvar action="Set" varname="SCORE">100</setvar></respcondition></resprocessing></item><item ident="q_mc_stim_2" title="Q03"><itemmetadata><qtimetadata><qtimetadatafield><fieldlabel>question_type</fieldlabel><fieldentry>multiple_choice_question</fieldentry></qtimetadatafield><qtimetadatafield><fieldlabel>calculator_type</fieldlabel><fieldentry>none</fieldentry></qtimetadatafield><qtimetadatafield><fieldlabel>points_possible</fieldlabel><fieldentry>5.0</fieldentry></qtimetadatafield><qtimetadatafield><fieldlabel>parent_stimulus_item_ident</fieldlabel><fieldentry>stim_garden</fieldentry></qtimetadatafield></qtimetadata></itemmetadata><presentation><material><mattext texttype="text/html">&lt;p&gt;Which measurement matters most for comparing the garden designs?&lt;/p&gt;</mattext></material><response_lid ident="response1" rcardinality="Single"><render_choice><response_label ident="a"><material><mattext texttype="text/html">&lt;p&gt;Music playlist during the build&lt;/p&gt;</mattext></material></response_label><response_label ident="b"><material><mattext texttype="text/html">&lt;p&gt;Favorite snack each team brings&lt;/p&gt;</mattext></material></response_label><response_label ident="c"><material><mattext texttype="text/html">&lt;p&gt;Soil moisture change after watering&lt;/p&gt;</mattext></material></response_label><response_label ident="d"><material><mattext texttype="text/html">&lt;p&gt;Color of the paint on the wooden frame&lt;/p&gt;</mattext></material></response_label></render_choice></response_lid></presentation><resprocessing><outcomes><decvar maxvalue="100" minvalue="0" varname="SCORE" vartype="Decimal" /></outcomes><respcondition continue="No"><conditionvar><varequal respident="response1">c</varequal></conditionvar><setvar action="Set" varname="SCORE">100</setvar></respcondition></resprocessing></item><item ident="item_q04_c5e5a9a9" title="Q04"><itemmetadata><qtimetadata><qtimetadatafield><fieldlabel>question_type</fieldlabel><fieldentry>STIMULUS_END</fieldentry></qtimetadatafield><qtimetadatafield><fieldlabel>points_possible</fieldlabel><fieldentry>0.0</fieldentry></qtimetadatafield></qtimetadata></itemmetadata><presentation><material><mattext texttype="text/html">&lt;p&gt;End of stimulus.&lt;/p&gt;</mattext></material><response_lid ident="response1" rcardinality="Single"><render_choice /></response_lid></presentation><resprocessing><outcomes><decvar maxvalue="100" minvalue="0" varname="SCORE" vartype="Decimal" /></outcomes></resprocessing></item><item ident="q_mc_3" title="Q05"><itemmetadata><qtimetadata><qtimetadatafield><fieldlabel>question_type</fieldlabel><fieldentry>multiple_choice_question</fieldentry></qtimetadatafield><qtimetadatafield><fieldlabel>calculator_type</fieldlabel><fieldentry>none</fieldentry></qtimetadatafield><qtimetadatafield><fieldlabel>points_possible</fieldlabel><fieldentry>5.0</fieldentry></qtimetadatafield></qtimetadata></itemmetadata><presentation><material><mattext texttype="text/html">&lt;p&gt;Which note-taking approach helps capture main ideas from a mini-lesson?&lt;/p&gt;</mattext></material><response_lid ident="response1" rcardinality="Single"><render_choice><response_label ident="a"><material><mattext texttype="text/html">&lt;p&gt;Use a short outline with headings and key phrases&lt;/p&gt;</mattext></material></response_label><response_label ident="b"><material><mattext texttype="text/html">&lt;p&gt;Skip notes and rely on memory later&lt;/p&gt;</mattext></material></response_label><response_label ident="c"><material><mattext texttype="text/html">&lt;p&gt;Only jot down vocabulary, not explanations&lt;/p&gt;</mattext></material></response_label><response_label ident="d"><material><mattext texttype="text/html">&lt;p&gt;Write every word the speaker says&lt;/p&gt;</mattext></material></response_label></render_choice></response_lid></presentation><resprocessing><outcomes><decvar maxvalue="100" minvalue="0" varname="SCORE" vartype="Decimal" /></outcomes><respcondition continue="No"><conditionvar><varequal respident="response1">a</varequal></conditionvar><setvar action="Set" varname="SCORE">100</setvar></respcondition></resprocessing></item><item ident="q_ma" title="Q06"><itemmetadata><qtimetadata><qtimetadatafield><fieldlabel>question_type</fieldlabel><fieldentry>multiple_answers_question</fieldentry></qtimetadatafield><qtimetadatafield><fieldlabel>calculator_type</fieldlabel><fieldentry>none</fieldentry></qtimetadatafield><qtimetadatafield><fieldlabel>points_possible</fieldlabel><fieldentry>5.0</fieldentry></qtimetadatafield></qtimetadata></itemmetadata><presentation><material><mattext texttype="text/html">&lt;p&gt;Select ALL active study habits that improve recall. Circle every correct letter: A) Teach someone else B) Space practice over days C) Highlight everything once D) Mix different problem types&lt;/p&gt;</mattext></material><response_lid ident="response1" rcardinality="Multiple"><render_choice><response_label ident="a"><material><mattext texttype="text/html">&lt;p&gt;Mix different types of problems in one study set&lt;/p&gt;</mattext></material></response_label><response_label ident="b"><material><mattext texttype="text/html">&lt;p&gt;Highlight everything once without review&lt;/p&gt;</mattext></material></response_label><response_label ident="c"><material><mattext texttype="text/html">&lt;p&gt;Teach the concept aloud to someone else&lt;/p&gt;</mattext></material></response_label><response_label ident="d"><material><mattext texttype="text/html">&lt;p&gt;Space practice over several short sessions&lt;/p&gt;</mattext></material></response_label></render_choice></response_lid></presentation><resprocessing><outcomes><decvar maxvalue="100" minvalue="0" varname="SCORE" vartype="Decimal" /></outcomes><respcondition continue="Yes"><conditionvar><varequal respident="response1">a</varequal></conditionvar><setvar action="Add" varname="SCORE">33.33</setvar></respcondition><respcondition continue="Yes"><conditionvar><varequal respident="response1">c</varequal></conditionvar><setvar action="Add" varname="SCORE">33.33</setvar></respcondition><respcondition continue="Yes"><conditionvar><varequal respident="response1">d</varequal></conditionvar><setvar action="Add" varname="SCORE">33.34</setvar></respcondition></resprocessing></item><item ident="q_tf" title="Q07"><itemmetadata><qtimetadata><qtimetadatafield><fieldlabel>question_type</fieldlabel><fieldentry>true_false_question</fieldentry></qtimetadatafield><qtimetadatafield><fieldlabel>calculator_type</fieldlabel><fieldentry>none</fieldentry></qtimetadatafield><qtimetadatafield><fieldlabel>points_possible</fieldlabel><fieldentry>5.0</fieldentry></qtimetadatafield></qtimetadata></itemmetadata><presentation><material><mattext texttype="text/html">&lt;p&gt;Circle True or False: Checking units in every calculation helps catch setup errors early.&lt;/p&gt;</mattext></material><response_lid ident="response1" rcardinality="Single"><render_choice><response_label ident="true"><material><mattext texttype="text/html">&lt;p&gt;True&lt;/p&gt;</mattext></material></response_label><response_label ident="false"><material><mattext texttype="text/html">&lt;p&gt;False&lt;/p&gt;</mattext></material></response_label></render_choice></response_lid></presentation><resprocessing><outcomes><decvar maxvalue="100" minvalue="0" varname="SCORE" vartype="Decimal" /></outcomes><respcondition continue="No"><conditionvar><varequal respident="response1">false</varequal></conditionvar><setvar action="Set" varname="SCORE">100</setvar></respcondition></resprocessing></item><item ident="q_matching" title="Q08"><itemmetadata><qtimetadata><qtimetadatafield><fieldlabel>question_type</fieldlabel><fieldentry>matching_question</fieldentry></qtimetadatafield><qtimetadatafield><fieldlabel>calculator_type</fieldlabel><fieldentry>none</fieldentry></qtimetadatafield><qtimetadatafield><fieldlabel>points_possible</fieldlabel><fieldentry>9.0</fieldentry></qtimetadatafield></qtimetadata></itemmetadata><presentation><material><mattext texttype="text/html">&lt;p&gt;Match each source to its best use. Write the letter (A-C) next to each description.
A) Reliable data table
B) Expert interview
C) Quick search result&lt;/p&gt;</mattext></material><response_lid ident="4ef6618c-3b2c-404f-9cf7-ce08ec6a94e8"><material><mattext texttype="text/plain">Reliable data table</mattext></material><render_choice><response_label ident="f11f75f4-410f-4d1c-bd33-b3688164e5ea"><material><mattext texttype="text/plain">Verify totals and spot trends</mattext></material></response_label><response_label ident="20f1efef-d389-4712-839a-64659311d59e"><material><mattext texttype="text/plain">Gain context and real-world examples</mattext></material></response_label><response_label ident="23176b53-58cb-4f7d-b42f-19472184716e"><material><mattext texttype="text/plain">Find a starting definition to refine later</mattext></material></response_label></render_choice></response_lid><response_lid ident="9981307f-a73a-4063-877c-c543570b677e"><material><mattext texttype="text/plain">Expert interview</mattext></material><render_choice><response_label ident="f11f75f4-410f-4d1c-bd33-b3688164e5ea"><material><mattext texttype="text/plain">Verify totals and spot trends</mattext></material></response_label><response_label ident="20f1efef-d389-4712-839a-64659311d59e"><material><mattext texttype="text/plain">Gain context and real-world examples</mattext></material></response_label><response_label ident="23176b53-58cb-4f7d-b42f-19472184716e"><material><mattext texttype="text/plain">Find a starting definition to refine later</mattext></material></response_label></render_choice></response_lid><response_lid ident="b8e83330-f5ed-490f-8aa3-0eb09f9ce6d7"><material><mattext texttype="text/plain">Quick search result</mattext></material><render_choice><response_label ident="f11f75f4-410f-4d1c-bd33-b3688164e5ea"><material><mattext texttype="text/plain">Verify totals and spot trends</mattext></material></response_label><response_label ident="20f1efef-d389-4712-839a-64659311d59e"><material><mattext texttype="text/plain">Gain context and real-world examples</mattext></material></response_label><response_label ident="23176b53-58cb-4f7d-b42f-19472184716e"><material><mattext texttype="text/plain">Find a starting definition to refine later</mattext></material></response_label></render_choice></response_lid></presentation><resprocessing><outcomes><decvar maxvalue="100" minvalue="0" varname="SCORE" vartype="Decimal" /></outcomes><respcondition><conditionvar><varequal respident="4ef6618c-3b2c-404f-9cf7-ce08ec6a94e8">f11f75f4-410f-4d1c-bd33-b3688164e5ea</varequal></conditionvar><setvar action="Add" varname="SCORE">33.33</setvar></respcondition><respcondition><conditionvar><varequal respident="9981307f-a73a-4063-877c-c543570b677e">20f1efef-d389-4712-839a-64659311d59e</varequal></conditionvar><setvar action="Add" varname="SCORE">33.33</setvar></respcondition><respcondition><conditionvar><varequal respident="b8e83330-f5ed-490f-8aa3-0eb09f9ce6d7">23176b53-58cb-4f7d-b42f-19472184716e</varequal></conditionvar><setvar action="Add" varname="SCORE">33.34</setvar></respcondition></resprocessing></item><item ident="q_fitb" title="Q09"><itemmetadata><qtimetadata><qtimetadatafield><fieldlabel>question_type</fieldlabel><fieldentry>fill_in_multiple_blanks_question</fieldentry></qtimetadatafield><qtimetadatafield><fieldlabel>calculator_type</fieldlabel><fieldentry>none</fieldentry></qtimetadatafield><qtimetadatafield><fieldlabel>points_possible</fieldlabel><fieldentry>5.0</fieldentry></qtimetadatafield></qtimetadata></itemmetadata><presentation><material><mattext texttype="text/html">&lt;p&gt;A controlled variable is a factor kept [076d1fd3d66347fa9759ad76959ab1bb] so results depend only on what you test.&lt;/p&gt;</mattext></material><response_lid ident="response_076d1fd3d66347fa9759ad76959ab1bb"><material><mattext>Question</mattext></material><render_choice><response_label scoring_algorithm="TextContainsAnswer" answer_type="openEntry" ident="076d1fd3d66347fa9759ad76959ab1bb-0"><material><mattext texttype="text/plain">constant</mattext></material></response_label><response_label scoring_algorithm="TextContainsAnswer" answer_type="openEntry" ident="076d1fd3d66347fa9759ad76959ab1bb-1"><material><mattext texttype="text/plain">unchanged</mattext></material></response_label><response_label scoring_algorithm="TextContainsAnswer" answer_type="openEntry" ident="076d1fd3d66347fa9759ad76959ab1bb-2"><material><mattext texttype="text/plain">the same</mattext></material></response_label></render_choice></response_lid></presentation><resprocessing><outcomes><decvar maxvalue="100" minvalue="0" varname="SCORE" vartype="Decimal" /></outcomes><respcondition><conditionvar><varequal respident="response_076d1fd3d66347fa9759ad76959ab1bb">076d1fd3d66347fa9759ad76959ab1bb-0</varequal></conditionvar><setvar action="Add" varname="SCORE">100.00</setvar></respcondition><respcondition><conditionvar><varequal respident="response_076d1fd3d66347fa9759ad76959ab1bb">076d1fd3d66347fa9759ad76959ab1bb-1</varequal></conditionvar><setvar action="Add" varname="SCORE">100.00</setvar></respcondition><respcondition><conditionvar><varequal respident="response_076d1fd3d66347fa9759ad76959ab1bb">076d1fd3d66347fa9759ad76959ab1bb-2</varequal></conditionvar><setvar action="Add" varname="SCORE">100.00</setvar></respcondition></resprocessing></item><item ident="q_order" title="Q10"><itemmetadata><qtimetadata><qtimetadatafield><fieldlabel>question_type</fieldlabel><fieldentry>ordering_question</fieldentry></qtimetadatafield><qtimetadatafield><fieldlabel>calculator_type</fieldlabel><fieldentry>none</fieldentry></qtimetadatafield><qtimetadatafield><fieldlabel>points_possible</fieldlabel><fieldentry>9.0</fieldentry></qtimetadatafield></qtimetadata></itemmetadata><presentation><material><mattext texttype="text/html">&lt;p&gt;Number the steps 1-4 to show the correct scientific method sequence. Write the number beside each item.&lt;/p&gt;</mattext></material><response_lid ident="response1" rcardinality="Ordered"><render_extension><ims_render_object shuffle="No"><flow_label><response_label ident="07ec2760-5f86-40df-93f6-a8a0b8d3be56"><material><mattext texttype="text/html">&lt;p&gt;Define the testable question&lt;/p&gt;</mattext></material></response_label><response_label ident="254b1974-04a4-4cc0-b389-8779981ae525"><material><mattext texttype="text/html">&lt;p&gt;Plan variables, materials, and procedure&lt;/p&gt;</mattext></material></response_label><response_label ident="0fec76ae-3416-4731-83ae-645e4772b053"><material><mattext texttype="text/html">&lt;p&gt;Collect data by running the procedure&lt;/p&gt;</mattext></material></response_label><response_label ident="78cef4f7-fcbd-48fe-bf1e-8460b732e08d"><material><mattext texttype="text/html">&lt;p&gt;Analyze patterns and state a conclusion&lt;/p&gt;</mattext></material></response_label></flow_label></ims_render_object><material position="bottom"><mattext /></material></render_extension></response_lid></presentation><resprocessing><outcomes><decvar maxvalue="100" minvalue="0" varname="SCORE" vartype="Decimal" /></outcomes><respcondition continue="No"><conditionvar><varequal respident="response1">07ec2760-5f86-40df-93f6-a8a0b8d3be56</varequal><varequal respident="response1">254b1974-04a4-4cc0-b389-8779981ae525</varequal><varequal respident="response1">0fec76ae-3416-4731-83ae-645e4772b053</varequal><varequal respident="response1">78cef4f7-fcbd-48fe-bf1e-8460b732e08d</varequal></conditionvar><setvar action="Set" varname="SCORE">100</setvar></respcondition></resprocessing></item><item ident="q_cat" title="Q11"><itemmetadata><qtimetadata><qtimetadatafield><fieldlabel>question_type</fieldlabel><fieldentry>categorization_question</fieldentry></qtimetadatafield><qtimetadatafield><fieldlabel>calculator_type</fieldlabel><fieldentry>none</fieldentry></qtimetadatafield><qtimetadatafield><fieldlabel>points_possible</fieldlabel><fieldentry>5.0</fieldentry></qtimetadatafield></qtimetadata></itemmetadata><presentation><material><mattext texttype="text/html">&lt;p&gt;Write QL (Qualitative), QT (Quantitative), or U (Uncategorized) next to each observation.&lt;/p&gt;</mattext></material><response_lid ident="5c0e4eca-2a0d-4b6d-b0ad-4cdcbdb09b3a" rcardinality="Multiple"><material><mattext texttype="text/plain">Qualitative</mattext></material><render_choice><response_label ident="44194e1f-61e9-4c54-b6e6-05825dc27c76"><material><mattext texttype="text/plain">The solution turned pale yellow</mattext></material></response_label><response_label ident="b0eeffe4-c06b-466a-9d0f-fd1be860a600"><material><mattext texttype="text/plain">A sharp vinegar smell appeared</mattext></material></response_label><response_label ident="797c46ac-d311-4029-b041-0212b88b30a0"><material><mattext texttype="text/plain">Temperature dropped from 23 C to 18 C</mattext></material></response_label><response_label ident="04373822-f460-488e-8d5a-6d02cc9373df"><material><mattext texttype="text/plain">It fizzed for 35 seconds</mattext></material></response_label><response_label ident="8adf803d-e803-4f53-bd54-30a8866fa3c8"><material><mattext texttype="text/plain">Used a glass beaker</mattext></material></response_label><response_label ident="3b685326-6658-4157-86fe-a51610f53da6"><material><mattext texttype="text/plain">Recorded observations after class</mattext></material></response_label></render_choice></response_lid><response_lid ident="18769bf8-7861-4ac6-905b-7146bd88b8c1" rcardinality="Multiple"><material><mattext texttype="text/plain">Quantitative</mattext></material><render_choice><response_label ident="44194e1f-61e9-4c54-b6e6-05825dc27c76"><material><mattext texttype="text/plain">The solution turned pale yellow</mattext></material></response_label><response_label ident="b0eeffe4-c06b-466a-9d0f-fd1be860a600"><material><mattext texttype="text/plain">A sharp vinegar smell appeared</mattext></material></response_label><response_label ident="797c46ac-d311-4029-b041-0212b88b30a0"><material><mattext texttype="text/plain">Temperature dropped from 23 C to 18 C</mattext></material></response_label><response_label ident="04373822-f460-488e-8d5a-6d02cc9373df"><material><mattext texttype="text/plain">It fizzed for 35 seconds</mattext></material></response_label><response_label ident="8adf803d-e803-4f53-bd54-30a8866fa3c8"><material><mattext texttype="text/plain">Used a glass beaker</mattext></material></response_label><response_label ident="3b685326-6658-4157-86fe-a51610f53da6"><material><mattext texttype="text/plain">Recorded observations after class</mattext></material></response_label></render_choice></response_lid><response_lid ident="9cca9e47-f638-41d7-abd2-72970e18e988" rcardinality="Multiple"><material><mattext texttype="text/plain">Uncategorized</mattext></material><render_choice><response_label ident="44194e1f-61e9-4c54-b6e6-05825dc27c76"><material><mattext texttype="text/plain">The solution turned pale yellow</mattext></material></response_label><response_label ident="b0eeffe4-c06b-466a-9d0f-fd1be860a600"><material><mattext texttype="text/plain">A sharp vinegar smell appeared</mattext></material></response_label><response_label ident="797c46ac-d311-4029-b041-0212b88b30a0"><material><mattext texttype="text/plain">Temperature dropped from 23 C to 18 C</mattext></material></response_label><response_label ident="04373822-f460-488e-8d5a-6d02cc9373df"><material><mattext texttype="text/plain">It fizzed for 35 seconds</mattext></material></response_label><response_label ident="8adf803d-e803-4f53-bd54-30a8866fa3c8"><material><mattext texttype="text/plain">Used a glass beaker</mattext></material></response_label><response_label ident="3b685326-6658-4157-86fe-a51610f53da6"><material><mattext texttype="text/plain">Recorded observations after class</mattext></material></response_label></render_choice></response_lid></presentation><resprocessing><outcomes><decvar maxvalue="100" minvalue="0" varname="SCORE" vartype="Decimal" /></outcomes><respcondition><conditionvar><varequal respident="5c0e4eca-2a0d-4b6d-b0ad-4cdcbdb09b3a">44194e1f-61e9-4c54-b6e6-05825dc27c76</varequal><varequal respident="5c0e4eca-2a0d-4b6d-b0ad-4cdcbdb09b3a">b0eeffe4-c06b-466a-9d0f-fd1be860a600</varequal></conditionvar><setvar action="Add" varname="SCORE">33.33</setvar></respcondition><respcondition><conditionvar><varequal respident="18769bf8-7861-4ac6-905b-7146bd88b8c1">797c46ac-d311-4029-b041-0212b88b30a0</varequal><varequal respident="18769bf8-7861-4ac6-905b-7146bd88b8c1">04373822-f460-488e-8d5a-6d02cc9373df</varequal></conditionvar><setvar action="Add" varname="SCORE">33.33</setvar></respcondition><respcondition><conditionvar /><setvar action="Add" varname="SCORE">33.34</setvar></respcondition></resprocessing></item><item ident="q_num" title="Q12"><itemmetadata><qtimetadata><qtimetadatafield><fieldlabel>question_type</fieldlabel><fieldentry>numerical_question</fieldentry></qtimetadatafield><qtimetadatafield><fieldlabel>calculator_type</fieldlabel><fieldentry>none</fieldentry></qtimetadatafield><qtimetadatafield><fieldlabel>points_possible</fieldlabel><fieldentry>5.0</fieldentry></qtimetadatafield></qtimetadata></itemmetadata><presentation><material><mattext texttype="text/html">&lt;div style="margin:10px 0;"&gt;&lt;div style="font-family: inherit; font-size:0.95em; padding:14px 18px; background:#fff; border:1px solid #d9d9d9; border-left:5px solid #4b79ff; line-height:1.6;"&gt;&lt;p style="margin: 0 0 0.9em 0; line-height: 1.6;"&gt;&lt;span style="font-size: 0.85em; font-style: italic; color: #999; font-weight: normal;"&gt;[1]&lt;/span&gt;     Compute the value of the expression: (12 + 18) / 3 - 5&lt;/p&gt;&lt;/div&gt;&lt;/div&gt;</mattext></material><response_str ident="response1" rcardinality="Single"><render_fib fibtype="Decimal"><response_label ident="answer1" /></render_fib></response_str></presentation><resprocessing><outcomes><decvar maxvalue="100" minvalue="0" varname="SCORE" vartype="Decimal" /></outcomes><respcondition continue="No"><conditionvar><or><varequal respident="response1">5.0</varequal><and><vargte respident="response1">5.0</vargte><varlte respident="response1">5.0</varlte></and></or></conditionvar><setvar action="Set" varname="SCORE">100</setvar></respcondition></resprocessing></item><item ident="q_mc_4" title="Q13"><itemmetadata><qtimetadata><qtimetadatafield><fieldlabel>question_type</fieldlabel><fieldentry>multiple_choice_question</fieldentry></qtimetadatafield><qtimetadatafield><fieldlabel>calculator_type</fieldlabel><fieldentry>none</fieldentry></qtimetadatafield><qtimetadatafield><fieldlabel>points_possible</fieldlabel><fieldentry>4.0</fieldentry></qtimetadatafield></qtimetadata></itemmetadata><presentation><material><mattext texttype="text/html">&lt;p&gt;When a math answer looks too large, what should you check first?&lt;/p&gt;</mattext></material><response_lid ident="response1" rcardinality="Single"><render_choice><response_label ident="a"><material><mattext texttype="text/html">&lt;p&gt;How long the problem has been assigned&lt;/p&gt;</mattext></material></response_label><response_label ident="b"><material><mattext texttype="text/html">&lt;p&gt;Whether the problem used a favorite number&lt;/p&gt;</mattext></material></response_label><response_label ident="c"><material><mattext texttype="text/html">&lt;p&gt;If the pencil needs sharpening&lt;/p&gt;</mattext></material></response_label><response_label ident="d"><material><mattext texttype="text/html">&lt;p&gt;Units and whether a conversion was missed&lt;/p&gt;</mattext></material></response_label></render_choice></response_lid></presentation><resprocessing><outcomes><decvar maxvalue="100" minvalue="0" varname="SCORE" vartype="Decimal" /></outcomes><respcondition continue="No"><conditionvar><varequal respident="response1">d</varequal></conditionvar><setvar action="Set" varname="SCORE">100</setvar></respcondition></resprocessing></item><item ident="q_essay" title="Q14"><itemmetadata><qtimetadata><qtimetadatafield><fieldlabel>question_type</fieldlabel><fieldentry>essay_question</fieldentry></qtimetadatafield><qtimetadatafield><fieldlabel>calculator_type</fieldlabel><fieldentry>none</fieldentry></qtimetadatafield><qtimetadatafield><fieldlabel>points_possible</fieldlabel><fieldentry>19.0</fieldentry></qtimetadatafield></qtimetadata></itemmetadata><presentation><material><mattext texttype="text/html">&lt;p&gt;Describe how you would troubleshoot a math word problem when your first answer seems too large. Mention at least two checkpoints (units, estimation, inverse operations, or calculator entry) before trying again.&lt;/p&gt;</mattext></material><response_str ident="response1" rcardinality="Single"><render_fib><response_label ident="answer1" /></render_fib></response_str></presentation></item><item ident="q_file" title="Q15"><itemmetadata><qtimetadata><qtimetadatafield><fieldlabel>question_type</fieldlabel><fieldentry>file_upload_question</fieldentry></qtimetadatafield><qtimetadatafield><fieldlabel>calculator_type</fieldlabel><fieldentry>none</fieldentry></qtimetadatafield><qtimetadatafield><fieldlabel>points_possible</fieldlabel><fieldentry>19.0</fieldentry></qtimetadatafield></qtimetadata></itemmetadata><presentation><material><mattext texttype="text/html">&lt;p&gt;Upload a clear photo or PDF of a data table from a quick investigation you ran (for example, cooling different liquids). Include a title, labeled columns with units, at least five data rows, and one brief note on possible error sources.&lt;/p&gt;</mattext></material><response_str ident="response1" rcardinality="Single"><render_fib><response_label ident="answer1" /></render_fib></response_str></presentation></item></section></assessment></questestinterop>
