<?xml version="1.0"?>
<questestinterop xmlns="http://www.imsglobal.org/xsd/ims_qtiasiv1p2" xmlns:xsi="http://www.w3.org/2001/XMLSchema-instance" xsi:schemaLocation="http://www.imsglobal.org/xsd/ims_qtiasiv1p2 http://www.imsglobal.org/xsd/ims_qtiasiv1p2p1.xsd"><assessment ident="assessment_5addd685" title="Chapter 8, Lesson 2 - While Loops Quiz"><qtimetadata><qtimetadatafield><fieldlabel>cc_maxattempts</fieldlabel><fieldentry>1</fieldentry></qtimetadatafield></qtimetadata><section ident="root_section"><item ident="item_q01_6db5b281" title="Q01"><itemmetadata><qtimetadata><qtimetadatafield><fieldlabel>question_type</fieldlabel><fieldentry>multiple_choice_question</fieldentry></qtimetadatafield><qtimetadatafield><fieldlabel>calculator_type</fieldlabel><fieldentry>none</fieldentry></qtimetadatafield><qtimetadatafield><fieldlabel>points_possible</fieldlabel><fieldentry>2.0</fieldentry></qtimetadatafield></qtimetadata></itemmetadata><presentation><material><mattext texttype="text/html">&lt;p&gt;What does a while loop use to decide whether to keep running in Python&lt;/p&gt;</mattext></material><response_lid ident="response1" rcardinality="Single"><render_choice><response_label ident="a"><material><mattext texttype="text/html">&lt;p&gt;A logical expression that is either true or false&lt;/p&gt;</mattext></material></response_label><response_label ident="b"><material><mattext texttype="text/html">&lt;p&gt;The number of lines in the file&lt;/p&gt;</mattext></material></response_label><response_label ident="c"><material><mattext texttype="text/html">&lt;p&gt;The value of a hidden loop counter&lt;/p&gt;</mattext></material></response_label><response_label ident="d"><material><mattext texttype="text/html">&lt;p&gt;The number of variables in the program&lt;/p&gt;</mattext></material></response_label></render_choice></response_lid></presentation><resprocessing><outcomes><decvar maxvalue="100" minvalue="0" varname="SCORE" vartype="Decimal" /></outcomes><respcondition continue="No"><conditionvar><varequal respident="response1">a</varequal></conditionvar><setvar action="Set" varname="SCORE">100</setvar></respcondition></resprocessing></item><item ident="item_q02_6d1a37c7" title="Q02"><itemmetadata><qtimetadata><qtimetadatafield><fieldlabel>question_type</fieldlabel><fieldentry>multiple_choice_question</fieldentry></qtimetadatafield><qtimetadatafield><fieldlabel>calculator_type</fieldlabel><fieldentry>none</fieldentry></qtimetadatafield><qtimetadatafield><fieldlabel>points_possible</fieldlabel><fieldentry>7.0</fieldentry></qtimetadatafield></qtimetadata></itemmetadata><presentation><material><mattext texttype="text/html">&lt;p&gt;When is the while loop condition checked&lt;/p&gt;</mattext></material><response_lid ident="response1" rcardinality="Single"><render_choice><response_label ident="a"><material><mattext texttype="text/html">&lt;p&gt;Only after the loop has finished&lt;/p&gt;</mattext></material></response_label><response_label ident="b"><material><mattext texttype="text/html">&lt;p&gt;Before each time the loop body runs&lt;/p&gt;</mattext></material></response_label><response_label ident="c"><material><mattext texttype="text/html">&lt;p&gt;Only when the user types input&lt;/p&gt;</mattext></material></response_label><response_label ident="d"><material><mattext texttype="text/html">&lt;p&gt;Only once at the start of the program&lt;/p&gt;</mattext></material></response_label></render_choice></response_lid></presentation><resprocessing><outcomes><decvar maxvalue="100" minvalue="0" varname="SCORE" vartype="Decimal" /></outcomes><respcondition continue="No"><conditionvar><varequal respident="response1">b</varequal></conditionvar><setvar action="Set" varname="SCORE">100</setvar></respcondition></resprocessing></item><item ident="item_q03_04eb22a9" title="Q03"><itemmetadata><qtimetadata><qtimetadatafield><fieldlabel>question_type</fieldlabel><fieldentry>multiple_choice_question</fieldentry></qtimetadatafield><qtimetadatafield><fieldlabel>calculator_type</fieldlabel><fieldentry>none</fieldentry></qtimetadatafield><qtimetadatafield><fieldlabel>points_possible</fieldlabel><fieldentry>7.0</fieldentry></qtimetadatafield></qtimetadata></itemmetadata><presentation><material><mattext texttype="text/html">&lt;p&gt;If the while loop condition is false the first time it is checked what happens&lt;/p&gt;</mattext></material><response_lid ident="response1" rcardinality="Single"><render_choice><response_label ident="a"><material><mattext texttype="text/html">&lt;p&gt;Python raises a syntax error&lt;/p&gt;</mattext></material></response_label><response_label ident="b"><material><mattext texttype="text/html">&lt;p&gt;The loop runs exactly one time&lt;/p&gt;</mattext></material></response_label><response_label ident="c"><material><mattext texttype="text/html">&lt;p&gt;The loop runs forever&lt;/p&gt;</mattext></material></response_label><response_label ident="d"><material><mattext texttype="text/html">&lt;p&gt;The loop body is skipped and does not run at all&lt;/p&gt;</mattext></material></response_label></render_choice></response_lid></presentation><resprocessing><outcomes><decvar maxvalue="100" minvalue="0" varname="SCORE" vartype="Decimal" /></outcomes><respcondition continue="No"><conditionvar><varequal respident="response1">d</varequal></conditionvar><setvar action="Set" varname="SCORE">100</setvar></respcondition></resprocessing></item><item ident="item_q04_3b1edbb3" title="Q04"><itemmetadata><qtimetadata><qtimetadatafield><fieldlabel>question_type</fieldlabel><fieldentry>multiple_choice_question</fieldentry></qtimetadatafield><qtimetadatafield><fieldlabel>calculator_type</fieldlabel><fieldentry>none</fieldentry></qtimetadatafield><qtimetadatafield><fieldlabel>points_possible</fieldlabel><fieldentry>7.0</fieldentry></qtimetadatafield></qtimetadata></itemmetadata><presentation><material><mattext texttype="text/html">&lt;p&gt;Which loop is usually better when you do not know in advance how many times you will need to repeat a task&lt;/p&gt;</mattext></material><response_lid ident="response1" rcardinality="Single"><render_choice><response_label ident="a"><material><mattext texttype="text/html">&lt;p&gt;A for loop over a short list&lt;/p&gt;</mattext></material></response_label><response_label ident="b"><material><mattext texttype="text/html">&lt;p&gt;A for loop over range&lt;/p&gt;</mattext></material></response_label><response_label ident="c"><material><mattext texttype="text/html">&lt;p&gt;A while loop&lt;/p&gt;</mattext></material></response_label><response_label ident="d"><material><mattext texttype="text/html">&lt;p&gt;No loop at all&lt;/p&gt;</mattext></material></response_label></render_choice></response_lid></presentation><resprocessing><outcomes><decvar maxvalue="100" minvalue="0" varname="SCORE" vartype="Decimal" /></outcomes><respcondition continue="No"><conditionvar><varequal respident="response1">c</varequal></conditionvar><setvar action="Set" varname="SCORE">100</setvar></respcondition></resprocessing></item><item ident="item_q05_db0c0227" title="Q05"><itemmetadata><qtimetadata><qtimetadatafield><fieldlabel>question_type</fieldlabel><fieldentry>multiple_choice_question</fieldentry></qtimetadatafield><qtimetadatafield><fieldlabel>calculator_type</fieldlabel><fieldentry>none</fieldentry></qtimetadatafield><qtimetadatafield><fieldlabel>points_possible</fieldlabel><fieldentry>7.0</fieldentry></qtimetadatafield></qtimetadata></itemmetadata><presentation><material><mattext texttype="text/html">&lt;p&gt;In a password check program which condition will keep asking until the user enters the word SECRET&lt;/p&gt;</mattext></material><response_lid ident="response1" rcardinality="Single"><render_choice><response_label ident="a"><material><mattext texttype="text/html">&lt;p&gt;while "SECRET":&lt;/p&gt;</mattext></material></response_label><response_label ident="b"><material><mattext texttype="text/html">&lt;p&gt;while password:&lt;/p&gt;</mattext></material></response_label><response_label ident="c"><material><mattext texttype="text/html">&lt;p&gt;while password != "SECRET":&lt;/p&gt;</mattext></material></response_label><response_label ident="d"><material><mattext texttype="text/html">&lt;p&gt;while password == "SECRET":&lt;/p&gt;</mattext></material></response_label></render_choice></response_lid></presentation><resprocessing><outcomes><decvar maxvalue="100" minvalue="0" varname="SCORE" vartype="Decimal" /></outcomes><respcondition continue="No"><conditionvar><varequal respident="response1">c</varequal></conditionvar><setvar action="Set" varname="SCORE">100</setvar></respcondition></resprocessing></item><item ident="item_q06_41194eb7" title="Q06"><itemmetadata><qtimetadata><qtimetadatafield><fieldlabel>question_type</fieldlabel><fieldentry>multiple_choice_question</fieldentry></qtimetadatafield><qtimetadatafield><fieldlabel>calculator_type</fieldlabel><fieldentry>none</fieldentry></qtimetadatafield><qtimetadatafield><fieldlabel>points_possible</fieldlabel><fieldentry>7.0</fieldentry></qtimetadatafield></qtimetadata></itemmetadata><presentation><material><mattext texttype="text/html">&lt;p&gt;What is an infinite loop&lt;/p&gt;</mattext></material><response_lid ident="response1" rcardinality="Single"><render_choice><response_label ident="a"><material><mattext texttype="text/html">&lt;p&gt;A loop that never ends unless something outside stops the program&lt;/p&gt;</mattext></material></response_label><response_label ident="b"><material><mattext texttype="text/html">&lt;p&gt;A loop that skips its body every time&lt;/p&gt;</mattext></material></response_label><response_label ident="c"><material><mattext texttype="text/html">&lt;p&gt;A loop that always ends after one time&lt;/p&gt;</mattext></material></response_label><response_label ident="d"><material><mattext texttype="text/html">&lt;p&gt;A loop that runs exactly ten times&lt;/p&gt;</mattext></material></response_label></render_choice></response_lid></presentation><resprocessing><outcomes><decvar maxvalue="100" minvalue="0" varname="SCORE" vartype="Decimal" /></outcomes><respcondition continue="No"><conditionvar><varequal respident="response1">a</varequal></conditionvar><setvar action="Set" varname="SCORE">100</setvar></respcondition></resprocessing></item><item ident="item_q07_ee8b8da8" title="Q07"><itemmetadata><qtimetadata><qtimetadatafield><fieldlabel>question_type</fieldlabel><fieldentry>multiple_choice_question</fieldentry></qtimetadatafield><qtimetadatafield><fieldlabel>calculator_type</fieldlabel><fieldentry>none</fieldentry></qtimetadatafield><qtimetadatafield><fieldlabel>points_possible</fieldlabel><fieldentry>7.0</fieldentry></qtimetadatafield></qtimetadata></itemmetadata><presentation><material><mattext texttype="text/html">&lt;p&gt;Which situation is most likely to create an infinite while loop&lt;/p&gt;</mattext></material><response_lid ident="response1" rcardinality="Single"><render_choice><response_label ident="a"><material><mattext texttype="text/html">&lt;p&gt;Using a variable name that is only one letter long&lt;/p&gt;</mattext></material></response_label><response_label ident="b"><material><mattext texttype="text/html">&lt;p&gt;Forgetting to update a variable used in the loop condition&lt;/p&gt;</mattext></material></response_label><response_label ident="c"><material><mattext texttype="text/html">&lt;p&gt;Typing while instead of for&lt;/p&gt;</mattext></material></response_label><response_label ident="d"><material><mattext texttype="text/html">&lt;p&gt;Using more than one print statement&lt;/p&gt;</mattext></material></response_label></render_choice></response_lid></presentation><resprocessing><outcomes><decvar maxvalue="100" minvalue="0" varname="SCORE" vartype="Decimal" /></outcomes><respcondition continue="No"><conditionvar><varequal respident="response1">b</varequal></conditionvar><setvar action="Set" varname="SCORE">100</setvar></respcondition></resprocessing></item><item ident="item_q08_e0763f06" title="Q08"><itemmetadata><qtimetadata><qtimetadatafield><fieldlabel>question_type</fieldlabel><fieldentry>multiple_choice_question</fieldentry></qtimetadatafield><qtimetadatafield><fieldlabel>calculator_type</fieldlabel><fieldentry>none</fieldentry></qtimetadatafield><qtimetadatafield><fieldlabel>points_possible</fieldlabel><fieldentry>7.0</fieldentry></qtimetadatafield></qtimetadata></itemmetadata><presentation><material><mattext texttype="text/html">&lt;p&gt;In a password loop like below what must happen inside the loop body to avoid an infinite loop&lt;/p&gt;
&lt;p&gt;password = input("Enter password: ")
while password != "SECRET":
    # loop body goes here&lt;/p&gt;</mattext></material><response_lid ident="response1" rcardinality="Single"><render_choice><response_label ident="a"><material><mattext texttype="text/html">&lt;p&gt;Read a new value for password each time through the loop&lt;/p&gt;</mattext></material></response_label><response_label ident="b"><material><mattext texttype="text/html">&lt;p&gt;Print password without changing it&lt;/p&gt;</mattext></material></response_label><response_label ident="c"><material><mattext texttype="text/html">&lt;p&gt;Multiply password by 2&lt;/p&gt;</mattext></material></response_label><response_label ident="d"><material><mattext texttype="text/html">&lt;p&gt;Call range to reset the password&lt;/p&gt;</mattext></material></response_label></render_choice></response_lid></presentation><resprocessing><outcomes><decvar maxvalue="100" minvalue="0" varname="SCORE" vartype="Decimal" /></outcomes><respcondition continue="No"><conditionvar><varequal respident="response1">a</varequal></conditionvar><setvar action="Set" varname="SCORE">100</setvar></respcondition></resprocessing></item><item ident="item_q09_b579a074" title="Q09"><itemmetadata><qtimetadata><qtimetadatafield><fieldlabel>question_type</fieldlabel><fieldentry>multiple_choice_question</fieldentry></qtimetadatafield><qtimetadatafield><fieldlabel>calculator_type</fieldlabel><fieldentry>none</fieldentry></qtimetadatafield><qtimetadatafield><fieldlabel>points_possible</fieldlabel><fieldentry>7.0</fieldentry></qtimetadatafield></qtimetadata></itemmetadata><presentation><material><mattext texttype="text/html">&lt;p&gt;In this code why is there a risk of an infinite loop&lt;/p&gt;
&lt;p&gt;count = 1
while count &amp;lt;= 5:
    print(count)&lt;/p&gt;</mattext></material><response_lid ident="response1" rcardinality="Single"><render_choice><response_label ident="a"><material><mattext texttype="text/html">&lt;p&gt;The loop never changes count so the condition stays true&lt;/p&gt;</mattext></material></response_label><response_label ident="b"><material><mattext texttype="text/html">&lt;p&gt;The condition uses &amp;lt;= instead of ==&lt;/p&gt;</mattext></material></response_label><response_label ident="c"><material><mattext texttype="text/html">&lt;p&gt;The loop only prints and does not input&lt;/p&gt;</mattext></material></response_label><response_label ident="d"><material><mattext texttype="text/html">&lt;p&gt;The loop uses an integer instead of a string&lt;/p&gt;</mattext></material></response_label></render_choice></response_lid></presentation><resprocessing><outcomes><decvar maxvalue="100" minvalue="0" varname="SCORE" vartype="Decimal" /></outcomes><respcondition continue="No"><conditionvar><varequal respident="response1">a</varequal></conditionvar><setvar action="Set" varname="SCORE">100</setvar></respcondition></resprocessing></item><item ident="item_q10_38896ae8" title="Q10"><itemmetadata><qtimetadata><qtimetadatafield><fieldlabel>question_type</fieldlabel><fieldentry>multiple_choice_question</fieldentry></qtimetadatafield><qtimetadatafield><fieldlabel>calculator_type</fieldlabel><fieldentry>none</fieldentry></qtimetadatafield><qtimetadatafield><fieldlabel>points_possible</fieldlabel><fieldentry>7.0</fieldentry></qtimetadatafield></qtimetadata></itemmetadata><presentation><material><mattext texttype="text/html">&lt;p&gt;In a guess my number while loop what is one good reason to initialize guess to a value that is not the correct answer&lt;/p&gt;</mattext></material><response_lid ident="response1" rcardinality="Single"><render_choice><response_label ident="a"><material><mattext texttype="text/html">&lt;p&gt;So the while condition is true at least once and the loop can start&lt;/p&gt;</mattext></material></response_label><response_label ident="b"><material><mattext texttype="text/html">&lt;p&gt;So the loop will never stop&lt;/p&gt;</mattext></material></response_label><response_label ident="c"><material><mattext texttype="text/html">&lt;p&gt;So the computer can sort all guesses&lt;/p&gt;</mattext></material></response_label><response_label ident="d"><material><mattext texttype="text/html">&lt;p&gt;So Python will raise a NameError&lt;/p&gt;</mattext></material></response_label></render_choice></response_lid></presentation><resprocessing><outcomes><decvar maxvalue="100" minvalue="0" varname="SCORE" vartype="Decimal" /></outcomes><respcondition continue="No"><conditionvar><varequal respident="response1">a</varequal></conditionvar><setvar action="Set" varname="SCORE">100</setvar></respcondition></resprocessing></item><item ident="item_q11_0f444ba4" title="Q11"><itemmetadata><qtimetadata><qtimetadatafield><fieldlabel>question_type</fieldlabel><fieldentry>ordering_question</fieldentry></qtimetadatafield><qtimetadatafield><fieldlabel>calculator_type</fieldlabel><fieldentry>none</fieldentry></qtimetadatafield><qtimetadatafield><fieldlabel>points_possible</fieldlabel><fieldentry>7.0</fieldentry></qtimetadatafield></qtimetadata></itemmetadata><presentation><material><mattext texttype="text/html">&lt;p&gt;Place the steps of a typical input validation while loop in a sensible order&lt;/p&gt;</mattext></material><response_lid ident="response1" rcardinality="Ordered"><render_extension><ims_render_object shuffle="No"><flow_label><response_label ident="13c8a4a6-a96d-47ef-860c-754952ec9518"><material><mattext texttype="text/html">&lt;p&gt;Ask the user for input&lt;/p&gt;</mattext></material></response_label><response_label ident="0b188873-b693-4797-a560-cafacb7c0d5f"><material><mattext texttype="text/html">&lt;p&gt;While the input is not valid&lt;/p&gt;</mattext></material></response_label><response_label ident="f10e28bd-f083-47e5-8a34-3ebd144de398"><material><mattext texttype="text/html">&lt;p&gt;Show an error message or reminder&lt;/p&gt;</mattext></material></response_label><response_label ident="f0434039-c2ad-4c59-b8ee-2273951100f3"><material><mattext texttype="text/html">&lt;p&gt;Ask the user for input again&lt;/p&gt;</mattext></material></response_label><response_label ident="b4eaba69-e0e2-435f-864f-afdf78a25bf5"><material><mattext texttype="text/html">&lt;p&gt;Continue with the rest of the program&lt;/p&gt;</mattext></material></response_label></flow_label></ims_render_object><material position="bottom"><mattext /></material></render_extension></response_lid></presentation><resprocessing><outcomes><decvar maxvalue="100" minvalue="0" varname="SCORE" vartype="Decimal" /></outcomes><respcondition continue="No"><conditionvar><varequal respident="response1">13c8a4a6-a96d-47ef-860c-754952ec9518</varequal><varequal respident="response1">0b188873-b693-4797-a560-cafacb7c0d5f</varequal><varequal respident="response1">f10e28bd-f083-47e5-8a34-3ebd144de398</varequal><varequal respident="response1">f0434039-c2ad-4c59-b8ee-2273951100f3</varequal><varequal respident="response1">b4eaba69-e0e2-435f-864f-afdf78a25bf5</varequal></conditionvar><setvar action="Set" varname="SCORE">100</setvar></respcondition></resprocessing></item><item ident="item_q12_21de9016" title="Q12"><itemmetadata><qtimetadata><qtimetadatafield><fieldlabel>question_type</fieldlabel><fieldentry>multiple_answers_question</fieldentry></qtimetadatafield><qtimetadatafield><fieldlabel>calculator_type</fieldlabel><fieldentry>none</fieldentry></qtimetadatafield><qtimetadatafield><fieldlabel>points_possible</fieldlabel><fieldentry>7.0</fieldentry></qtimetadatafield></qtimetadata></itemmetadata><presentation><material><mattext texttype="text/html">&lt;p&gt;Which of the following are good uses for a while loop&lt;/p&gt;</mattext></material><response_lid ident="response1" rcardinality="Multiple"><render_choice><response_label ident="a"><material><mattext texttype="text/html">&lt;p&gt;Repeat a menu until the user chooses to quit&lt;/p&gt;</mattext></material></response_label><response_label ident="b"><material><mattext texttype="text/html">&lt;p&gt;Check guesses until the secret number is found&lt;/p&gt;</mattext></material></response_label><response_label ident="c"><material><mattext texttype="text/html">&lt;p&gt;Keep asking the user for a password until it is correct&lt;/p&gt;</mattext></material></response_label><response_label ident="d"><material><mattext texttype="text/html">&lt;p&gt;Loop exactly five times with values 1 through 5&lt;/p&gt;</mattext></material></response_label><response_label ident="e"><material><mattext texttype="text/html">&lt;p&gt;Sort a list of numbers a single time&lt;/p&gt;</mattext></material></response_label></render_choice></response_lid></presentation><resprocessing><outcomes><decvar maxvalue="100" minvalue="0" varname="SCORE" vartype="Decimal" /></outcomes><respcondition continue="Yes"><conditionvar><varequal respident="response1">a</varequal></conditionvar><setvar action="Add" varname="SCORE">33.33</setvar></respcondition><respcondition continue="Yes"><conditionvar><varequal respident="response1">b</varequal></conditionvar><setvar action="Add" varname="SCORE">33.33</setvar></respcondition><respcondition continue="Yes"><conditionvar><varequal respident="response1">c</varequal></conditionvar><setvar action="Add" varname="SCORE">33.34</setvar></respcondition></resprocessing></item><item ident="item_q13_47d7f936" title="Q13"><itemmetadata><qtimetadata><qtimetadatafield><fieldlabel>question_type</fieldlabel><fieldentry>categorization_question</fieldentry></qtimetadatafield><qtimetadatafield><fieldlabel>calculator_type</fieldlabel><fieldentry>none</fieldentry></qtimetadatafield><qtimetadatafield><fieldlabel>points_possible</fieldlabel><fieldentry>7.0</fieldentry></qtimetadatafield></qtimetadata></itemmetadata><presentation><material><mattext texttype="text/html">&lt;p&gt;Decide whether each example is more naturally handled by a for loop or a while loop&lt;/p&gt;</mattext></material><response_lid ident="696cccc5-28e3-4f8e-a886-6af80092c540" rcardinality="Multiple"><material><mattext texttype="text/plain">Better for a for loop</mattext></material><render_choice><response_label ident="148dd48e-ce96-4e11-b454-e60471433216"><material><mattext texttype="text/plain">Loop through every character in a word</mattext></material></response_label><response_label ident="fd057bf5-d4af-448d-b0dd-b020b6d1cad3"><material><mattext texttype="text/plain">Repeat until the user types quit</mattext></material></response_label><response_label ident="8fdd80c7-a044-4bc8-94b7-118519398047"><material><mattext texttype="text/plain">Add the numbers from 1 to 100</mattext></material></response_label><response_label ident="e7fe367b-1a03-4cdf-b80c-d94b1fafb690"><material><mattext texttype="text/plain">Ask for a number until it is between 1 and 10</mattext></material></response_label></render_choice></response_lid><response_lid ident="e726cca2-b911-4b35-8ba5-e24460ec8d87" rcardinality="Multiple"><material><mattext texttype="text/plain">Better for a while loop</mattext></material><render_choice><response_label ident="148dd48e-ce96-4e11-b454-e60471433216"><material><mattext texttype="text/plain">Loop through every character in a word</mattext></material></response_label><response_label ident="fd057bf5-d4af-448d-b0dd-b020b6d1cad3"><material><mattext texttype="text/plain">Repeat until the user types quit</mattext></material></response_label><response_label ident="8fdd80c7-a044-4bc8-94b7-118519398047"><material><mattext texttype="text/plain">Add the numbers from 1 to 100</mattext></material></response_label><response_label ident="e7fe367b-1a03-4cdf-b80c-d94b1fafb690"><material><mattext texttype="text/plain">Ask for a number until it is between 1 and 10</mattext></material></response_label></render_choice></response_lid></presentation><resprocessing><outcomes><decvar maxvalue="100" minvalue="0" varname="SCORE" vartype="Decimal" /></outcomes><respcondition><conditionvar><varequal respident="696cccc5-28e3-4f8e-a886-6af80092c540">148dd48e-ce96-4e11-b454-e60471433216</varequal><varequal respident="696cccc5-28e3-4f8e-a886-6af80092c540">8fdd80c7-a044-4bc8-94b7-118519398047</varequal></conditionvar><setvar action="Add" varname="SCORE">50.00</setvar></respcondition><respcondition><conditionvar><varequal respident="e726cca2-b911-4b35-8ba5-e24460ec8d87">fd057bf5-d4af-448d-b0dd-b020b6d1cad3</varequal><varequal respident="e726cca2-b911-4b35-8ba5-e24460ec8d87">e7fe367b-1a03-4cdf-b80c-d94b1fafb690</varequal></conditionvar><setvar action="Add" varname="SCORE">50.00</setvar></respcondition></resprocessing></item><item ident="item_q14_5c520d3b" title="Q14"><itemmetadata><qtimetadata><qtimetadatafield><fieldlabel>question_type</fieldlabel><fieldentry>multiple_choice_question</fieldentry></qtimetadatafield><qtimetadatafield><fieldlabel>calculator_type</fieldlabel><fieldentry>none</fieldentry></qtimetadatafield><qtimetadatafield><fieldlabel>points_possible</fieldlabel><fieldentry>7.0</fieldentry></qtimetadatafield></qtimetadata></itemmetadata><presentation><material><mattext texttype="text/html">&lt;p&gt;What is a nested loop&lt;/p&gt;</mattext></material><response_lid ident="response1" rcardinality="Single"><render_choice><response_label ident="a"><material><mattext texttype="text/html">&lt;p&gt;A loop that is written inside another loop&lt;/p&gt;</mattext></material></response_label><response_label ident="b"><material><mattext texttype="text/html">&lt;p&gt;A loop that always runs exactly once&lt;/p&gt;</mattext></material></response_label><response_label ident="c"><material><mattext texttype="text/html">&lt;p&gt;A loop that uses both for and while at the same time&lt;/p&gt;</mattext></material></response_label><response_label ident="d"><material><mattext texttype="text/html">&lt;p&gt;A loop that never runs&lt;/p&gt;</mattext></material></response_label></render_choice></response_lid></presentation><resprocessing><outcomes><decvar maxvalue="100" minvalue="0" varname="SCORE" vartype="Decimal" /></outcomes><respcondition continue="No"><conditionvar><varequal respident="response1">a</varequal></conditionvar><setvar action="Set" varname="SCORE">100</setvar></respcondition></resprocessing></item><item ident="item_q15_e3be7e5f" title="Q15"><itemmetadata><qtimetadata><qtimetadatafield><fieldlabel>question_type</fieldlabel><fieldentry>file_upload_question</fieldentry></qtimetadatafield><qtimetadatafield><fieldlabel>calculator_type</fieldlabel><fieldentry>none</fieldentry></qtimetadatafield><qtimetadatafield><fieldlabel>points_possible</fieldlabel><fieldentry>7.0</fieldentry></qtimetadatafield></qtimetadata></itemmetadata><presentation><material><mattext texttype="text/html">&lt;p&gt;Below is a broken Python program. It is supposed to count down from 5 to 1 and then print Blastoff. It contains two errors related to while loop syntax and infinite loops.&lt;/p&gt;
&lt;p&gt;YOUR TASK:
1. Create a new text file named yourname_fix_countdown.txt.
2. Copy the code below into that file.
3. Fix both errors so the program counts down correctly and then stops.
4. Save the file.
5. Upload your corrected TXT file here.&lt;/p&gt;
&lt;p&gt;BROKEN CODE TO FIX:&lt;/p&gt;
&lt;p&gt;count = 5&lt;/p&gt;
&lt;p&gt;while count &amp;gt; 0
    print("Blastoff in", count)
    # BUG: missing update to count here
print("Blastoff!")&lt;/p&gt;
&lt;p&gt;accepted_formats:
- .txt&lt;/p&gt;</mattext></material><response_str ident="response1" rcardinality="Single"><render_fib><response_label ident="answer1" /></render_fib></response_str></presentation></item></section></assessment></questestinterop>
