<?xml version="1.0"?>
<quiz xmlns="http://canvas.instructure.com/xsd/cccv1p0" xmlns:xsi="http://canvas.instructure.com/xsd/cccv1p0 https://canvas.instructure.com/xsd/cccv1p0.xsd" identifier="97193915-04cc-47fb-b4d4-c733ffe890ff">
  <title>Yule Lads Grammar and Revision Practice</title>
  <description></description>
  <shuffle_questions>false</shuffle_questions>
  <shuffle_answers>false</shuffle_answers>
  <calculator_type>none</calculator_type>
  <scoring_policy>keep_highest</scoring_policy>
  <allowed_attempts>1</allowed_attempts>
  <points_possible>100.0</points_possible>
</quiz>
