<?xml version="1.0"?>
<manifest xmlns="http://www.imsglobal.org/xsd/imsccv1p1/imscp_v1p1" xmlns:lom="http://ltsc.ieee.org/xsd/imsccv1p1/LOM/resource" xmlns:imsmd="http://www.imsglobal.org/xsd/imsmd_v1p2" xmlns:xsi="http://www.w3.org/2001/XMLSchema-instance" identifier="dde1f001-2f3f-445d-97d4-05cf8a42de70" xsi:schemaLocation="http://www.imsglobal.org/xsd/imsccv1p1/imscp_v1p1 http://www.imsglobal.org/xsd/imscp_v1p1.xsd http://ltsc.ieee.org/xsd/imsccv1p1/LOM/resource http://www.imsglobal.org/profile/cc/ccv1p1/LOM/ccv1p1_lomresource_v1p0.xsd http://www.imsglobal.org/xsd/imsmd_v1p2 http://www.imsglobal.org/xsd/imsmd_v1p2p2.xsd">
	<metadata>
		<schema>IMS Content</schema>
		<schemaversion>1.1.3</schemaversion>
		<imsmd:lom>
			<imsmd:general>
				<imsmd:title>
					<imsmd:string>Christmas Quiz 4 - A View from the Mantel (Revised Choices)</imsmd:string>
				</imsmd:title>
			</imsmd:general>
			<imsmd:lifeCycle>
				<imsmd:contribute>
					<imsmd:date>
						<imsmd:dateTime>2026-01-05</imsmd:dateTime>
					</imsmd:date>
				</imsmd:contribute>
			</imsmd:lifeCycle>
		</imsmd:lom>
	</metadata>
	<organizations/>
	<resources>
		<resource identifier="92892ac2-11ea-488a-845e-d3ef9ed5bcc8" type="imsqti_xmlv1p2">
			<file href="92892ac2-11ea-488a-845e-d3ef9ed5bcc8/92892ac2-11ea-488a-845e-d3ef9ed5bcc8.xml"/>
			<dependency identifierref="304ca9d1-9526-4c5a-b7ce-5b4961bee0cf"/>
		</resource>
		<resource identifier="304ca9d1-9526-4c5a-b7ce-5b4961bee0cf" type="associatedcontent/imscc_xmlv1p1/learning-application-resource" href="92892ac2-11ea-488a-845e-d3ef9ed5bcc8/assessment_meta.xml">
			<file href="92892ac2-11ea-488a-845e-d3ef9ed5bcc8/assessment_meta.xml"/>
		</resource>
	</resources>
</manifest>
