<?xml version="1.0"?>
<questestinterop xmlns="http://www.imsglobal.org/xsd/ims_qtiasiv1p2" xmlns:xsi="http://www.w3.org/2001/XMLSchema-instance" xsi:schemaLocation="http://www.imsglobal.org/xsd/ims_qtiasiv1p2 http://www.imsglobal.org/xsd/ims_qtiasiv1p2p1.xsd"><assessment ident="assessment_ffd741fd" title="Attempt 3 - All Question Types, No Stimulus"><qtimetadata><qtimetadatafield><fieldlabel>cc_maxattempts</fieldlabel><fieldentry>1</fieldentry></qtimetadatafield></qtimetadata><section ident="root_section"><item ident="item_q01_eef11617" title="Q01"><itemmetadata><qtimetadata><qtimetadatafield><fieldlabel>question_type</fieldlabel><fieldentry>multiple_choice_question</fieldentry></qtimetadatafield><qtimetadatafield><fieldlabel>calculator_type</fieldlabel><fieldentry>none</fieldentry></qtimetadatafield><qtimetadatafield><fieldlabel>points_possible</fieldlabel><fieldentry>10.0</fieldentry></qtimetadatafield></qtimetadata></itemmetadata><presentation><material><mattext texttype="text/html">&lt;p&gt;Which strategy best helps keep a research project organized from start to finish?&lt;/p&gt;</mattext></material><response_lid ident="response1" rcardinality="Single"><render_choice><response_label ident="a"><material><mattext texttype="text/html">&lt;p&gt;Wait until the night before to gather sources&lt;/p&gt;</mattext></material></response_label><response_label ident="b"><material><mattext texttype="text/html">&lt;p&gt;Skip outlining and start writing immediately&lt;/p&gt;</mattext></material></response_label><response_label ident="c"><material><mattext texttype="text/html">&lt;p&gt;Use a checklist and timeline to track tasks&lt;/p&gt;</mattext></material></response_label><response_label ident="d"><material><mattext texttype="text/html">&lt;p&gt;Rely on memory instead of notes&lt;/p&gt;</mattext></material></response_label></render_choice></response_lid></presentation><resprocessing><outcomes><decvar maxvalue="100" minvalue="0" varname="SCORE" vartype="Decimal" /></outcomes><respcondition continue="No"><conditionvar><varequal respident="response1">c</varequal></conditionvar><setvar action="Set" varname="SCORE">100</setvar></respcondition></resprocessing></item><item ident="item_q02_9a140f91" title="Q02"><itemmetadata><qtimetadata><qtimetadatafield><fieldlabel>question_type</fieldlabel><fieldentry>multiple_answers_question</fieldentry></qtimetadatafield><qtimetadatafield><fieldlabel>calculator_type</fieldlabel><fieldentry>none</fieldentry></qtimetadatafield><qtimetadatafield><fieldlabel>points_possible</fieldlabel><fieldentry>10.0</fieldentry></qtimetadatafield></qtimetadata></itemmetadata><presentation><material><mattext texttype="text/html">&lt;p&gt;Which actions show active learning while reading a chapter? Select ALL that apply.&lt;/p&gt;</mattext></material><response_lid ident="response1" rcardinality="Multiple"><render_choice><response_label ident="a"><material><mattext texttype="text/html">&lt;p&gt;Copy sentences word-for-word into your notes&lt;/p&gt;</mattext></material></response_label><response_label ident="b"><material><mattext texttype="text/html">&lt;p&gt;Pause to paraphrase a section aloud&lt;/p&gt;</mattext></material></response_label><response_label ident="c"><material><mattext texttype="text/html">&lt;p&gt;Annotate the margins with questions and quick summaries&lt;/p&gt;</mattext></material></response_label><response_label ident="d"><material><mattext texttype="text/html">&lt;p&gt;Ignore headings and read straight through without breaks&lt;/p&gt;</mattext></material></response_label></render_choice></response_lid></presentation><resprocessing><outcomes><decvar maxvalue="100" minvalue="0" varname="SCORE" vartype="Decimal" /></outcomes><respcondition continue="Yes"><conditionvar><varequal respident="response1">b</varequal></conditionvar><setvar action="Add" varname="SCORE">50.00</setvar></respcondition><respcondition continue="Yes"><conditionvar><varequal respident="response1">c</varequal></conditionvar><setvar action="Add" varname="SCORE">50.00</setvar></respcondition></resprocessing></item><item ident="item_q03_c5da008e" title="Q03"><itemmetadata><qtimetadata><qtimetadatafield><fieldlabel>question_type</fieldlabel><fieldentry>true_false_question</fieldentry></qtimetadatafield><qtimetadatafield><fieldlabel>calculator_type</fieldlabel><fieldentry>none</fieldentry></qtimetadatafield><qtimetadatafield><fieldlabel>points_possible</fieldlabel><fieldentry>10.0</fieldentry></qtimetadatafield></qtimetadata></itemmetadata><presentation><material><mattext texttype="text/html">&lt;p&gt;A growth mindset means believing abilities can strengthen with practice, feedback, and effort.&lt;/p&gt;</mattext></material><response_lid ident="response1" rcardinality="Single"><render_choice><response_label ident="true"><material><mattext texttype="text/html">&lt;p&gt;True&lt;/p&gt;</mattext></material></response_label><response_label ident="false"><material><mattext texttype="text/html">&lt;p&gt;False&lt;/p&gt;</mattext></material></response_label></render_choice></response_lid></presentation><resprocessing><outcomes><decvar maxvalue="100" minvalue="0" varname="SCORE" vartype="Decimal" /></outcomes><respcondition continue="No"><conditionvar><varequal respident="response1">false</varequal></conditionvar><setvar action="Set" varname="SCORE">100</setvar></respcondition></resprocessing></item><item ident="item_q04_425da228" title="Q04"><itemmetadata><qtimetadata><qtimetadatafield><fieldlabel>question_type</fieldlabel><fieldentry>matching_question</fieldentry></qtimetadatafield><qtimetadatafield><fieldlabel>calculator_type</fieldlabel><fieldentry>none</fieldentry></qtimetadatafield><qtimetadatafield><fieldlabel>points_possible</fieldlabel><fieldentry>10.0</fieldentry></qtimetadatafield></qtimetadata></itemmetadata><presentation><material><mattext texttype="text/html">&lt;p&gt;Match each part of an argument to what it contributes.&lt;/p&gt;</mattext></material><response_lid ident="7e6398dc-0c9c-4e7d-afcc-d19907110999"><material><mattext texttype="text/plain">Claim</mattext></material><render_choice><response_label ident="71c0b00c-7cca-4d12-a3fb-f7c30ebb3f56"><material><mattext texttype="text/plain">The position or answer you are asserting</mattext></material></response_label><response_label ident="15f2c723-e752-467a-a1a4-131fab73a4aa"><material><mattext texttype="text/plain">Facts or data that support the claim</mattext></material></response_label><response_label ident="c61babb0-fe78-4718-9345-060017a10369"><material><mattext texttype="text/plain">Explanation that links evidence to the claim</mattext></material></response_label></render_choice></response_lid><response_lid ident="a3c242c7-8452-4e7d-8006-d9de5b8e023e"><material><mattext texttype="text/plain">Evidence</mattext></material><render_choice><response_label ident="71c0b00c-7cca-4d12-a3fb-f7c30ebb3f56"><material><mattext texttype="text/plain">The position or answer you are asserting</mattext></material></response_label><response_label ident="15f2c723-e752-467a-a1a4-131fab73a4aa"><material><mattext texttype="text/plain">Facts or data that support the claim</mattext></material></response_label><response_label ident="c61babb0-fe78-4718-9345-060017a10369"><material><mattext texttype="text/plain">Explanation that links evidence to the claim</mattext></material></response_label></render_choice></response_lid><response_lid ident="4ed5e645-1a97-4bab-bca3-58d3387e9909"><material><mattext texttype="text/plain">Reasoning</mattext></material><render_choice><response_label ident="71c0b00c-7cca-4d12-a3fb-f7c30ebb3f56"><material><mattext texttype="text/plain">The position or answer you are asserting</mattext></material></response_label><response_label ident="15f2c723-e752-467a-a1a4-131fab73a4aa"><material><mattext texttype="text/plain">Facts or data that support the claim</mattext></material></response_label><response_label ident="c61babb0-fe78-4718-9345-060017a10369"><material><mattext texttype="text/plain">Explanation that links evidence to the claim</mattext></material></response_label></render_choice></response_lid></presentation><resprocessing><outcomes><decvar maxvalue="100" minvalue="0" varname="SCORE" vartype="Decimal" /></outcomes><respcondition><conditionvar><varequal respident="7e6398dc-0c9c-4e7d-afcc-d19907110999">71c0b00c-7cca-4d12-a3fb-f7c30ebb3f56</varequal></conditionvar><setvar action="Add" varname="SCORE">33.33</setvar></respcondition><respcondition><conditionvar><varequal respident="a3c242c7-8452-4e7d-8006-d9de5b8e023e">15f2c723-e752-467a-a1a4-131fab73a4aa</varequal></conditionvar><setvar action="Add" varname="SCORE">33.33</setvar></respcondition><respcondition><conditionvar><varequal respident="4ed5e645-1a97-4bab-bca3-58d3387e9909">c61babb0-fe78-4718-9345-060017a10369</varequal></conditionvar><setvar action="Add" varname="SCORE">33.34</setvar></respcondition></resprocessing></item><item ident="item_q05_8e9d2c6c" title="Q05"><itemmetadata><qtimetadata><qtimetadatafield><fieldlabel>question_type</fieldlabel><fieldentry>fill_in_multiple_blanks_question</fieldentry></qtimetadatafield><qtimetadatafield><fieldlabel>calculator_type</fieldlabel><fieldentry>none</fieldentry></qtimetadatafield><qtimetadatafield><fieldlabel>points_possible</fieldlabel><fieldentry>10.0</fieldentry></qtimetadatafield></qtimetadata></itemmetadata><presentation><material><mattext texttype="text/html">&lt;p&gt;The law of conservation says energy is never lost; it simply [6143094eb5304f238f4735f47fa9d249] from one [6143094eb5304f238f4735f47fa9d249] to another.&lt;/p&gt;</mattext></material><response_lid ident="response_6143094eb5304f238f4735f47fa9d249"><material><mattext>Question</mattext></material><render_choice><response_label scoring_algorithm="TextContainsAnswer" answer_type="openEntry" ident="6143094eb5304f238f4735f47fa9d249-0"><material><mattext texttype="text/plain">transforms</mattext></material></response_label><response_label scoring_algorithm="TextContainsAnswer" answer_type="openEntry" ident="6143094eb5304f238f4735f47fa9d249-1"><material><mattext texttype="text/plain">changes</mattext></material></response_label><response_label scoring_algorithm="TextContainsAnswer" answer_type="openEntry" ident="6143094eb5304f238f4735f47fa9d249-2"><material><mattext texttype="text/plain">form</mattext></material></response_label><response_label scoring_algorithm="TextContainsAnswer" answer_type="openEntry" ident="6143094eb5304f238f4735f47fa9d249-3"><material><mattext texttype="text/plain">state</mattext></material></response_label></render_choice></response_lid></presentation><resprocessing><outcomes><decvar maxvalue="100" minvalue="0" varname="SCORE" vartype="Decimal" /></outcomes><respcondition><conditionvar><varequal respident="response_6143094eb5304f238f4735f47fa9d249">6143094eb5304f238f4735f47fa9d249-0</varequal></conditionvar><setvar action="Add" varname="SCORE">100.00</setvar></respcondition><respcondition><conditionvar><varequal respident="response_6143094eb5304f238f4735f47fa9d249">6143094eb5304f238f4735f47fa9d249-1</varequal></conditionvar><setvar action="Add" varname="SCORE">100.00</setvar></respcondition><respcondition><conditionvar><varequal respident="response_6143094eb5304f238f4735f47fa9d249">6143094eb5304f238f4735f47fa9d249-2</varequal></conditionvar><setvar action="Add" varname="SCORE">100.00</setvar></respcondition><respcondition><conditionvar><varequal respident="response_6143094eb5304f238f4735f47fa9d249">6143094eb5304f238f4735f47fa9d249-3</varequal></conditionvar><setvar action="Add" varname="SCORE">100.00</setvar></respcondition></resprocessing></item><item ident="item_q06_c0991c1f" title="Q06"><itemmetadata><qtimetadata><qtimetadatafield><fieldlabel>question_type</fieldlabel><fieldentry>essay_question</fieldentry></qtimetadatafield><qtimetadatafield><fieldlabel>calculator_type</fieldlabel><fieldentry>none</fieldentry></qtimetadatafield><qtimetadatafield><fieldlabel>points_possible</fieldlabel><fieldentry>10.0</fieldentry></qtimetadatafield></qtimetadata></itemmetadata><presentation><material><mattext texttype="text/html">&lt;p&gt;How would you break down a multi-step math problem so you avoid small mistakes? Describe the checkpoints you would use before moving to the next step.&lt;/p&gt;</mattext></material><response_str ident="response1" rcardinality="Single"><render_fib><response_label ident="answer1" /></render_fib></response_str></presentation></item><item ident="item_q07_e8965b01" title="Q07"><itemmetadata><qtimetadata><qtimetadatafield><fieldlabel>question_type</fieldlabel><fieldentry>file_upload_question</fieldentry></qtimetadatafield><qtimetadatafield><fieldlabel>calculator_type</fieldlabel><fieldentry>none</fieldentry></qtimetadatafield><qtimetadatafield><fieldlabel>points_possible</fieldlabel><fieldentry>10.0</fieldentry></qtimetadatafield></qtimetadata></itemmetadata><presentation><material><mattext texttype="text/html">&lt;p&gt;Upload a photo or PDF of a neatly labeled data table from a simple experiment you ran (such as how fast ice melts in different cups).&lt;/p&gt;</mattext></material><response_str ident="response1" rcardinality="Single"><render_fib><response_label ident="answer1" /></render_fib></response_str></presentation></item><item ident="item_q08_ff2d75d4" title="Q08"><itemmetadata><qtimetadata><qtimetadatafield><fieldlabel>question_type</fieldlabel><fieldentry>ordering_question</fieldentry></qtimetadatafield><qtimetadatafield><fieldlabel>calculator_type</fieldlabel><fieldentry>none</fieldentry></qtimetadatafield><qtimetadatafield><fieldlabel>points_possible</fieldlabel><fieldentry>10.0</fieldentry></qtimetadatafield></qtimetadata></itemmetadata><presentation><material><mattext texttype="text/html">&lt;p&gt;Place the scientific investigation steps in the correct order.&lt;/p&gt;</mattext></material><response_lid ident="response1" rcardinality="Ordered"><render_extension><ims_render_object shuffle="No"><flow_label><response_label ident="65587f78-e87d-440c-9545-6b8346bbd184"><material><mattext texttype="text/html">&lt;p&gt;Write a clear, testable question&lt;/p&gt;</mattext></material></response_label><response_label ident="e7f6e81e-23b1-43b7-ba93-9f8bb36c6bc8"><material><mattext texttype="text/html">&lt;p&gt;List variables, materials, and a controlled procedure&lt;/p&gt;</mattext></material></response_label><response_label ident="1b3081d9-3c3e-42c2-b814-26f17510b62c"><material><mattext texttype="text/html">&lt;p&gt;Run the procedure while recording organized data&lt;/p&gt;</mattext></material></response_label><response_label ident="b8362495-1d03-4d5f-b6b5-d716f4f153dd"><material><mattext texttype="text/html">&lt;p&gt;Analyze results and state a conclusion&lt;/p&gt;</mattext></material></response_label></flow_label></ims_render_object><material position="bottom"><mattext /></material></render_extension></response_lid></presentation><resprocessing><outcomes><decvar maxvalue="100" minvalue="0" varname="SCORE" vartype="Decimal" /></outcomes><respcondition continue="No"><conditionvar><varequal respident="response1">65587f78-e87d-440c-9545-6b8346bbd184</varequal><varequal respident="response1">e7f6e81e-23b1-43b7-ba93-9f8bb36c6bc8</varequal><varequal respident="response1">1b3081d9-3c3e-42c2-b814-26f17510b62c</varequal><varequal respident="response1">b8362495-1d03-4d5f-b6b5-d716f4f153dd</varequal></conditionvar><setvar action="Set" varname="SCORE">100</setvar></respcondition></resprocessing></item><item ident="item_q09_2d403011" title="Q09"><itemmetadata><qtimetadata><qtimetadatafield><fieldlabel>question_type</fieldlabel><fieldentry>categorization_question</fieldentry></qtimetadatafield><qtimetadatafield><fieldlabel>calculator_type</fieldlabel><fieldentry>none</fieldentry></qtimetadatafield><qtimetadatafield><fieldlabel>points_possible</fieldlabel><fieldentry>10.0</fieldentry></qtimetadatafield></qtimetadata></itemmetadata><presentation><material><mattext texttype="text/html">&lt;p&gt;Categorize each observation from a classroom lab as qualitative or quantitative.&lt;/p&gt;</mattext></material><response_lid ident="86d04604-7601-4741-a8fa-f1f42168046d" rcardinality="Multiple"><material><mattext texttype="text/plain">Qualitative</mattext></material><render_choice><response_label ident="99ede3b7-e714-46ee-8bed-fea67bb6cb32"><material><mattext texttype="text/plain">The solution turned cloudy blue after stirring</mattext></material></response_label><response_label ident="37996e5a-908e-458c-806f-bb446aad8e59"><material><mattext texttype="text/plain">The temperature rose from 18°C to 24°C</mattext></material></response_label><response_label ident="97e9473f-07e8-4bd6-acff-a2eaddadaedf"><material><mattext texttype="text/plain">A sharp vinegar smell was produced</mattext></material></response_label><response_label ident="1fdfb2d2-a882-443d-9e71-eee82e52467e"><material><mattext texttype="text/plain">The reaction finished bubbling after 42 seconds</mattext></material></response_label><response_label ident="7b8deec7-e65e-4881-8a5e-86ddff7085d2"><material><mattext texttype="text/plain">Used a wooden stir stick</mattext></material></response_label><response_label ident="f07055f6-9198-4435-bdad-37caadb064c6"><material><mattext texttype="text/plain">Lab took place before lunch</mattext></material></response_label></render_choice></response_lid><response_lid ident="ad02283b-b2f9-41d6-b570-972f4c551061" rcardinality="Multiple"><material><mattext texttype="text/plain">Quantitative</mattext></material><render_choice><response_label ident="99ede3b7-e714-46ee-8bed-fea67bb6cb32"><material><mattext texttype="text/plain">The solution turned cloudy blue after stirring</mattext></material></response_label><response_label ident="37996e5a-908e-458c-806f-bb446aad8e59"><material><mattext texttype="text/plain">The temperature rose from 18°C to 24°C</mattext></material></response_label><response_label ident="97e9473f-07e8-4bd6-acff-a2eaddadaedf"><material><mattext texttype="text/plain">A sharp vinegar smell was produced</mattext></material></response_label><response_label ident="1fdfb2d2-a882-443d-9e71-eee82e52467e"><material><mattext texttype="text/plain">The reaction finished bubbling after 42 seconds</mattext></material></response_label><response_label ident="7b8deec7-e65e-4881-8a5e-86ddff7085d2"><material><mattext texttype="text/plain">Used a wooden stir stick</mattext></material></response_label><response_label ident="f07055f6-9198-4435-bdad-37caadb064c6"><material><mattext texttype="text/plain">Lab took place before lunch</mattext></material></response_label></render_choice></response_lid></presentation><resprocessing><outcomes><decvar maxvalue="100" minvalue="0" varname="SCORE" vartype="Decimal" /></outcomes><respcondition><conditionvar><varequal respident="86d04604-7601-4741-a8fa-f1f42168046d">99ede3b7-e714-46ee-8bed-fea67bb6cb32</varequal><varequal respident="86d04604-7601-4741-a8fa-f1f42168046d">97e9473f-07e8-4bd6-acff-a2eaddadaedf</varequal></conditionvar><setvar action="Add" varname="SCORE">50.00</setvar></respcondition><respcondition><conditionvar><varequal respident="ad02283b-b2f9-41d6-b570-972f4c551061">37996e5a-908e-458c-806f-bb446aad8e59</varequal><varequal respident="ad02283b-b2f9-41d6-b570-972f4c551061">1fdfb2d2-a882-443d-9e71-eee82e52467e</varequal></conditionvar><setvar action="Add" varname="SCORE">50.00</setvar></respcondition></resprocessing></item><item ident="item_q10_495b1ebf" title="Q10"><itemmetadata><qtimetadata><qtimetadatafield><fieldlabel>question_type</fieldlabel><fieldentry>numerical_question</fieldentry></qtimetadatafield><qtimetadatafield><fieldlabel>calculator_type</fieldlabel><fieldentry>none</fieldentry></qtimetadatafield><qtimetadatafield><fieldlabel>points_possible</fieldlabel><fieldentry>10.0</fieldentry></qtimetadatafield></qtimetadata></itemmetadata><presentation><material><mattext texttype="text/html">&lt;p&gt;Solve the expression below.&lt;/p&gt;
&lt;pre style="background-color: #272822; color: #F8F8F2; padding: 10px; border-radius: 4px; font-family: 'Courier New', Consolas, monospace; overflow-x: auto; line-height: 1.5;"&gt;&lt;code class="language-math"&gt;(18 - 6) ÷ 3 + 4 = ?&lt;/code&gt;&lt;/pre&gt;</mattext></material><response_str ident="response1" rcardinality="Single"><render_fib fibtype="Decimal"><response_label ident="answer1" /></render_fib></response_str></presentation><resprocessing><outcomes><decvar maxvalue="100" minvalue="0" varname="SCORE" vartype="Decimal" /></outcomes><respcondition continue="No"><conditionvar><or><varequal respident="response1">8.0</varequal><and><vargte respident="response1">8.0</vargte><varlte respident="response1">8.0</varlte></and></or></conditionvar><setvar action="Set" varname="SCORE">100</setvar></respcondition></resprocessing></item></section></assessment></questestinterop>
