<?xml version="1.0"?>
<manifest xmlns="http://www.imsglobal.org/xsd/imsccv1p1/imscp_v1p1" xmlns:lom="http://ltsc.ieee.org/xsd/imsccv1p1/LOM/resource" xmlns:imsmd="http://www.imsglobal.org/xsd/imsmd_v1p2" xmlns:xsi="http://www.w3.org/2001/XMLSchema-instance" identifier="104fbd62-5c29-40af-8111-279c56829108" xsi:schemaLocation="http://www.imsglobal.org/xsd/imsccv1p1/imscp_v1p1 http://www.imsglobal.org/xsd/imscp_v1p1.xsd http://ltsc.ieee.org/xsd/imsccv1p1/LOM/resource http://www.imsglobal.org/profile/cc/ccv1p1/LOM/ccv1p1_lomresource_v1p0.xsd http://www.imsglobal.org/xsd/imsmd_v1p2 http://www.imsglobal.org/xsd/imsmd_v1p2p2.xsd">
	<metadata>
		<schema>IMS Content</schema>
		<schemaversion>1.1.3</schemaversion>
		<imsmd:lom>
			<imsmd:general>
				<imsmd:title>
					<imsmd:string>Attempt 8 - DocX All Types (13 Questions)</imsmd:string>
				</imsmd:title>
			</imsmd:general>
			<imsmd:lifeCycle>
				<imsmd:contribute>
					<imsmd:date>
						<imsmd:dateTime>2025-11-21</imsmd:dateTime>
					</imsmd:date>
				</imsmd:contribute>
			</imsmd:lifeCycle>
		</imsmd:lom>
	</metadata>
	<organizations/>
	<resources>
		<resource identifier="601910f4-3f5c-403b-8374-5a575326030b" type="imsqti_xmlv1p2">
			<file href="601910f4-3f5c-403b-8374-5a575326030b/601910f4-3f5c-403b-8374-5a575326030b.xml"/>
			<dependency identifierref="8cd5527d-df36-4eee-943f-8583208d42c3"/>
		</resource>
		<resource identifier="8cd5527d-df36-4eee-943f-8583208d42c3" type="associatedcontent/imscc_xmlv1p1/learning-application-resource" href="601910f4-3f5c-403b-8374-5a575326030b/assessment_meta.xml">
			<file href="601910f4-3f5c-403b-8374-5a575326030b/assessment_meta.xml"/>
		</resource>
	</resources>
</manifest>
