<?xml version="1.0"?>
<questestinterop xmlns="http://www.imsglobal.org/xsd/ims_qtiasiv1p2" xmlns:xsi="http://www.w3.org/2001/XMLSchema-instance" xsi:schemaLocation="http://www.imsglobal.org/xsd/ims_qtiasiv1p2 http://www.imsglobal.org/xsd/ims_qtiasiv1p2p1.xsd"><assessment ident="assessment_67ffeb96" title="The Observation - Act 2 Quiz (Friday)"><qtimetadata><qtimetadatafield><fieldlabel>cc_maxattempts</fieldlabel><fieldentry>1</fieldentry></qtimetadatafield></qtimetadata><section ident="root_section"><item ident="q1_compare" title="Q01"><itemmetadata><qtimetadata><qtimetadatafield><fieldlabel>question_type</fieldlabel><fieldentry>multiple_choice_question</fieldentry></qtimetadatafield><qtimetadatafield><fieldlabel>calculator_type</fieldlabel><fieldentry>none</fieldentry></qtimetadatafield><qtimetadatafield><fieldlabel>points_possible</fieldlabel><fieldentry>4.0</fieldentry></qtimetadatafield></qtimetadata></itemmetadata><presentation><material><mattext texttype="text/html">Mrs. J shows two different explanations of the same feudal system concept on the board.

Version A (Coach's way): The lords controlled land by controlling the people who controlled resources that controlled the economy.

Version B (Revised): Feudal lords governed territories by managing resources and collecting taxes from the people who worked the land.

What is the most important difference between these two explanations?</mattext></material><response_lid ident="response1" rcardinality="Single"><render_choice><response_label ident="a"><material><mattext texttype="text/html">Version A explains the topic in much greater historical detail</mattext></material></response_label><response_label ident="b"><material><mattext texttype="text/html">Version A is written specifically for advanced middle school students</mattext></material></response_label><response_label ident="c"><material><mattext texttype="text/html">Version B uses clearer and more specific wording (in class) (in the lesson)</mattext></material></response_label><response_label ident="d"><material><mattext texttype="text/html">Version B adds more historical information about feudal territories</mattext></material></response_label></render_choice></response_lid></presentation><resprocessing><outcomes><decvar maxvalue="100" minvalue="0" varname="SCORE" vartype="Decimal" /></outcomes><respcondition continue="No"><conditionvar><varequal respident="response1">c</varequal></conditionvar><setvar action="Set" varname="SCORE">100</setvar></respcondition></resprocessing></item><item ident="q2_connection_act1" title="Q02"><itemmetadata><qtimetadata><qtimetadatafield><fieldlabel>question_type</fieldlabel><fieldentry>multiple_choice_question</fieldentry></qtimetadatafield><qtimetadatafield><fieldlabel>calculator_type</fieldlabel><fieldentry>none</fieldentry></qtimetadatafield><qtimetadatafield><fieldlabel>points_possible</fieldlabel><fieldentry>4.0</fieldentry></qtimetadatafield></qtimetadata></itemmetadata><presentation><material><mattext texttype="text/html">How does the revision of the feudal system explanation connect to what happened with the sentence on the board in Act 1?</mattext></material><response_lid ident="response1" rcardinality="Single"><render_choice><response_label ident="a"><material><mattext texttype="text/html">Both change who is teaching the lesson to students</mattext></material></response_label><response_label ident="b"><material><mattext texttype="text/html">Both shorten the lesson content to save time</mattext></material></response_label><response_label ident="c"><material><mattext texttype="text/html">Both remove mistakes about historical facts and accuracy</mattext></material></response_label><response_label ident="d"><material><mattext texttype="text/html">Both revisions fix wording that caused confusion</mattext></material></response_label></render_choice></response_lid></presentation><resprocessing><outcomes><decvar maxvalue="100" minvalue="0" varname="SCORE" vartype="Decimal" /></outcomes><respcondition continue="No"><conditionvar><varequal respident="response1">d</varequal></conditionvar><setvar action="Set" varname="SCORE">100</setvar></respcondition></resprocessing></item><item ident="q3_synthesize" title="Q03"><itemmetadata><qtimetadata><qtimetadatafield><fieldlabel>question_type</fieldlabel><fieldentry>multiple_choice_question</fieldentry></qtimetadatafield><qtimetadatafield><fieldlabel>calculator_type</fieldlabel><fieldentry>none</fieldentry></qtimetadatafield><qtimetadatafield><fieldlabel>points_possible</fieldlabel><fieldentry>4.0</fieldentry></qtimetadatafield></qtimetadata></itemmetadata><presentation><material><mattext texttype="text/html">Based on both acts, what connection can be made about effective communication?</mattext></material><response_lid ident="response1" rcardinality="Single"><render_choice><response_label ident="a"><material><mattext texttype="text/html">Strong opinions make lessons clearer for most students</mattext></material></response_label><response_label ident="b"><material><mattext texttype="text/html">Clear wording helps people understand ideas (in class) (in the lesson)</mattext></material></response_label><response_label ident="c"><material><mattext texttype="text/html">Repeating words helps students remember information better</mattext></material></response_label><response_label ident="d"><material><mattext texttype="text/html">Longer explanations show stronger teaching skills and knowledge</mattext></material></response_label></render_choice></response_lid></presentation><resprocessing><outcomes><decvar maxvalue="100" minvalue="0" varname="SCORE" vartype="Decimal" /></outcomes><respcondition continue="No"><conditionvar><varequal respident="response1">b</varequal></conditionvar><setvar action="Set" varname="SCORE">100</setvar></respcondition></resprocessing></item><item ident="q4_approaches" title="Q04"><itemmetadata><qtimetadata><qtimetadatafield><fieldlabel>question_type</fieldlabel><fieldentry>multiple_choice_question</fieldentry></qtimetadatafield><qtimetadatafield><fieldlabel>calculator_type</fieldlabel><fieldentry>none</fieldentry></qtimetadatafield><qtimetadatafield><fieldlabel>points_possible</fieldlabel><fieldentry>4.0</fieldentry></qtimetadatafield></qtimetadata></itemmetadata><presentation><material><mattext texttype="text/html">How does Coach Beckham's teaching approach in Act 2 differ from his approach in Act 1?</mattext></material><response_lid ident="response1" rcardinality="Single"><render_choice><response_label ident="a"><material><mattext texttype="text/html">He switches from vague words to clear actions (in class)</mattext></material></response_label><response_label ident="b"><material><mattext texttype="text/html">He uses more examples than before to explain concepts</mattext></material></response_label><response_label ident="c"><material><mattext texttype="text/html">He allows students to lead the lesson with more discussion</mattext></material></response_label><response_label ident="d"><material><mattext texttype="text/html">He spends more time correcting behavior problems in class</mattext></material></response_label></render_choice></response_lid></presentation><resprocessing><outcomes><decvar maxvalue="100" minvalue="0" varname="SCORE" vartype="Decimal" /></outcomes><respcondition continue="No"><conditionvar><varequal respident="response1">a</varequal></conditionvar><setvar action="Set" varname="SCORE">100</setvar></respcondition></resprocessing></item><item ident="q5_evidence_across" title="Q05"><itemmetadata><qtimetadata><qtimetadatafield><fieldlabel>question_type</fieldlabel><fieldentry>multiple_choice_question</fieldentry></qtimetadatafield><qtimetadatafield><fieldlabel>calculator_type</fieldlabel><fieldentry>none</fieldentry></qtimetadatafield><qtimetadatafield><fieldlabel>points_possible</fieldlabel><fieldentry>4.0</fieldentry></qtimetadatafield></qtimetadata></itemmetadata><presentation><material><mattext texttype="text/html">Which detail from Act 1 best connects to the improvement shown in Act 2?</mattext></material><response_lid ident="response1" rcardinality="Single"><render_choice><response_label ident="a"><material><mattext texttype="text/html">Mr. Barcelona watches in both acts without saying anything</mattext></material></response_label><response_label ident="b"><material><mattext texttype="text/html">The confusing board sentence matches Version A (in class)</mattext></material></response_label><response_label ident="c"><material><mattext texttype="text/html">Arthur's comments interrupt both lessons throughout the play</mattext></material></response_label><response_label ident="d"><material><mattext texttype="text/html">Students speak more in Act 2 than they did in Act 1</mattext></material></response_label></render_choice></response_lid></presentation><resprocessing><outcomes><decvar maxvalue="100" minvalue="0" varname="SCORE" vartype="Decimal" /></outcomes><respcondition continue="No"><conditionvar><varequal respident="response1">b</varequal></conditionvar><setvar action="Set" varname="SCORE">100</setvar></respcondition></resprocessing></item><item ident="q6_infer_barcelona" title="Q06"><itemmetadata><qtimetadata><qtimetadatafield><fieldlabel>question_type</fieldlabel><fieldentry>multiple_choice_question</fieldentry></qtimetadatafield><qtimetadatafield><fieldlabel>calculator_type</fieldlabel><fieldentry>none</fieldentry></qtimetadatafield><qtimetadatafield><fieldlabel>points_possible</fieldlabel><fieldentry>4.0</fieldentry></qtimetadatafield></qtimetadata></itemmetadata><presentation><material><mattext texttype="text/html">What can the reader infer about why Mr. Barcelona stops writing on his clipboard?</mattext></material><response_lid ident="response1" rcardinality="Single"><render_choice><response_label ident="a"><material><mattext texttype="text/html">He becomes bored</mattext></material></response_label><response_label ident="b"><material><mattext texttype="text/html">The lesson becomes clearer</mattext></material></response_label><response_label ident="c"><material><mattext texttype="text/html">He disagrees with the teacher</mattext></material></response_label><response_label ident="d"><material><mattext texttype="text/html">He finishes writing all notes</mattext></material></response_label></render_choice></response_lid></presentation><resprocessing><outcomes><decvar maxvalue="100" minvalue="0" varname="SCORE" vartype="Decimal" /></outcomes><respcondition continue="No"><conditionvar><varequal respident="response1">b</varequal></conditionvar><setvar action="Set" varname="SCORE">100</setvar></respcondition></resprocessing></item><item ident="q7_infer_philosophy" title="Q07"><itemmetadata><qtimetadata><qtimetadatafield><fieldlabel>question_type</fieldlabel><fieldentry>multiple_choice_question</fieldentry></qtimetadatafield><qtimetadatafield><fieldlabel>calculator_type</fieldlabel><fieldentry>none</fieldentry></qtimetadatafield><qtimetadatafield><fieldlabel>points_possible</fieldlabel><fieldentry>4.0</fieldentry></qtimetadatafield></qtimetadata></itemmetadata><presentation><material><mattext texttype="text/html">What does Mrs. J's decision to rewrite the sentence suggest about her teaching philosophy?</mattext></material><response_lid ident="response1" rcardinality="Single"><render_choice><response_label ident="a"><material><mattext texttype="text/html">Grammar matters more than meaning in all education</mattext></material></response_label><response_label ident="b"><material><mattext texttype="text/html">Clear language helps students learn (in class) (in the lesson)</mattext></material></response_label><response_label ident="c"><material><mattext texttype="text/html">Teachers should avoid making any mistakes during lessons</mattext></material></response_label><response_label ident="d"><material><mattext texttype="text/html">Students should fix teacher errors during every class</mattext></material></response_label></render_choice></response_lid></presentation><resprocessing><outcomes><decvar maxvalue="100" minvalue="0" varname="SCORE" vartype="Decimal" /></outcomes><respcondition continue="No"><conditionvar><varequal respident="response1">b</varequal></conditionvar><setvar action="Set" varname="SCORE">100</setvar></respcondition></resprocessing></item><item ident="q8_infer_structure" title="Q08"><itemmetadata><qtimetadata><qtimetadatafield><fieldlabel>question_type</fieldlabel><fieldentry>multiple_choice_question</fieldentry></qtimetadatafield><qtimetadatafield><fieldlabel>calculator_type</fieldlabel><fieldentry>none</fieldentry></qtimetadatafield><qtimetadatafield><fieldlabel>points_possible</fieldlabel><fieldentry>4.0</fieldentry></qtimetadatafield></qtimetadata></itemmetadata><presentation><material><mattext texttype="text/html">What can be inferred about why the playwright shows confusion before understanding?</mattext></material><response_lid ident="response1" rcardinality="Single"><render_choice><response_label ident="a"><material><mattext texttype="text/html">To show students dislike history</mattext></material></response_label><response_label ident="b"><material><mattext texttype="text/html">To make the play more realistic</mattext></material></response_label><response_label ident="c"><material><mattext texttype="text/html">To show why clarity matters</mattext></material></response_label><response_label ident="d"><material><mattext texttype="text/html">To slow down the lesson</mattext></material></response_label></render_choice></response_lid></presentation><resprocessing><outcomes><decvar maxvalue="100" minvalue="0" varname="SCORE" vartype="Decimal" /></outcomes><respcondition continue="No"><conditionvar><varequal respident="response1">c</varequal></conditionvar><setvar action="Set" varname="SCORE">100</setvar></respcondition></resprocessing></item><item ident="q9_infer_learning" title="Q09"><itemmetadata><qtimetadata><qtimetadatafield><fieldlabel>question_type</fieldlabel><fieldentry>multiple_choice_question</fieldentry></qtimetadatafield><qtimetadatafield><fieldlabel>calculator_type</fieldlabel><fieldentry>none</fieldentry></qtimetadatafield><qtimetadatafield><fieldlabel>points_possible</fieldlabel><fieldentry>4.0</fieldentry></qtimetadatafield></qtimetadata></itemmetadata><presentation><material><mattext texttype="text/html">Based on the students' reactions, what can be inferred about what causes effective learning?</mattext></material><response_lid ident="response1" rcardinality="Single"><render_choice><response_label ident="a"><material><mattext texttype="text/html">Faster lessons hold attention better</mattext></material></response_label><response_label ident="b"><material><mattext texttype="text/html">Humor improves understanding greatly</mattext></material></response_label><response_label ident="c"><material><mattext texttype="text/html">Repetition guarantees learning always</mattext></material></response_label><response_label ident="d"><material><mattext texttype="text/html">Clear word choice reduces confusion (in class)</mattext></material></response_label></render_choice></response_lid></presentation><resprocessing><outcomes><decvar maxvalue="100" minvalue="0" varname="SCORE" vartype="Decimal" /></outcomes><respcondition continue="No"><conditionvar><varequal respident="response1">d</varequal></conditionvar><setvar action="Set" varname="SCORE">100</setvar></respcondition></resprocessing></item><item ident="q10_infer_relationship" title="Q10"><itemmetadata><qtimetadata><qtimetadatafield><fieldlabel>question_type</fieldlabel><fieldentry>multiple_choice_question</fieldentry></qtimetadatafield><qtimetadatafield><fieldlabel>calculator_type</fieldlabel><fieldentry>none</fieldentry></qtimetadatafield><qtimetadatafield><fieldlabel>points_possible</fieldlabel><fieldentry>4.0</fieldentry></qtimetadatafield></qtimetadata></itemmetadata><presentation><material><mattext texttype="text/html">What can be inferred about the relationship between word choice and comprehension?</mattext></material><response_lid ident="response1" rcardinality="Single"><render_choice><response_label ident="a"><material><mattext texttype="text/html">Metaphors always help readers think</mattext></material></response_label><response_label ident="b"><material><mattext texttype="text/html">Repeated words add importance always</mattext></material></response_label><response_label ident="c"><material><mattext texttype="text/html">Word choice affects understanding (in class)</mattext></material></response_label><response_label ident="d"><material><mattext texttype="text/html">Longer words show intelligence levels</mattext></material></response_label></render_choice></response_lid></presentation><resprocessing><outcomes><decvar maxvalue="100" minvalue="0" varname="SCORE" vartype="Decimal" /></outcomes><respcondition continue="No"><conditionvar><varequal respident="response1">c</varequal></conditionvar><setvar action="Set" varname="SCORE">100</setvar></respcondition></resprocessing></item><item ident="q11_transition" title="Q11"><itemmetadata><qtimetadata><qtimetadatafield><fieldlabel>question_type</fieldlabel><fieldentry>multiple_choice_question</fieldentry></qtimetadatafield><qtimetadatafield><fieldlabel>calculator_type</fieldlabel><fieldentry>none</fieldentry></qtimetadatafield><qtimetadatafield><fieldlabel>points_possible</fieldlabel><fieldentry>4.0</fieldentry></qtimetadatafield></qtimetadata></itemmetadata><presentation><material><mattext texttype="text/html">A student writes: Coach Beckham's first explanation was confusing. _____ his second explanation was much clearer.

Which transition word best shows the relationship between these ideas?</mattext></material><response_lid ident="response1" rcardinality="Single"><render_choice><response_label ident="a"><material><mattext texttype="text/html">However (in class)</mattext></material></response_label><response_label ident="b"><material><mattext texttype="text/html">For example</mattext></material></response_label><response_label ident="c"><material><mattext texttype="text/html">Meanwhile</mattext></material></response_label><response_label ident="d"><material><mattext texttype="text/html">Similarly</mattext></material></response_label></render_choice></response_lid></presentation><resprocessing><outcomes><decvar maxvalue="100" minvalue="0" varname="SCORE" vartype="Decimal" /></outcomes><respcondition continue="No"><conditionvar><varequal respident="response1">a</varequal></conditionvar><setvar action="Set" varname="SCORE">100</setvar></respcondition></resprocessing></item><item ident="q12_wrong_transition" title="Q12"><itemmetadata><qtimetadata><qtimetadatafield><fieldlabel>question_type</fieldlabel><fieldentry>multiple_choice_question</fieldentry></qtimetadatafield><qtimetadatafield><fieldlabel>calculator_type</fieldlabel><fieldentry>none</fieldentry></qtimetadatafield><qtimetadatafield><fieldlabel>points_possible</fieldlabel><fieldentry>4.0</fieldentry></qtimetadatafield></qtimetadata></itemmetadata><presentation><material><mattext texttype="text/html">Mrs. J writes on the board: Lords controlled land. However, they also protected it.

What is wrong with the transition word used?</mattext></material><response_lid ident="response1" rcardinality="Single"><render_choice><response_label ident="a"><material><mattext texttype="text/html">The ideas do not contrast</mattext></material></response_label><response_label ident="b"><material><mattext texttype="text/html">The sentence lacks punctuation</mattext></material></response_label><response_label ident="c"><material><mattext texttype="text/html">The verb tense is wrong here</mattext></material></response_label><response_label ident="d"><material><mattext texttype="text/html">The sentence is informal</mattext></material></response_label></render_choice></response_lid></presentation><resprocessing><outcomes><decvar maxvalue="100" minvalue="0" varname="SCORE" vartype="Decimal" /></outcomes><respcondition continue="No"><conditionvar><varequal respident="response1">a</varequal></conditionvar><setvar action="Set" varname="SCORE">100</setvar></respcondition></resprocessing></item><item ident="q13_sentence_connection" title="Q13"><itemmetadata><qtimetadata><qtimetadatafield><fieldlabel>question_type</fieldlabel><fieldentry>multiple_choice_question</fieldentry></qtimetadatafield><qtimetadatafield><fieldlabel>calculator_type</fieldlabel><fieldentry>none</fieldentry></qtimetadatafield><qtimetadatafield><fieldlabel>points_possible</fieldlabel><fieldentry>4.0</fieldentry></qtimetadatafield></qtimetadata></itemmetadata><presentation><material><mattext texttype="text/html">Which sentence best connects these two ideas with appropriate transition?

Idea 1: The lesson started with confusion.
Idea 2: Students understood by the end.</mattext></material><response_lid ident="response1" rcardinality="Single"><render_choice><response_label ident="a"><material><mattext texttype="text/html">The lesson began confusing for example it ended clear</mattext></material></response_label><response_label ident="b"><material><mattext texttype="text/html">The lesson began confusing similarly it ended clear</mattext></material></response_label><response_label ident="c"><material><mattext texttype="text/html">The lesson began confusing but ended clear (in class)</mattext></material></response_label><response_label ident="d"><material><mattext texttype="text/html">The lesson began confusing because it ended clear</mattext></material></response_label></render_choice></response_lid></presentation><resprocessing><outcomes><decvar maxvalue="100" minvalue="0" varname="SCORE" vartype="Decimal" /></outcomes><respcondition continue="No"><conditionvar><varequal respident="response1">c</varequal></conditionvar><setvar action="Set" varname="SCORE">100</setvar></respcondition></resprocessing></item><item ident="q14_theme_v_summary" title="Q14"><itemmetadata><qtimetadata><qtimetadatafield><fieldlabel>question_type</fieldlabel><fieldentry>multiple_choice_question</fieldentry></qtimetadatafield><qtimetadatafield><fieldlabel>calculator_type</fieldlabel><fieldentry>none</fieldentry></qtimetadatafield><qtimetadatafield><fieldlabel>points_possible</fieldlabel><fieldentry>4.0</fieldentry></qtimetadatafield></qtimetadata></itemmetadata><presentation><material><mattext texttype="text/html">Which statement best expresses the theme of the play rather than just summarizing events?</mattext></material><response_lid ident="response1" rcardinality="Single"><render_choice><response_label ident="a"><material><mattext texttype="text/html">How words are used matters (in class) (in the lesson)</mattext></material></response_label><response_label ident="b"><material><mattext texttype="text/html">Students learn about feudal lords in Japanese history</mattext></material></response_label><response_label ident="c"><material><mattext texttype="text/html">Teachers revise lessons throughout the school day</mattext></material></response_label><response_label ident="d"><material><mattext texttype="text/html">Class improves in Act 2 because of better teaching</mattext></material></response_label></render_choice></response_lid></presentation><resprocessing><outcomes><decvar maxvalue="100" minvalue="0" varname="SCORE" vartype="Decimal" /></outcomes><respcondition continue="No"><conditionvar><varequal respident="response1">a</varequal></conditionvar><setvar action="Set" varname="SCORE">100</setvar></respcondition></resprocessing></item><item ident="q15_theme_evidence" title="Q15"><itemmetadata><qtimetadata><qtimetadatafield><fieldlabel>question_type</fieldlabel><fieldentry>multiple_choice_question</fieldentry></qtimetadatafield><qtimetadatafield><fieldlabel>calculator_type</fieldlabel><fieldentry>none</fieldentry></qtimetadatafield><qtimetadatafield><fieldlabel>points_possible</fieldlabel><fieldentry>4.0</fieldentry></qtimetadatafield></qtimetadata></itemmetadata><presentation><material><mattext texttype="text/html">Which detail from the play best supports the theme that how you say something matters as much as what you say?</mattext></material><response_lid ident="response1" rcardinality="Single"><render_choice><response_label ident="a"><material><mattext texttype="text/html">Students understand after wording changes (in class)</mattext></material></response_label><response_label ident="b"><material><mattext texttype="text/html">Rachel explains ideas in detail to help other students</mattext></material></response_label><response_label ident="c"><material><mattext texttype="text/html">Arthur makes jokes throughout both acts of the play</mattext></material></response_label><response_label ident="d"><material><mattext texttype="text/html">Mr. Barcelona observes without speaking at all during class</mattext></material></response_label></render_choice></response_lid></presentation><resprocessing><outcomes><decvar maxvalue="100" minvalue="0" varname="SCORE" vartype="Decimal" /></outcomes><respcondition continue="No"><conditionvar><varequal respident="response1">a</varequal></conditionvar><setvar action="Set" varname="SCORE">100</setvar></respcondition></resprocessing></item><item ident="q16_universal_message" title="Q16"><itemmetadata><qtimetadata><qtimetadatafield><fieldlabel>question_type</fieldlabel><fieldentry>multiple_choice_question</fieldentry></qtimetadatafield><qtimetadatafield><fieldlabel>calculator_type</fieldlabel><fieldentry>none</fieldentry></qtimetadatafield><qtimetadatafield><fieldlabel>points_possible</fieldlabel><fieldentry>4.0</fieldentry></qtimetadatafield></qtimetadata></itemmetadata><presentation><material><mattext texttype="text/html">What universal message does the playwright communicate through the classroom setting?</mattext></material><response_lid ident="response1" rcardinality="Single"><render_choice><response_label ident="a"><material><mattext texttype="text/html">Classrooms need administrative observers watching at all times</mattext></material></response_label><response_label ident="b"><material><mattext texttype="text/html">History lessons confuse most students often in classrooms</mattext></material></response_label><response_label ident="c"><material><mattext texttype="text/html">Clear communication helps learning (in class) (in the lesson)</mattext></material></response_label><response_label ident="d"><material><mattext texttype="text/html">Teachers should avoid all metaphors completely in lessons</mattext></material></response_label></render_choice></response_lid></presentation><resprocessing><outcomes><decvar maxvalue="100" minvalue="0" varname="SCORE" vartype="Decimal" /></outcomes><respcondition continue="No"><conditionvar><varequal respident="response1">c</varequal></conditionvar><setvar action="Set" varname="SCORE">100</setvar></respcondition></resprocessing></item><item ident="q17_text_evidence_1" title="Q17"><itemmetadata><qtimetadata><qtimetadatafield><fieldlabel>question_type</fieldlabel><fieldentry>multiple_choice_question</fieldentry></qtimetadatafield><qtimetadatafield><fieldlabel>calculator_type</fieldlabel><fieldentry>none</fieldentry></qtimetadatafield><qtimetadatafield><fieldlabel>points_possible</fieldlabel><fieldentry>4.0</fieldentry></qtimetadatafield></qtimetadata></itemmetadata><presentation><material><mattext texttype="text/html">Which line from the play best supports the idea that clear language improves understanding?</mattext></material><response_lid ident="response1" rcardinality="Single"><render_choice><response_label ident="a"><material><mattext texttype="text/html">Rachel summarizes content in great detail for everyone</mattext></material></response_label><response_label ident="b"><material><mattext texttype="text/html">Mr. Barcelona takes notes on his clipboard throughout class</mattext></material></response_label><response_label ident="c"><material><mattext texttype="text/html">Arthur interrupts discussion with random comments</mattext></material></response_label><response_label ident="d"><material><mattext texttype="text/html">Students respond better to revised language (in class)</mattext></material></response_label></render_choice></response_lid></presentation><resprocessing><outcomes><decvar maxvalue="100" minvalue="0" varname="SCORE" vartype="Decimal" /></outcomes><respcondition continue="No"><conditionvar><varequal respident="response1">d</varequal></conditionvar><setvar action="Set" varname="SCORE">100</setvar></respcondition></resprocessing></item><item ident="q18_word_choice_impact" title="Q18"><itemmetadata><qtimetadata><qtimetadatafield><fieldlabel>question_type</fieldlabel><fieldentry>multiple_choice_question</fieldentry></qtimetadatafield><qtimetadatafield><fieldlabel>calculator_type</fieldlabel><fieldentry>none</fieldentry></qtimetadatafield><qtimetadatafield><fieldlabel>points_possible</fieldlabel><fieldentry>4.0</fieldentry></qtimetadatafield></qtimetadata></itemmetadata><presentation><material><mattext texttype="text/html">Which detail best shows that word choice affects comprehension?</mattext></material><response_lid ident="response1" rcardinality="Single"><render_choice><response_label ident="a"><material><mattext texttype="text/html">Writing is neater on the board now than before</mattext></material></response_label><response_label ident="b"><material><mattext texttype="text/html">Students ask fewer questions after the revision happens</mattext></material></response_label><response_label ident="c"><material><mattext texttype="text/html">Lessons move faster with clear language and better explanations</mattext></material></response_label><response_label ident="d"><material><mattext texttype="text/html">Specific verbs improve understanding (in class)</mattext></material></response_label></render_choice></response_lid></presentation><resprocessing><outcomes><decvar maxvalue="100" minvalue="0" varname="SCORE" vartype="Decimal" /></outcomes><respcondition continue="No"><conditionvar><varequal respident="response1">d</varequal></conditionvar><setvar action="Set" varname="SCORE">100</setvar></respcondition></resprocessing></item><item ident="q19_teaching_change" title="Q19"><itemmetadata><qtimetadata><qtimetadatafield><fieldlabel>question_type</fieldlabel><fieldentry>multiple_choice_question</fieldentry></qtimetadatafield><qtimetadatafield><fieldlabel>calculator_type</fieldlabel><fieldentry>none</fieldentry></qtimetadatafield><qtimetadatafield><fieldlabel>points_possible</fieldlabel><fieldentry>4.0</fieldentry></qtimetadatafield></qtimetadata></itemmetadata><presentation><material><mattext texttype="text/html">Which quotation from Act 2 best demonstrates the change in teaching effectiveness?</mattext></material><response_lid ident="response1" rcardinality="Single"><render_choice><response_label ident="a"><material><mattext texttype="text/html">Students interrupt less during the second lesson</mattext></material></response_label><response_label ident="b"><material><mattext texttype="text/html">Coach uses clearer action words (in class) (in the lesson)</mattext></material></response_label><response_label ident="c"><material><mattext texttype="text/html">Coach sounds much more confident in his teaching now</mattext></material></response_label><response_label ident="d"><material><mattext texttype="text/html">Mrs. J writes more detailed information on the board</mattext></material></response_label></render_choice></response_lid></presentation><resprocessing><outcomes><decvar maxvalue="100" minvalue="0" varname="SCORE" vartype="Decimal" /></outcomes><respcondition continue="No"><conditionvar><varequal respident="response1">b</varequal></conditionvar><setvar action="Set" varname="SCORE">100</setvar></respcondition></resprocessing></item><item ident="q20_author_purpose_structure" title="Q20"><itemmetadata><qtimetadata><qtimetadatafield><fieldlabel>question_type</fieldlabel><fieldentry>multiple_choice_question</fieldentry></qtimetadatafield><qtimetadatafield><fieldlabel>calculator_type</fieldlabel><fieldentry>none</fieldentry></qtimetadatafield><qtimetadatafield><fieldlabel>points_possible</fieldlabel><fieldentry>3.0</fieldentry></qtimetadatafield></qtimetadata></itemmetadata><presentation><material><mattext texttype="text/html">Why does the playwright show the confused lesson before the clear lesson?</mattext></material><response_lid ident="response1" rcardinality="Single"><render_choice><response_label ident="a"><material><mattext texttype="text/html">To add humor before the serious instruction begins</mattext></material></response_label><response_label ident="b"><material><mattext texttype="text/html">To compare confusing and clear lessons (in class) (in the lesson)</mattext></material></response_label><response_label ident="c"><material><mattext texttype="text/html">To teach history slowly over time to help students</mattext></material></response_label><response_label ident="d"><material><mattext texttype="text/html">To show teacher conflict in the classroom environment</mattext></material></response_label></render_choice></response_lid></presentation><resprocessing><outcomes><decvar maxvalue="100" minvalue="0" varname="SCORE" vartype="Decimal" /></outcomes><respcondition continue="No"><conditionvar><varequal respident="response1">b</varequal></conditionvar><setvar action="Set" varname="SCORE">100</setvar></respcondition></resprocessing></item><item ident="q21_barcelona_purpose" title="Q21"><itemmetadata><qtimetadata><qtimetadatafield><fieldlabel>question_type</fieldlabel><fieldentry>multiple_choice_question</fieldentry></qtimetadatafield><qtimetadatafield><fieldlabel>calculator_type</fieldlabel><fieldentry>none</fieldentry></qtimetadatafield><qtimetadatafield><fieldlabel>points_possible</fieldlabel><fieldentry>3.0</fieldentry></qtimetadatafield></qtimetadata></itemmetadata><presentation><material><mattext texttype="text/html">What is the most likely reason the author includes Mr. Barcelona as a silent observer throughout the play?</mattext></material><response_lid ident="response1" rcardinality="Single"><render_choice><response_label ident="a"><material><mattext texttype="text/html">He controls the classroom environment</mattext></material></response_label><response_label ident="b"><material><mattext texttype="text/html">He explains the lesson to students</mattext></material></response_label><response_label ident="c"><material><mattext texttype="text/html">He entertains the audience members</mattext></material></response_label><response_label ident="d"><material><mattext texttype="text/html">He shows when the lesson works (in class)</mattext></material></response_label></render_choice></response_lid></presentation><resprocessing><outcomes><decvar maxvalue="100" minvalue="0" varname="SCORE" vartype="Decimal" /></outcomes><respcondition continue="No"><conditionvar><varequal respident="response1">d</varequal></conditionvar><setvar action="Set" varname="SCORE">100</setvar></respcondition></resprocessing></item><item ident="q22_multiselect" title="Q22"><itemmetadata><qtimetadata><qtimetadatafield><fieldlabel>question_type</fieldlabel><fieldentry>multiple_answers_question</fieldentry></qtimetadatafield><qtimetadatafield><fieldlabel>calculator_type</fieldlabel><fieldentry>none</fieldentry></qtimetadatafield><qtimetadatafield><fieldlabel>points_possible</fieldlabel><fieldentry>3.0</fieldentry></qtimetadatafield></qtimetadata></itemmetadata><presentation><material><mattext texttype="text/html">Select TWO answers.

Which TWO statements best describe how clarity in language affects the classroom?</mattext></material><response_lid ident="response1" rcardinality="Multiple"><render_choice><response_label ident="a"><material><mattext texttype="text/html">Confusion decreases with clear words</mattext></material></response_label><response_label ident="b"><material><mattext texttype="text/html">Lessons become much shorter than before</mattext></material></response_label><response_label ident="c"><material><mattext texttype="text/html">Students understand ideas better</mattext></material></response_label><response_label ident="d"><material><mattext texttype="text/html">Teachers talk much less during class</mattext></material></response_label></render_choice></response_lid></presentation><resprocessing><outcomes><decvar maxvalue="100" minvalue="0" varname="SCORE" vartype="Decimal" /></outcomes><respcondition continue="Yes"><conditionvar><varequal respident="response1">a</varequal></conditionvar><setvar action="Add" varname="SCORE">50.00</setvar></respcondition><respcondition continue="Yes"><conditionvar><varequal respident="response1">c</varequal></conditionvar><setvar action="Add" varname="SCORE">50.00</setvar></respcondition></resprocessing></item><item ident="ecr_act2" title="Q23"><itemmetadata><qtimetadata><qtimetadatafield><fieldlabel>question_type</fieldlabel><fieldentry>essay_question</fieldentry></qtimetadatafield><qtimetadatafield><fieldlabel>calculator_type</fieldlabel><fieldentry>none</fieldentry></qtimetadatafield><qtimetadatafield><fieldlabel>points_possible</fieldlabel><fieldentry>15.0</fieldentry></qtimetadatafield></qtimetadata></itemmetadata><presentation><material><mattext texttype="text/html">Write a multi-paragraph essay explaining how word choice affects understanding. Use evidence from BOTH Act 1 and Act 2 to support your explanation.

Remember to:
- Clearly state your controlling idea
- Organize your writing with an introduction, body, and conclusion
- Use specific evidence from the play
- Explain how your evidence supports your controlling idea
- Use correct spelling, capitalization, punctuation, and grammar

Scoring Rubric:
Development &amp; Organization (0-3 points):
- 3: Clear controlling idea, effective organization, specific evidence from both acts, clear explanation
- 2: Controlling idea present, limited organization, some evidence, basic explanation
- 1: Weak controlling idea, minimal organization, insufficient evidence
- 0: No controlling idea, no organization, no evidence

Conventions (0-2 points):
- 2: Consistent command of grade-level conventions
- 1: Inconsistent command of conventions
- 0: Little to no command of conventions</mattext></material><response_str ident="response1" rcardinality="Single"><render_fib><response_label ident="answer1" /></render_fib></response_str></presentation></item></section></assessment></questestinterop>
