<?xml version="1.0"?>
<quiz xmlns="http://canvas.instructure.com/xsd/cccv1p0" xmlns:xsi="http://canvas.instructure.com/xsd/cccv1p0 https://canvas.instructure.com/xsd/cccv1p0.xsd" identifier="2fea66c9-8c7a-4b5f-8319-d1779da495ac">
  <title>The Observation - Act 2 Quiz (Friday)</title>
  <description></description>
  <shuffle_questions>false</shuffle_questions>
  <shuffle_answers>true</shuffle_answers>
  <calculator_type>none</calculator_type>
  <scoring_policy>keep_highest</scoring_policy>
  <allowed_attempts>1</allowed_attempts>
  <points_possible>100.0</points_possible>
</quiz>
