<?xml version="1.0"?>
<manifest xmlns="http://www.imsglobal.org/xsd/imsccv1p1/imscp_v1p1" xmlns:lom="http://ltsc.ieee.org/xsd/imsccv1p1/LOM/resource" xmlns:imsmd="http://www.imsglobal.org/xsd/imsmd_v1p2" xmlns:xsi="http://www.w3.org/2001/XMLSchema-instance" identifier="fdb73bf8-5e39-4b2b-9d17-e6ba9d9473d3" xsi:schemaLocation="http://www.imsglobal.org/xsd/imsccv1p1/imscp_v1p1 http://www.imsglobal.org/xsd/imscp_v1p1.xsd http://ltsc.ieee.org/xsd/imsccv1p1/LOM/resource http://www.imsglobal.org/profile/cc/ccv1p1/LOM/ccv1p1_lomresource_v1p0.xsd http://www.imsglobal.org/xsd/imsmd_v1p2 http://www.imsglobal.org/xsd/imsmd_v1p2p2.xsd">
	<metadata>
		<schema>IMS Content</schema>
		<schemaversion>1.1.3</schemaversion>
		<imsmd:lom>
			<imsmd:general>
				<imsmd:title>
					<imsmd:string>Semester 1 Exam - Chapters 3-9</imsmd:string>
				</imsmd:title>
			</imsmd:general>
			<imsmd:lifeCycle>
				<imsmd:contribute>
					<imsmd:date>
						<imsmd:dateTime>2026-01-05</imsmd:dateTime>
					</imsmd:date>
				</imsmd:contribute>
			</imsmd:lifeCycle>
		</imsmd:lom>
	</metadata>
	<organizations/>
	<resources>
		<resource identifier="09fabb0f-3b6d-403f-bc77-6bc812d47826" type="imsqti_xmlv1p2">
			<file href="09fabb0f-3b6d-403f-bc77-6bc812d47826/09fabb0f-3b6d-403f-bc77-6bc812d47826.xml"/>
			<dependency identifierref="26995a75-e0cb-4af8-b9e4-00efefcd36c8"/>
		</resource>
		<resource identifier="26995a75-e0cb-4af8-b9e4-00efefcd36c8" type="associatedcontent/imscc_xmlv1p1/learning-application-resource" href="09fabb0f-3b6d-403f-bc77-6bc812d47826/assessment_meta.xml">
			<file href="09fabb0f-3b6d-403f-bc77-6bc812d47826/assessment_meta.xml"/>
		</resource>
	</resources>
</manifest>
