<?xml version="1.0"?>
<manifest xmlns="http://www.imsglobal.org/xsd/imsccv1p1/imscp_v1p1" xmlns:lom="http://ltsc.ieee.org/xsd/imsccv1p1/LOM/resource" xmlns:imsmd="http://www.imsglobal.org/xsd/imsmd_v1p2" xmlns:xsi="http://www.w3.org/2001/XMLSchema-instance" identifier="2c421381-2201-4a5a-bf15-6bbe4905a06b" xsi:schemaLocation="http://www.imsglobal.org/xsd/imsccv1p1/imscp_v1p1 http://www.imsglobal.org/xsd/imscp_v1p1.xsd http://ltsc.ieee.org/xsd/imsccv1p1/LOM/resource http://www.imsglobal.org/profile/cc/ccv1p1/LOM/ccv1p1_lomresource_v1p0.xsd http://www.imsglobal.org/xsd/imsmd_v1p2 http://www.imsglobal.org/xsd/imsmd_v1p2p2.xsd">
	<metadata>
		<schema>IMS Content</schema>
		<schemaversion>1.1.3</schemaversion>
		<imsmd:lom>
			<imsmd:general>
				<imsmd:title>
					<imsmd:string>Chapter 10 Lesson 4 Quiz: Computer Number Systems</imsmd:string>
				</imsmd:title>
			</imsmd:general>
			<imsmd:lifeCycle>
				<imsmd:contribute>
					<imsmd:date>
						<imsmd:dateTime>2026-01-05</imsmd:dateTime>
					</imsmd:date>
				</imsmd:contribute>
			</imsmd:lifeCycle>
		</imsmd:lom>
	</metadata>
	<organizations/>
	<resources>
		<resource identifier="321bbd34-cf96-46a8-ba43-60f6388ce61f" type="imsqti_xmlv1p2">
			<file href="321bbd34-cf96-46a8-ba43-60f6388ce61f/321bbd34-cf96-46a8-ba43-60f6388ce61f.xml"/>
			<dependency identifierref="585815cc-2d1d-4295-b032-2e4594ae81b2"/>
		</resource>
		<resource identifier="585815cc-2d1d-4295-b032-2e4594ae81b2" type="associatedcontent/imscc_xmlv1p1/learning-application-resource" href="321bbd34-cf96-46a8-ba43-60f6388ce61f/assessment_meta.xml">
			<file href="321bbd34-cf96-46a8-ba43-60f6388ce61f/assessment_meta.xml"/>
		</resource>
	</resources>
</manifest>
