<?xml version="1.0"?>
<manifest xmlns="http://www.imsglobal.org/xsd/imsccv1p1/imscp_v1p1" xmlns:lom="http://ltsc.ieee.org/xsd/imsccv1p1/LOM/resource" xmlns:imsmd="http://www.imsglobal.org/xsd/imsmd_v1p2" xmlns:xsi="http://www.w3.org/2001/XMLSchema-instance" identifier="3218b03f-3800-4f6c-ab38-09d38f3fa363" xsi:schemaLocation="http://www.imsglobal.org/xsd/imsccv1p1/imscp_v1p1 http://www.imsglobal.org/xsd/imscp_v1p1.xsd http://ltsc.ieee.org/xsd/imsccv1p1/LOM/resource http://www.imsglobal.org/profile/cc/ccv1p1/LOM/ccv1p1_lomresource_v1p0.xsd http://www.imsglobal.org/xsd/imsmd_v1p2 http://www.imsglobal.org/xsd/imsmd_v1p2p2.xsd">
	<metadata>
		<schema>IMS Content</schema>
		<schemaversion>1.1.3</schemaversion>
		<imsmd:lom>
			<imsmd:general>
				<imsmd:title>
					<imsmd:string>Chapter 8, Lesson 1 - For Loops Quiz</imsmd:string>
				</imsmd:title>
			</imsmd:general>
			<imsmd:lifeCycle>
				<imsmd:contribute>
					<imsmd:date>
						<imsmd:dateTime>2025-11-18</imsmd:dateTime>
					</imsmd:date>
				</imsmd:contribute>
			</imsmd:lifeCycle>
		</imsmd:lom>
	</metadata>
	<organizations/>
	<resources>
		<resource identifier="60637147-3927-4548-8a55-914392c7895e" type="imsqti_xmlv1p2">
			<file href="60637147-3927-4548-8a55-914392c7895e/60637147-3927-4548-8a55-914392c7895e.xml"/>
			<dependency identifierref="f5949e26-5efd-4fc9-913d-6f72e36eb27f"/>
		</resource>
		<resource identifier="f5949e26-5efd-4fc9-913d-6f72e36eb27f" type="associatedcontent/imscc_xmlv1p1/learning-application-resource" href="60637147-3927-4548-8a55-914392c7895e/assessment_meta.xml">
			<file href="60637147-3927-4548-8a55-914392c7895e/assessment_meta.xml"/>
		</resource>
	</resources>
</manifest>
