<?xml version="1.0"?>
<quiz xmlns="http://canvas.instructure.com/xsd/cccv1p0" xmlns:xsi="http://canvas.instructure.com/xsd/cccv1p0 https://canvas.instructure.com/xsd/cccv1p0.xsd" identifier="7820dca9-823f-43cd-90b7-56f58c14d11c">
  <title>Practice 4 Final Passages Editing and Revision (Length-Balanced)</title>
  <description></description>
  <shuffle_questions>false</shuffle_questions>
  <shuffle_answers>true</shuffle_answers>
  <calculator_type>none</calculator_type>
  <scoring_policy>keep_highest</scoring_policy>
  <allowed_attempts>1</allowed_attempts>
  <points_possible>100.0</points_possible>
</quiz>
