<?xml version="1.0"?>
<manifest xmlns="http://www.imsglobal.org/xsd/imsccv1p1/imscp_v1p1" xmlns:lom="http://ltsc.ieee.org/xsd/imsccv1p1/LOM/resource" xmlns:imsmd="http://www.imsglobal.org/xsd/imsmd_v1p2" xmlns:xsi="http://www.w3.org/2001/XMLSchema-instance" identifier="0392fc10-5acb-4c7b-ad49-c9b15b2eaa7f" xsi:schemaLocation="http://www.imsglobal.org/xsd/imsccv1p1/imscp_v1p1 http://www.imsglobal.org/xsd/imscp_v1p1.xsd http://ltsc.ieee.org/xsd/imsccv1p1/LOM/resource http://www.imsglobal.org/profile/cc/ccv1p1/LOM/ccv1p1_lomresource_v1p0.xsd http://www.imsglobal.org/xsd/imsmd_v1p2 http://www.imsglobal.org/xsd/imsmd_v1p2p2.xsd">
	<metadata>
		<schema>IMS Content</schema>
		<schemaversion>1.1.3</schemaversion>
		<imsmd:lom>
			<imsmd:general>
				<imsmd:title>
					<imsmd:string>The Observation - Act 2 Quiz (Friday)</imsmd:string>
				</imsmd:title>
			</imsmd:general>
			<imsmd:lifeCycle>
				<imsmd:contribute>
					<imsmd:date>
						<imsmd:dateTime>2026-01-29</imsmd:dateTime>
					</imsmd:date>
				</imsmd:contribute>
			</imsmd:lifeCycle>
		</imsmd:lom>
	</metadata>
	<organizations/>
	<resources>
		<resource identifier="2fea66c9-8c7a-4b5f-8319-d1779da495ac" type="imsqti_xmlv1p2">
			<file href="2fea66c9-8c7a-4b5f-8319-d1779da495ac/2fea66c9-8c7a-4b5f-8319-d1779da495ac.xml"/>
			<dependency identifierref="1aba1646-9e70-4cfe-8f85-cfaa243da6c2"/>
		</resource>
		<resource identifier="1aba1646-9e70-4cfe-8f85-cfaa243da6c2" type="associatedcontent/imscc_xmlv1p1/learning-application-resource" href="2fea66c9-8c7a-4b5f-8319-d1779da495ac/assessment_meta.xml">
			<file href="2fea66c9-8c7a-4b5f-8319-d1779da495ac/assessment_meta.xml"/>
		</resource>
	</resources>
</manifest>
