<?xml version="1.0"?>
<manifest xmlns="http://www.imsglobal.org/xsd/imsccv1p1/imscp_v1p1" xmlns:lom="http://ltsc.ieee.org/xsd/imsccv1p1/LOM/resource" xmlns:imsmd="http://www.imsglobal.org/xsd/imsmd_v1p2" xmlns:xsi="http://www.w3.org/2001/XMLSchema-instance" identifier="1e5fcbf2-0dd6-46e5-a394-b9d653682e07" xsi:schemaLocation="http://www.imsglobal.org/xsd/imsccv1p1/imscp_v1p1 http://www.imsglobal.org/xsd/imscp_v1p1.xsd http://ltsc.ieee.org/xsd/imsccv1p1/LOM/resource http://www.imsglobal.org/profile/cc/ccv1p1/LOM/ccv1p1_lomresource_v1p0.xsd http://www.imsglobal.org/xsd/imsmd_v1p2 http://www.imsglobal.org/xsd/imsmd_v1p2p2.xsd">
	<metadata>
		<schema>IMS Content</schema>
		<schemaversion>1.1.3</schemaversion>
		<imsmd:lom>
			<imsmd:general>
				<imsmd:title>
					<imsmd:string>Attempt 6 - Stimulus Plus MC Set</imsmd:string>
				</imsmd:title>
			</imsmd:general>
			<imsmd:lifeCycle>
				<imsmd:contribute>
					<imsmd:date>
						<imsmd:dateTime>2025-11-21</imsmd:dateTime>
					</imsmd:date>
				</imsmd:contribute>
			</imsmd:lifeCycle>
		</imsmd:lom>
	</metadata>
	<organizations/>
	<resources>
		<resource identifier="96003758-def5-4855-84da-b4ea906109f8" type="imsqti_xmlv1p2">
			<file href="96003758-def5-4855-84da-b4ea906109f8/96003758-def5-4855-84da-b4ea906109f8.xml"/>
			<dependency identifierref="9de5821b-7b9c-4c99-835d-104e3f935231"/>
		</resource>
		<resource identifier="9de5821b-7b9c-4c99-835d-104e3f935231" type="associatedcontent/imscc_xmlv1p1/learning-application-resource" href="96003758-def5-4855-84da-b4ea906109f8/assessment_meta.xml">
			<file href="96003758-def5-4855-84da-b4ea906109f8/assessment_meta.xml"/>
		</resource>
	</resources>
</manifest>
