<?xml version="1.0"?>
<questestinterop xmlns="http://www.imsglobal.org/xsd/ims_qtiasiv1p2" xmlns:xsi="http://www.w3.org/2001/XMLSchema-instance" xsi:schemaLocation="http://www.imsglobal.org/xsd/ims_qtiasiv1p2 http://www.imsglobal.org/xsd/ims_qtiasiv1p2p1.xsd"><assessment ident="assessment_fa0f6448" title="Chapter 8 - While Loops (Lesson 2)"><qtimetadata><qtimetadatafield><fieldlabel>cc_maxattempts</fieldlabel><fieldentry>1</fieldentry></qtimetadatafield></qtimetadata><section ident="root_section"><item ident="stim_l2_intro" title="Q01"><itemmetadata><qtimetadata><qtimetadatafield><fieldlabel>question_type</fieldlabel><fieldentry>text_only_question</fieldentry></qtimetadatafield><qtimetadatafield><fieldlabel>points_possible</fieldlabel><fieldentry>0.0</fieldentry></qtimetadatafield></qtimetadata></itemmetadata><presentation><material><mattext texttype="text/html"><div style="margin:10px 0;"><div style="font-family: inherit; font-size:0.95em; padding:14px 18px; background:#fff; border:1px solid #d9d9d9; border-left:5px solid #4b79ff; line-height:1.6;"><p style="margin: 0 0 0.9em 0; line-height: 1.6;"><span style="font-size: 0.85em; font-style: italic; color: #999; font-weight: normal;">[1]</span>     A while loop repeats as long as its condition is True. If it starts False, the loop never runs. If it never becomes False, the loop becomes infinite.</p></div></div></mattext></material></presentation></item><item ident="item_q02_6d105402" title="Q02"><itemmetadata><qtimetadata><qtimetadatafield><fieldlabel>question_type</fieldlabel><fieldentry>STIMULUS_END</fieldentry></qtimetadatafield><qtimetadatafield><fieldlabel>points_possible</fieldlabel><fieldentry>0.0</fieldentry></qtimetadatafield></qtimetadata></itemmetadata><presentation><material><mattext texttype="text/html"><p></p></mattext></material><response_lid ident="response1" rcardinality="Single"><render_choice /></response_lid></presentation><resprocessing><outcomes><decvar maxvalue="100" minvalue="0" varname="SCORE" vartype="Decimal" /></outcomes></resprocessing></item><item ident="mc_use_case" title="Q03"><itemmetadata><qtimetadata><qtimetadatafield><fieldlabel>question_type</fieldlabel><fieldentry>multiple_choice_question</fieldentry></qtimetadatafield><qtimetadatafield><fieldlabel>calculator_type</fieldlabel><fieldentry>none</fieldentry></qtimetadatafield><qtimetadatafield><fieldlabel>points_possible</fieldlabel><fieldentry>7.0</fieldentry></qtimetadatafield></qtimetadata></itemmetadata><presentation><material><mattext texttype="text/html"><p>Which scenario is most appropriate for a while loop?</p></mattext></material><response_lid ident="response1" rcardinality="Single"><render_choice><response_label ident="a"><material><mattext texttype="text/html"><p>Repeating a question until input is valid</p></mattext></material></response_label><response_label ident="b"><material><mattext texttype="text/html"><p>Looping through characters in a string</p></mattext></material></response_label><response_label ident="c"><material><mattext texttype="text/html"><p>Printing numbers one time</p></mattext></material></response_label><response_label ident="d"><material><mattext texttype="text/html"><p>Running a set number of times</p></mattext></material></response_label></render_choice></response_lid></presentation><resprocessing><outcomes><decvar maxvalue="100" minvalue="0" varname="SCORE" vartype="Decimal" /></outcomes><respcondition continue="No"><conditionvar><varequal respident="response1">a</varequal></conditionvar><setvar action="Set" varname="SCORE">100</setvar></respcondition></resprocessing></item><item ident="mc_zero_runs" title="Q04"><itemmetadata><qtimetadata><qtimetadatafield><fieldlabel>question_type</fieldlabel><fieldentry>multiple_choice_question</fieldentry></qtimetadatafield><qtimetadatafield><fieldlabel>calculator_type</fieldlabel><fieldentry>none</fieldentry></qtimetadatafield><qtimetadatafield><fieldlabel>points_possible</fieldlabel><fieldentry>7.0</fieldentry></qtimetadatafield></qtimetadata></itemmetadata><presentation><material><mattext texttype="text/html"><p>Which loop will run zero times?</p></mattext></material><response_lid ident="response1" rcardinality="Single"><render_choice><response_label ident="a"><material><mattext texttype="text/html"><pre style="background-color: #272822; color: #F8F8F2; padding: 10px; border-radius: 4px; font-family: 'Courier New', Consolas, monospace; overflow-x: auto; line-height: 1.5; white-space: pre; display: block;"><code class="language-python"><span style="color: #F92672;">while</span> x &lt; <span style="color: #AE81FF;">10</span>:
    x += <span style="color: #AE81FF;">1</span></code></pre></mattext></material></response_label><response_label ident="b"><material><mattext texttype="text/html"><pre style="background-color: #272822; color: #F8F8F2; padding: 10px; border-radius: 4px; font-family: 'Courier New', Consolas, monospace; overflow-x: auto; line-height: 1.5; white-space: pre; display: block;"><code class="language-python"><span style="color: #F92672;">while</span> x &lt; <span style="color: #AE81FF;">0</span>:
    <span style="color: #A6E22E;"><span style="color: #66D9EF;">print</span></span>(x)</code></pre></mattext></material></response_label><response_label ident="c"><material><mattext texttype="text/html"><pre style="background-color: #272822; color: #F8F8F2; padding: 10px; border-radius: 4px; font-family: 'Courier New', Consolas, monospace; overflow-x: auto; line-height: 1.5; white-space: pre; display: block;"><code class="language-python"><span style="color: #F92672;">while</span> <span style="color: #F92672;">True</span>:
    <span style="color: #F92672;">break</span></code></pre></mattext></material></response_label><response_label ident="d"><material><mattext texttype="text/html"><pre style="background-color: #272822; color: #F8F8F2; padding: 10px; border-radius: 4px; font-family: 'Courier New', Consolas, monospace; overflow-x: auto; line-height: 1.5; white-space: pre; display: block;"><code class="language-python"><span style="color: #F92672;">while</span> x != <span style="color: #AE81FF;">5</span>:
    x = <span style="color: #AE81FF;">5</span></code></pre></mattext></material></response_label></render_choice></response_lid></presentation><resprocessing><outcomes><decvar maxvalue="100" minvalue="0" varname="SCORE" vartype="Decimal" /></outcomes><respcondition continue="No"><conditionvar><varequal respident="response1">b</varequal></conditionvar><setvar action="Set" varname="SCORE">100</setvar></respcondition></resprocessing></item><item ident="tf_condition_top" title="Q05"><itemmetadata><qtimetadata><qtimetadatafield><fieldlabel>question_type</fieldlabel><fieldentry>true_false_question</fieldentry></qtimetadatafield><qtimetadatafield><fieldlabel>calculator_type</fieldlabel><fieldentry>none</fieldentry></qtimetadatafield><qtimetadatafield><fieldlabel>points_possible</fieldlabel><fieldentry>7.0</fieldentry></qtimetadatafield></qtimetadata></itemmetadata><presentation><material><mattext texttype="text/html"><p>True or False: A while loop checks its condition before its body runs.</p></mattext></material><response_lid ident="response1" rcardinality="Single"><render_choice><response_label ident="true"><material><mattext texttype="text/html"><p>True</p></mattext></material></response_label><response_label ident="false"><material><mattext texttype="text/html"><p>False</p></mattext></material></response_label></render_choice></response_lid></presentation><resprocessing><outcomes><decvar maxvalue="100" minvalue="0" varname="SCORE" vartype="Decimal" /></outcomes><respcondition continue="No"><conditionvar><varequal respident="response1">true</varequal></conditionvar><setvar action="Set" varname="SCORE">100</setvar></respcondition></resprocessing></item><item ident="fitb_infinite" title="Q06"><itemmetadata><qtimetadata><qtimetadatafield><fieldlabel>question_type</fieldlabel><fieldentry>fill_in_multiple_blanks_question</fieldentry></qtimetadatafield><qtimetadatafield><fieldlabel>calculator_type</fieldlabel><fieldentry>none</fieldentry></qtimetadatafield><qtimetadatafield><fieldlabel>points_possible</fieldlabel><fieldentry>7.0</fieldentry></qtimetadatafield></qtimetadata></itemmetadata><presentation><material><mattext texttype="text/html"><p>A while loop is infinite if the condition never becomes _____.</p>
<p>[6ce69522f8444ff78de8acc6f501a187]</p></mattext></material><response_lid ident="response_6ce69522f8444ff78de8acc6f501a187"><material><mattext>Question</mattext></material><render_choice><response_label scoring_algorithm="TextContainsAnswer" answer_type="openEntry" ident="6ce69522f8444ff78de8acc6f501a187-0"><material><mattext texttype="text/plain">false</mattext></material></response_label><response_label scoring_algorithm="TextContainsAnswer" answer_type="openEntry" ident="6ce69522f8444ff78de8acc6f501a187-1"><material><mattext texttype="text/plain">False</mattext></material></response_label></render_choice></response_lid></presentation><resprocessing><outcomes><decvar maxvalue="100" minvalue="0" varname="SCORE" vartype="Decimal" /></outcomes><respcondition><conditionvar><varequal respident="response_6ce69522f8444ff78de8acc6f501a187">6ce69522f8444ff78de8acc6f501a187-0</varequal></conditionvar><setvar action="Add" varname="SCORE">100.00</setvar></respcondition><respcondition><conditionvar><varequal respident="response_6ce69522f8444ff78de8acc6f501a187">6ce69522f8444ff78de8acc6f501a187-1</varequal></conditionvar><setvar action="Add" varname="SCORE">100.00</setvar></respcondition></resprocessing></item><item ident="mc_password_issue" title="Q07"><itemmetadata><qtimetadata><qtimetadatafield><fieldlabel>question_type</fieldlabel><fieldentry>multiple_choice_question</fieldentry></qtimetadatafield><qtimetadatafield><fieldlabel>calculator_type</fieldlabel><fieldentry>none</fieldentry></qtimetadatafield><qtimetadatafield><fieldlabel>points_possible</fieldlabel><fieldentry>7.0</fieldentry></qtimetadatafield></qtimetadata></itemmetadata><presentation><material><mattext texttype="text/html"><p>What is the issue in this code?</p>
<pre style="background-color: #272822; color: #F8F8F2; padding: 10px; border-radius: 4px; font-family: 'Courier New', Consolas, monospace; overflow-x: auto; line-height: 1.5;"><code class="language-python">p = <span style="color: #A6E22E;"><span style="color: #66D9EF;">input</span></span>(<span style="color: #E6DB74;">'Enter: '</span>)
<span style="color: #F92672;">while</span> p != <span style="color: #E6DB74;">'SECRET'</span>:
    <span style="color: #A6E22E;"><span style="color: #66D9EF;">print</span></span>(<span style="color: #E6DB74;">'Try again'</span>)</code></pre></mattext></material><response_lid ident="response1" rcardinality="Single"><render_choice><response_label ident="a"><material><mattext texttype="text/html"><p>print() must be moved</p></mattext></material></response_label><response_label ident="b"><material><mattext texttype="text/html"><p>The operator should be ==</p></mattext></material></response_label><response_label ident="c"><material><mattext texttype="text/html"><p>A break is required</p></mattext></material></response_label><response_label ident="d"><material><mattext texttype="text/html"><p>p is never updated</p></mattext></material></response_label></render_choice></response_lid></presentation><resprocessing><outcomes><decvar maxvalue="100" minvalue="0" varname="SCORE" vartype="Decimal" /></outcomes><respcondition continue="No"><conditionvar><varequal respident="response1">d</varequal></conditionvar><setvar action="Set" varname="SCORE">100</setvar></respcondition></resprocessing></item><item ident="ordering_userinput" title="Q08"><itemmetadata><qtimetadata><qtimetadatafield><fieldlabel>question_type</fieldlabel><fieldentry>ordering_question</fieldentry></qtimetadatafield><qtimetadatafield><fieldlabel>calculator_type</fieldlabel><fieldentry>none</fieldentry></qtimetadatafield><qtimetadatafield><fieldlabel>points_possible</fieldlabel><fieldentry>13.0</fieldentry></qtimetadatafield></qtimetadata></itemmetadata><presentation><material><mattext texttype="text/html"><p>Put these steps in order.</p></mattext></material><response_lid ident="response1" rcardinality="Ordered"><render_extension><material position="top"><mattext texttype="text/html"><p>Put these steps in order.</p></mattext></material><ims_render_object shuffle="No"><flow_label><response_label ident="b1290e75-cb5d-4622-a8be-e591db649d02"><material><mattext texttype="text/html"><p>Prompt user</p></mattext></material></response_label><response_label ident="f48610cb-a4e7-4a5b-b951-a5b83a170286"><material><mattext texttype="text/html"><p>Check condition</p></mattext></material></response_label><response_label ident="5977414e-0f76-4ff9-bc99-7781e15efd85"><material><mattext texttype="text/html"><p>Run body</p></mattext></material></response_label><response_label ident="62fb0a64-096e-48c2-88b1-518ff56b55bb"><material><mattext texttype="text/html"><p>Update input</p></mattext></material></response_label></flow_label></ims_render_object><material position="bottom"><mattext /></material></render_extension></response_lid></presentation><resprocessing><outcomes><decvar maxvalue="100" minvalue="0" varname="SCORE" vartype="Decimal" /></outcomes><respcondition continue="No"><conditionvar><varequal respident="response1">b1290e75-cb5d-4622-a8be-e591db649d02</varequal><varequal respident="response1">f48610cb-a4e7-4a5b-b951-a5b83a170286</varequal><varequal respident="response1">5977414e-0f76-4ff9-bc99-7781e15efd85</varequal><varequal respident="response1">62fb0a64-096e-48c2-88b1-518ff56b55bb</varequal></conditionvar><setvar action="Set" varname="SCORE">100</setvar></respcondition></resprocessing></item><item ident="mc_nested_behavior" title="Q09"><itemmetadata><qtimetadata><qtimetadatafield><fieldlabel>question_type</fieldlabel><fieldentry>multiple_choice_question</fieldentry></qtimetadatafield><qtimetadatafield><fieldlabel>calculator_type</fieldlabel><fieldentry>none</fieldentry></qtimetadatafield><qtimetadatafield><fieldlabel>points_possible</fieldlabel><fieldentry>7.0</fieldentry></qtimetadatafield></qtimetadata></itemmetadata><presentation><material><mattext texttype="text/html"><p>How does an inner loop behave inside a nested while loop?</p></mattext></material><response_lid ident="response1" rcardinality="Single"><render_choice><response_label ident="a"><material><mattext texttype="text/html"><p>It runs only when the outer loop ends</p></mattext></material></response_label><response_label ident="b"><material><mattext texttype="text/html"><p>It completes all its iterations each time</p></mattext></material></response_label><response_label ident="c"><material><mattext texttype="text/html"><p>It always runs the same number of times as the outer loop</p></mattext></material></response_label><response_label ident="d"><material><mattext texttype="text/html"><p>It runs once per outer iteration</p></mattext></material></response_label></render_choice></response_lid></presentation><resprocessing><outcomes><decvar maxvalue="100" minvalue="0" varname="SCORE" vartype="Decimal" /></outcomes><respcondition continue="No"><conditionvar><varequal respident="response1">b</varequal></conditionvar><setvar action="Set" varname="SCORE">100</setvar></respcondition></resprocessing></item><item ident="mc_missed_increment" title="Q10"><itemmetadata><qtimetadata><qtimetadatafield><fieldlabel>question_type</fieldlabel><fieldentry>multiple_choice_question</fieldentry></qtimetadatafield><qtimetadatafield><fieldlabel>calculator_type</fieldlabel><fieldentry>none</fieldentry></qtimetadatafield><qtimetadatafield><fieldlabel>points_possible</fieldlabel><fieldentry>7.0</fieldentry></qtimetadatafield></qtimetadata></itemmetadata><presentation><material><mattext texttype="text/html"><p>Why does this loop never end?</p>
<pre style="background-color: #272822; color: #F8F8F2; padding: 10px; border-radius: 4px; font-family: 'Courier New', Consolas, monospace; overflow-x: auto; line-height: 1.5;"><code class="language-python">count = <span style="color: #AE81FF;">1</span>
<span style="color: #F92672;">while</span> count &lt; <span style="color: #AE81FF;">5</span>:
    <span style="color: #A6E22E;"><span style="color: #66D9EF;">print</span></span>(count)</code></pre></mattext></material><response_lid ident="response1" rcardinality="Single"><render_choice><response_label ident="a"><material><mattext texttype="text/html"><p>print() stops the loop</p></mattext></material></response_label><response_label ident="b"><material><mattext texttype="text/html"><p>The operator should be &gt;</p></mattext></material></response_label><response_label ident="c"><material><mattext texttype="text/html"><p>count is not incremented</p></mattext></material></response_label><response_label ident="d"><material><mattext texttype="text/html"><p>It requires input()</p></mattext></material></response_label></render_choice></response_lid></presentation><resprocessing><outcomes><decvar maxvalue="100" minvalue="0" varname="SCORE" vartype="Decimal" /></outcomes><respcondition continue="No"><conditionvar><varequal respident="response1">c</varequal></conditionvar><setvar action="Set" varname="SCORE">100</setvar></respcondition></resprocessing></item><item ident="categorization_loop_behavior" title="Q11"><itemmetadata><qtimetadata><qtimetadatafield><fieldlabel>question_type</fieldlabel><fieldentry>categorization_question</fieldentry></qtimetadatafield><qtimetadatafield><fieldlabel>calculator_type</fieldlabel><fieldentry>none</fieldentry></qtimetadatafield><qtimetadatafield><fieldlabel>points_possible</fieldlabel><fieldentry>7.0</fieldentry></qtimetadatafield></qtimetadata></itemmetadata><presentation><material><mattext texttype="text/html"><p>Classify each loop.</p></mattext></material><response_lid ident="09cae70c-d1cb-4c72-8cd2-5428182d4e27" rcardinality="Multiple"><material><mattext texttype="text/html"><p>Runs Zero Times</p></mattext></material><render_choice><response_label ident="b905bdfe-842c-468f-b106-8e082545a3af"><material><mattext texttype="text/html"><pre style="background-color: #272822; color: #F8F8F2; padding: 10px; border-radius: 4px; font-family: 'Courier New', Consolas, monospace; overflow-x: auto; line-height: 1.5; white-space: pre; display: block;"><code class="language-python"><span style="color: #F92672;">while</span> x &lt; <span style="color: #AE81FF;">0</span>:
    <span style="color: #A6E22E;"><span style="color: #66D9EF;">print</span></span>(x)</code></pre></mattext></material></response_label><response_label ident="8ceca612-7806-429e-9937-cf3c4eb0f548"><material><mattext texttype="text/html"><pre style="background-color: #272822; color: #F8F8F2; padding: 10px; border-radius: 4px; font-family: 'Courier New', Consolas, monospace; overflow-x: auto; line-height: 1.5; white-space: pre; display: block;"><code class="language-python"><span style="color: #F92672;">while</span> user != <span style="color: #E6DB74;">'q'</span>:
    user = <span style="color: #A6E22E;"><span style="color: #66D9EF;">input</span></span>()</code></pre></mattext></material></response_label><response_label ident="281dd63c-2690-4b08-9230-2405c47ce19c"><material><mattext texttype="text/html"><pre style="background-color: #272822; color: #F8F8F2; padding: 10px; border-radius: 4px; font-family: 'Courier New', Consolas, monospace; overflow-x: auto; line-height: 1.5; white-space: pre; display: block;"><code class="language-python"><span style="color: #F92672;">while</span> <span style="color: #F92672;">True</span>:
    <span style="color: #A6E22E;"><span style="color: #66D9EF;">print</span></span>(<span style="color: #E6DB74;">'go'</span>)</code></pre></mattext></material></response_label></render_choice></response_lid><response_lid ident="0d187d82-7ea5-4c59-ae9c-e5295c33b92d" rcardinality="Multiple"><material><mattext texttype="text/html"><p>Runs At Least Once</p></mattext></material><render_choice><response_label ident="b905bdfe-842c-468f-b106-8e082545a3af"><material><mattext texttype="text/html"><pre style="background-color: #272822; color: #F8F8F2; padding: 10px; border-radius: 4px; font-family: 'Courier New', Consolas, monospace; overflow-x: auto; line-height: 1.5; white-space: pre; display: block;"><code class="language-python"><span style="color: #F92672;">while</span> x &lt; <span style="color: #AE81FF;">0</span>:
    <span style="color: #A6E22E;"><span style="color: #66D9EF;">print</span></span>(x)</code></pre></mattext></material></response_label><response_label ident="8ceca612-7806-429e-9937-cf3c4eb0f548"><material><mattext texttype="text/html"><pre style="background-color: #272822; color: #F8F8F2; padding: 10px; border-radius: 4px; font-family: 'Courier New', Consolas, monospace; overflow-x: auto; line-height: 1.5; white-space: pre; display: block;"><code class="language-python"><span style="color: #F92672;">while</span> user != <span style="color: #E6DB74;">'q'</span>:
    user = <span style="color: #A6E22E;"><span style="color: #66D9EF;">input</span></span>()</code></pre></mattext></material></response_label><response_label ident="281dd63c-2690-4b08-9230-2405c47ce19c"><material><mattext texttype="text/html"><pre style="background-color: #272822; color: #F8F8F2; padding: 10px; border-radius: 4px; font-family: 'Courier New', Consolas, monospace; overflow-x: auto; line-height: 1.5; white-space: pre; display: block;"><code class="language-python"><span style="color: #F92672;">while</span> <span style="color: #F92672;">True</span>:
    <span style="color: #A6E22E;"><span style="color: #66D9EF;">print</span></span>(<span style="color: #E6DB74;">'go'</span>)</code></pre></mattext></material></response_label></render_choice></response_lid><response_lid ident="9de8948e-2be0-4c78-b311-7d152f595c06" rcardinality="Multiple"><material><mattext texttype="text/html"><p>Infinite Loop</p></mattext></material><render_choice><response_label ident="b905bdfe-842c-468f-b106-8e082545a3af"><material><mattext texttype="text/html"><pre style="background-color: #272822; color: #F8F8F2; padding: 10px; border-radius: 4px; font-family: 'Courier New', Consolas, monospace; overflow-x: auto; line-height: 1.5; white-space: pre; display: block;"><code class="language-python"><span style="color: #F92672;">while</span> x &lt; <span style="color: #AE81FF;">0</span>:
    <span style="color: #A6E22E;"><span style="color: #66D9EF;">print</span></span>(x)</code></pre></mattext></material></response_label><response_label ident="8ceca612-7806-429e-9937-cf3c4eb0f548"><material><mattext texttype="text/html"><pre style="background-color: #272822; color: #F8F8F2; padding: 10px; border-radius: 4px; font-family: 'Courier New', Consolas, monospace; overflow-x: auto; line-height: 1.5; white-space: pre; display: block;"><code class="language-python"><span style="color: #F92672;">while</span> user != <span style="color: #E6DB74;">'q'</span>:
    user = <span style="color: #A6E22E;"><span style="color: #66D9EF;">input</span></span>()</code></pre></mattext></material></response_label><response_label ident="281dd63c-2690-4b08-9230-2405c47ce19c"><material><mattext texttype="text/html"><pre style="background-color: #272822; color: #F8F8F2; padding: 10px; border-radius: 4px; font-family: 'Courier New', Consolas, monospace; overflow-x: auto; line-height: 1.5; white-space: pre; display: block;"><code class="language-python"><span style="color: #F92672;">while</span> <span style="color: #F92672;">True</span>:
    <span style="color: #A6E22E;"><span style="color: #66D9EF;">print</span></span>(<span style="color: #E6DB74;">'go'</span>)</code></pre></mattext></material></response_label></render_choice></response_lid></presentation><resprocessing><outcomes><decvar maxvalue="100" minvalue="0" varname="SCORE" vartype="Decimal" /></outcomes><respcondition><conditionvar><varequal respident="09cae70c-d1cb-4c72-8cd2-5428182d4e27">b905bdfe-842c-468f-b106-8e082545a3af</varequal></conditionvar><setvar action="Add" varname="SCORE">33.33</setvar></respcondition><respcondition><conditionvar><varequal respident="0d187d82-7ea5-4c59-ae9c-e5295c33b92d">8ceca612-7806-429e-9937-cf3c4eb0f548</varequal></conditionvar><setvar action="Add" varname="SCORE">33.33</setvar></respcondition><respcondition><conditionvar><varequal respident="9de8948e-2be0-4c78-b311-7d152f595c06">281dd63c-2690-4b08-9230-2405c47ce19c</varequal></conditionvar><setvar action="Add" varname="SCORE">33.34</setvar></respcondition></resprocessing></item><item ident="tf_nested" title="Q12"><itemmetadata><qtimetadata><qtimetadatafield><fieldlabel>question_type</fieldlabel><fieldentry>true_false_question</fieldentry></qtimetadatafield><qtimetadatafield><fieldlabel>calculator_type</fieldlabel><fieldentry>none</fieldentry></qtimetadatafield><qtimetadatafield><fieldlabel>points_possible</fieldlabel><fieldentry>7.0</fieldentry></qtimetadatafield></qtimetadata></itemmetadata><presentation><material><mattext texttype="text/html"><p>True or False: An inner loop may run many times for each outer-loop iteration.</p></mattext></material><response_lid ident="response1" rcardinality="Single"><render_choice><response_label ident="true"><material><mattext texttype="text/html"><p>True</p></mattext></material></response_label><response_label ident="false"><material><mattext texttype="text/html"><p>False</p></mattext></material></response_label></render_choice></response_lid></presentation><resprocessing><outcomes><decvar maxvalue="100" minvalue="0" varname="SCORE" vartype="Decimal" /></outcomes><respcondition continue="No"><conditionvar><varequal respident="response1">false</varequal></conditionvar><setvar action="Set" varname="SCORE">100</setvar></respcondition></resprocessing></item><item ident="fitb_condition" title="Q13"><itemmetadata><qtimetadata><qtimetadatafield><fieldlabel>question_type</fieldlabel><fieldentry>fill_in_multiple_blanks_question</fieldentry></qtimetadatafield><qtimetadatafield><fieldlabel>calculator_type</fieldlabel><fieldentry>none</fieldentry></qtimetadatafield><qtimetadatafield><fieldlabel>points_possible</fieldlabel><fieldentry>6.0</fieldentry></qtimetadatafield></qtimetadata></itemmetadata><presentation><material><mattext texttype="text/html"><p>A while-loop condition must be a _____ value.</p>
<p>[724fb401e3a14ef8a42107c7ba84bc80]</p></mattext></material><response_lid ident="response_724fb401e3a14ef8a42107c7ba84bc80"><material><mattext>Question</mattext></material><render_choice><response_label scoring_algorithm="TextContainsAnswer" answer_type="openEntry" ident="724fb401e3a14ef8a42107c7ba84bc80-0"><material><mattext texttype="text/plain">boolean</mattext></material></response_label><response_label scoring_algorithm="TextContainsAnswer" answer_type="openEntry" ident="724fb401e3a14ef8a42107c7ba84bc80-1"><material><mattext texttype="text/plain">true or false</mattext></material></response_label><response_label scoring_algorithm="TextContainsAnswer" answer_type="openEntry" ident="724fb401e3a14ef8a42107c7ba84bc80-2"><material><mattext texttype="text/plain">true/false</mattext></material></response_label></render_choice></response_lid></presentation><resprocessing><outcomes><decvar maxvalue="100" minvalue="0" varname="SCORE" vartype="Decimal" /></outcomes><respcondition><conditionvar><varequal respident="response_724fb401e3a14ef8a42107c7ba84bc80">724fb401e3a14ef8a42107c7ba84bc80-0</varequal></conditionvar><setvar action="Add" varname="SCORE">100.00</setvar></respcondition><respcondition><conditionvar><varequal respident="response_724fb401e3a14ef8a42107c7ba84bc80">724fb401e3a14ef8a42107c7ba84bc80-1</varequal></conditionvar><setvar action="Add" varname="SCORE">100.00</setvar></respcondition><respcondition><conditionvar><varequal respident="response_724fb401e3a14ef8a42107c7ba84bc80">724fb401e3a14ef8a42107c7ba84bc80-2</varequal></conditionvar><setvar action="Add" varname="SCORE">100.00</setvar></respcondition></resprocessing></item><item ident="mc_safe_loop" title="Q14"><itemmetadata><qtimetadata><qtimetadatafield><fieldlabel>question_type</fieldlabel><fieldentry>multiple_choice_question</fieldentry></qtimetadatafield><qtimetadatafield><fieldlabel>calculator_type</fieldlabel><fieldentry>none</fieldentry></qtimetadatafield><qtimetadatafield><fieldlabel>points_possible</fieldlabel><fieldentry>6.0</fieldentry></qtimetadatafield></qtimetadata></itemmetadata><presentation><material><mattext texttype="text/html"><p>Which change makes this loop stop?</p>
<pre style="background-color: #272822; color: #F8F8F2; padding: 10px; border-radius: 4px; font-family: 'Courier New', Consolas, monospace; overflow-x: auto; line-height: 1.5;"><code class="language-python">x = <span style="color: #AE81FF;">10</span>
<span style="color: #F92672;">while</span> x &gt; <span style="color: #AE81FF;">0</span>:
    <span style="color: #A6E22E;"><span style="color: #66D9EF;">print</span></span>(x)</code></pre></mattext></material><response_lid ident="response1" rcardinality="Single"><render_choice><response_label ident="a"><material><mattext texttype="text/html"><p>Use input() instead of print()</p></mattext></material></response_label><response_label ident="b"><material><mattext texttype="text/html"><p>Remove the condition</p></mattext></material></response_label><response_label ident="c"><material><mattext texttype="text/html"><p>Flip &gt; to &lt;</p></mattext></material></response_label><response_label ident="d"><material><mattext texttype="text/html"><p>Add x -= 1</p></mattext></material></response_label></render_choice></response_lid></presentation><resprocessing><outcomes><decvar maxvalue="100" minvalue="0" varname="SCORE" vartype="Decimal" /></outcomes><respcondition continue="No"><conditionvar><varequal respident="response1">d</varequal></conditionvar><setvar action="Set" varname="SCORE">100</setvar></respcondition></resprocessing></item><item ident="mc_skip_logic" title="Q15"><itemmetadata><qtimetadata><qtimetadatafield><fieldlabel>question_type</fieldlabel><fieldentry>multiple_choice_question</fieldentry></qtimetadatafield><qtimetadatafield><fieldlabel>calculator_type</fieldlabel><fieldentry>none</fieldentry></qtimetadatafield><qtimetadatafield><fieldlabel>points_possible</fieldlabel><fieldentry>6.0</fieldentry></qtimetadatafield></qtimetadata></itemmetadata><presentation><material><mattext texttype="text/html"><p>What does this loop print?</p>
<pre style="background-color: #272822; color: #F8F8F2; padding: 10px; border-radius: 4px; font-family: 'Courier New', Consolas, monospace; overflow-x: auto; line-height: 1.5;"><code class="language-python">n = <span style="color: #AE81FF;">1</span>
<span style="color: #F92672;">while</span> n &lt; <span style="color: #AE81FF;">6</span>:
    <span style="color: #F92672;">if</span> n % <span style="color: #AE81FF;">2</span> == <span style="color: #AE81FF;">0</span>:
        n += <span style="color: #AE81FF;">1</span>
        <span style="color: #F92672;">continue</span>
    <span style="color: #A6E22E;"><span style="color: #66D9EF;">print</span></span>(n)
    n += <span style="color: #AE81FF;">1</span></code></pre></mattext></material><response_lid ident="response1" rcardinality="Single"><render_choice><response_label ident="a"><material><mattext texttype="text/html"><p>1, 3, 5</p></mattext></material></response_label><response_label ident="b"><material><mattext texttype="text/html"><p>1 through 6</p></mattext></material></response_label><response_label ident="c"><material><mattext texttype="text/html"><p>2, 4</p></mattext></material></response_label><response_label ident="d"><material><mattext texttype="text/html"><p>Nothing</p></mattext></material></response_label></render_choice></response_lid></presentation><resprocessing><outcomes><decvar maxvalue="100" minvalue="0" varname="SCORE" vartype="Decimal" /></outcomes><respcondition continue="No"><conditionvar><varequal respident="response1">a</varequal></conditionvar><setvar action="Set" varname="SCORE">100</setvar></respcondition></resprocessing></item><item ident="mc_false_start" title="Q16"><itemmetadata><qtimetadata><qtimetadatafield><fieldlabel>question_type</fieldlabel><fieldentry>multiple_choice_question</fieldentry></qtimetadatafield><qtimetadatafield><fieldlabel>calculator_type</fieldlabel><fieldentry>none</fieldentry></qtimetadatafield><qtimetadatafield><fieldlabel>points_possible</fieldlabel><fieldentry>6.0</fieldentry></qtimetadatafield></qtimetadata></itemmetadata><presentation><material><mattext texttype="text/html"><p>Which statement about while loops is correct?</p></mattext></material><response_lid ident="response1" rcardinality="Single"><render_choice><response_label ident="a"><material><mattext texttype="text/html"><p>A while loop always runs once</p></mattext></material></response_label><response_label ident="b"><material><mattext texttype="text/html"><p>A while loop must use break</p></mattext></material></response_label><response_label ident="c"><material><mattext texttype="text/html"><p>A False condition prevents the loop from running</p></mattext></material></response_label><response_label ident="d"><material><mattext texttype="text/html"><p>A while loop must run twice</p></mattext></material></response_label></render_choice></response_lid></presentation><resprocessing><outcomes><decvar maxvalue="100" minvalue="0" varname="SCORE" vartype="Decimal" /></outcomes><respcondition continue="No"><conditionvar><varequal respident="response1">c</varequal></conditionvar><setvar action="Set" varname="SCORE">100</setvar></respcondition></resprocessing></item></section></assessment></questestinterop>
