<?xml version="1.0"?>
<manifest xmlns="http://www.imsglobal.org/xsd/imsccv1p1/imscp_v1p1" xmlns:lom="http://ltsc.ieee.org/xsd/imsccv1p1/LOM/resource" xmlns:imsmd="http://www.imsglobal.org/xsd/imsmd_v1p2" xmlns:xsi="http://www.w3.org/2001/XMLSchema-instance" identifier="b6b1d9b2-33a0-4e45-9068-7eda3d4c4b28" xsi:schemaLocation="http://www.imsglobal.org/xsd/imsccv1p1/imscp_v1p1 http://www.imsglobal.org/xsd/imscp_v1p1.xsd http://ltsc.ieee.org/xsd/imsccv1p1/LOM/resource http://www.imsglobal.org/profile/cc/ccv1p1/LOM/ccv1p1_lomresource_v1p0.xsd http://www.imsglobal.org/xsd/imsmd_v1p2 http://www.imsglobal.org/xsd/imsmd_v1p2p2.xsd">
	<metadata>
		<schema>IMS Content</schema>
		<schemaversion>1.1.3</schemaversion>
		<imsmd:lom>
			<imsmd:general>
				<imsmd:title>
					<imsmd:string>Chapter 10 Lesson 2 Quiz: Random Numbers</imsmd:string>
				</imsmd:title>
			</imsmd:general>
			<imsmd:lifeCycle>
				<imsmd:contribute>
					<imsmd:date>
						<imsmd:dateTime>2026-01-05</imsmd:dateTime>
					</imsmd:date>
				</imsmd:contribute>
			</imsmd:lifeCycle>
		</imsmd:lom>
	</metadata>
	<organizations/>
	<resources>
		<resource identifier="445e4a7d-993a-4323-ab12-863ecf9e3d38" type="imsqti_xmlv1p2">
			<file href="445e4a7d-993a-4323-ab12-863ecf9e3d38/445e4a7d-993a-4323-ab12-863ecf9e3d38.xml"/>
			<dependency identifierref="b42832ff-7489-4ad2-b831-15774cd05b83"/>
		</resource>
		<resource identifier="b42832ff-7489-4ad2-b831-15774cd05b83" type="associatedcontent/imscc_xmlv1p1/learning-application-resource" href="445e4a7d-993a-4323-ab12-863ecf9e3d38/assessment_meta.xml">
			<file href="445e4a7d-993a-4323-ab12-863ecf9e3d38/assessment_meta.xml"/>
		</resource>
	</resources>
</manifest>
