<?xml version="1.0"?>
<manifest xmlns="http://www.imsglobal.org/xsd/imsccv1p1/imscp_v1p1" xmlns:lom="http://ltsc.ieee.org/xsd/imsccv1p1/LOM/resource" xmlns:imsmd="http://www.imsglobal.org/xsd/imsmd_v1p2" xmlns:xsi="http://www.w3.org/2001/XMLSchema-instance" identifier="cc177014-da51-4a60-a469-3f139444502d" xsi:schemaLocation="http://www.imsglobal.org/xsd/imsccv1p1/imscp_v1p1 http://www.imsglobal.org/xsd/imscp_v1p1.xsd http://ltsc.ieee.org/xsd/imsccv1p1/LOM/resource http://www.imsglobal.org/profile/cc/ccv1p1/LOM/ccv1p1_lomresource_v1p0.xsd http://www.imsglobal.org/xsd/imsmd_v1p2 http://www.imsglobal.org/xsd/imsmd_v1p2p2.xsd">
	<metadata>
		<schema>IMS Content</schema>
		<schemaversion>1.1.3</schemaversion>
		<imsmd:lom>
			<imsmd:general>
				<imsmd:title>
					<imsmd:string>7th Grade ELA Semester 1 Practice Exam</imsmd:string>
				</imsmd:title>
			</imsmd:general>
			<imsmd:lifeCycle>
				<imsmd:contribute>
					<imsmd:date>
						<imsmd:dateTime>2026-01-05</imsmd:dateTime>
					</imsmd:date>
				</imsmd:contribute>
			</imsmd:lifeCycle>
		</imsmd:lom>
	</metadata>
	<organizations/>
	<resources>
		<resource identifier="93f2036c-8287-4d93-b7bd-9b56c929ebad" type="imsqti_xmlv1p2">
			<file href="93f2036c-8287-4d93-b7bd-9b56c929ebad/93f2036c-8287-4d93-b7bd-9b56c929ebad.xml"/>
			<dependency identifierref="c6843533-f6bd-4218-a8aa-f37b4bba80d0"/>
		</resource>
		<resource identifier="c6843533-f6bd-4218-a8aa-f37b4bba80d0" type="associatedcontent/imscc_xmlv1p1/learning-application-resource" href="93f2036c-8287-4d93-b7bd-9b56c929ebad/assessment_meta.xml">
			<file href="93f2036c-8287-4d93-b7bd-9b56c929ebad/assessment_meta.xml"/>
		</resource>
	</resources>
</manifest>
