<?xml version="1.0"?>
<manifest xmlns="http://www.imsglobal.org/xsd/imsccv1p1/imscp_v1p1" xmlns:lom="http://ltsc.ieee.org/xsd/imsccv1p1/LOM/resource" xmlns:imsmd="http://www.imsglobal.org/xsd/imsmd_v1p2" xmlns:xsi="http://www.w3.org/2001/XMLSchema-instance" identifier="243448ca-3903-4aec-ad20-cb5b6386c54d" xsi:schemaLocation="http://www.imsglobal.org/xsd/imsccv1p1/imscp_v1p1 http://www.imsglobal.org/xsd/imscp_v1p1.xsd http://ltsc.ieee.org/xsd/imsccv1p1/LOM/resource http://www.imsglobal.org/profile/cc/ccv1p1/LOM/ccv1p1_lomresource_v1p0.xsd http://www.imsglobal.org/xsd/imsmd_v1p2 http://www.imsglobal.org/xsd/imsmd_v1p2p2.xsd">
	<metadata>
		<schema>IMS Content</schema>
		<schemaversion>1.1.3</schemaversion>
		<imsmd:lom>
			<imsmd:general>
				<imsmd:title>
					<imsmd:string>High Fantasy Suspense Capitalization (Meaning and Tone)</imsmd:string>
				</imsmd:title>
			</imsmd:general>
			<imsmd:lifeCycle>
				<imsmd:contribute>
					<imsmd:date>
						<imsmd:dateTime>2026-01-06</imsmd:dateTime>
					</imsmd:date>
				</imsmd:contribute>
			</imsmd:lifeCycle>
		</imsmd:lom>
	</metadata>
	<organizations/>
	<resources>
		<resource identifier="5f64a1b7-c664-470f-8e09-eacc22f7c1c7" type="imsqti_xmlv1p2">
			<file href="5f64a1b7-c664-470f-8e09-eacc22f7c1c7/5f64a1b7-c664-470f-8e09-eacc22f7c1c7.xml"/>
			<dependency identifierref="b4c01afb-b0f7-4707-868b-456c393a8f27"/>
		</resource>
		<resource identifier="b4c01afb-b0f7-4707-868b-456c393a8f27" type="associatedcontent/imscc_xmlv1p1/learning-application-resource" href="5f64a1b7-c664-470f-8e09-eacc22f7c1c7/assessment_meta.xml">
			<file href="5f64a1b7-c664-470f-8e09-eacc22f7c1c7/assessment_meta.xml"/>
		</resource>
	</resources>
</manifest>
