<?xml version="1.0"?>
<manifest xmlns="http://www.imsglobal.org/xsd/imsccv1p1/imscp_v1p1" xmlns:lom="http://ltsc.ieee.org/xsd/imsccv1p1/LOM/resource" xmlns:imsmd="http://www.imsglobal.org/xsd/imsmd_v1p2" xmlns:xsi="http://www.w3.org/2001/XMLSchema-instance" identifier="1293be95-bca8-4087-9dee-0550f70ca878" xsi:schemaLocation="http://www.imsglobal.org/xsd/imsccv1p1/imscp_v1p1 http://www.imsglobal.org/xsd/imscp_v1p1.xsd http://ltsc.ieee.org/xsd/imsccv1p1/LOM/resource http://www.imsglobal.org/profile/cc/ccv1p1/LOM/ccv1p1_lomresource_v1p0.xsd http://www.imsglobal.org/xsd/imsmd_v1p2 http://www.imsglobal.org/xsd/imsmd_v1p2p2.xsd">
	<metadata>
		<schema>IMS Content</schema>
		<schemaversion>1.1.3</schemaversion>
		<imsmd:lom>
			<imsmd:general>
				<imsmd:title>
					<imsmd:string>Christmas Quiz 3 - Three Wishes for Christmas (Revised Choices)</imsmd:string>
				</imsmd:title>
			</imsmd:general>
			<imsmd:lifeCycle>
				<imsmd:contribute>
					<imsmd:date>
						<imsmd:dateTime>2025-12-06</imsmd:dateTime>
					</imsmd:date>
				</imsmd:contribute>
			</imsmd:lifeCycle>
		</imsmd:lom>
	</metadata>
	<organizations/>
	<resources>
		<resource identifier="c1ddcc53-4c5e-4ff2-a54f-06e91c629d15" type="imsqti_xmlv1p2">
			<file href="c1ddcc53-4c5e-4ff2-a54f-06e91c629d15/c1ddcc53-4c5e-4ff2-a54f-06e91c629d15.xml"/>
			<dependency identifierref="307a1baf-8550-4df3-a044-1261e424b421"/>
		</resource>
		<resource identifier="307a1baf-8550-4df3-a044-1261e424b421" type="associatedcontent/imscc_xmlv1p1/learning-application-resource" href="c1ddcc53-4c5e-4ff2-a54f-06e91c629d15/assessment_meta.xml">
			<file href="c1ddcc53-4c5e-4ff2-a54f-06e91c629d15/assessment_meta.xml"/>
		</resource>
	</resources>
</manifest>
