<?xml version="1.0"?>
<manifest xmlns="http://www.imsglobal.org/xsd/imsccv1p1/imscp_v1p1" xmlns:lom="http://ltsc.ieee.org/xsd/imsccv1p1/LOM/resource" xmlns:imsmd="http://www.imsglobal.org/xsd/imsmd_v1p2" xmlns:xsi="http://www.w3.org/2001/XMLSchema-instance" identifier="6ee1d453-7f5d-4853-ab65-7739be748f76" xsi:schemaLocation="http://www.imsglobal.org/xsd/imsccv1p1/imscp_v1p1 http://www.imsglobal.org/xsd/imscp_v1p1.xsd http://ltsc.ieee.org/xsd/imsccv1p1/LOM/resource http://www.imsglobal.org/profile/cc/ccv1p1/LOM/ccv1p1_lomresource_v1p0.xsd http://www.imsglobal.org/xsd/imsmd_v1p2 http://www.imsglobal.org/xsd/imsmd_v1p2p2.xsd">
	<metadata>
		<schema>IMS Content</schema>
		<schemaversion>1.1.3</schemaversion>
		<imsmd:lom>
			<imsmd:general>
				<imsmd:title>
					<imsmd:string>The Monsters Are Due on Maple Street - Act 2 Quiz</imsmd:string>
				</imsmd:title>
			</imsmd:general>
			<imsmd:lifeCycle>
				<imsmd:contribute>
					<imsmd:date>
						<imsmd:dateTime>2026-01-21</imsmd:dateTime>
					</imsmd:date>
				</imsmd:contribute>
			</imsmd:lifeCycle>
		</imsmd:lom>
	</metadata>
	<organizations/>
	<resources>
		<resource identifier="12f4585d-2c94-4d9e-bea6-cbe07e67a975" type="imsqti_xmlv1p2">
			<file href="12f4585d-2c94-4d9e-bea6-cbe07e67a975/12f4585d-2c94-4d9e-bea6-cbe07e67a975.xml"/>
			<dependency identifierref="cb4f6fd3-828e-4c69-af8f-a4de318fa9d7"/>
		</resource>
		<resource identifier="cb4f6fd3-828e-4c69-af8f-a4de318fa9d7" type="associatedcontent/imscc_xmlv1p1/learning-application-resource" href="12f4585d-2c94-4d9e-bea6-cbe07e67a975/assessment_meta.xml">
			<file href="12f4585d-2c94-4d9e-bea6-cbe07e67a975/assessment_meta.xml"/>
		</resource>
	</resources>
</manifest>
