<?xml version="1.0"?>
<quiz xmlns="http://canvas.instructure.com/xsd/cccv1p0" xmlns:xsi="http://canvas.instructure.com/xsd/cccv1p0 https://canvas.instructure.com/xsd/cccv1p0.xsd" identifier="12f4585d-2c94-4d9e-bea6-cbe07e67a975">
  <title>The Monsters Are Due on Maple Street - Act 2 Quiz</title>
  <description></description>
  <shuffle_questions>false</shuffle_questions>
  <shuffle_answers>true</shuffle_answers>
  <calculator_type>none</calculator_type>
  <scoring_policy>keep_highest</scoring_policy>
  <allowed_attempts>1</allowed_attempts>
  <points_possible>100.0</points_possible>
</quiz>
