<?xml version="1.0"?>
<questestinterop xmlns="http://www.imsglobal.org/xsd/ims_qtiasiv1p2" xmlns:xsi="http://www.w3.org/2001/XMLSchema-instance" xsi:schemaLocation="http://www.imsglobal.org/xsd/ims_qtiasiv1p2 http://www.imsglobal.org/xsd/ims_qtiasiv1p2p1.xsd"><assessment ident="assessment_601afe49" title="Sci-Fi Suspense Semicolon Revision (Tone and Clarity)"><qtimetadata><qtimetadatafield><fieldlabel>cc_maxattempts</fieldlabel><fieldentry>1</fieldentry></qtimetadatafield></qtimetadata><section ident="root_section"><item ident="stim_main" title="Q01"><itemmetadata><qtimetadata><qtimetadatafield><fieldlabel>question_type</fieldlabel><fieldentry>text_only_question</fieldentry></qtimetadatafield><qtimetadatafield><fieldlabel>points_possible</fieldlabel><fieldentry>0.0</fieldentry></qtimetadatafield></qtimetadata></itemmetadata><presentation><material orientation="top"><mattext texttype="text/html">&lt;div style="margin:10px 0;"&gt;&lt;div style="font-family: inherit; font-size:0.95em; padding:14px 18px; background:#fff; border:1px solid #d9d9d9; border-left:5px solid #4b79ff; line-height:1.6;"&gt;&lt;p style="margin: 0 0 0.9em 0; line-height: 1.6;"&gt;&lt;span style="font-size: 0.85em; font-style: italic; color: #999; font-weight: normal;"&gt;[1]&lt;/span&gt;     Read the passage. Paragraphs are numbered.&lt;/p&gt;&lt;p style="margin: 0 0 0.9em 0; line-height: 1.6;"&gt;&lt;span style="font-size: 0.85em; font-style: italic; color: #999; font-weight: normal;"&gt;[2]&lt;/span&gt;     **Suspense Passage (Semicolon Draft With Problems)**&lt;/p&gt;&lt;p style="margin: 0 0 0.9em 0; line-height: 1.6;"&gt;&lt;span style="font-size: 0.85em; font-style: italic; color: #999; font-weight: normal;"&gt;[3]&lt;/span&gt;     **[1]** At 2:17 a.m., the Borealis Gate sounded like a refrigerator that could not decide whether to breathe or die. Juno sat alone in the control booth under the snowline, watching frost creep across the glass.&lt;/p&gt;&lt;p style="margin: 0 0 0.9em 0; line-height: 1.6;"&gt;&lt;span style="font-size: 0.85em; font-style: italic; color: #999; font-weight: normal;"&gt;[4]&lt;/span&gt;     **[2]** The monitors showed two live feeds of the same hallway, one from her camera, one from somewhere else. In the second feed the floor tiles were cracked, the exit sign read EAST DOOR, and the clock in the corner counted backward. Juno told herself it was a calibration glitch, she did not believe it.&lt;/p&gt;&lt;p style="margin: 0 0 0.9em 0; line-height: 1.6;"&gt;&lt;span style="font-size: 0.85em; font-style: italic; color: #999; font-weight: normal;"&gt;[5]&lt;/span&gt;     **[3]** A line of text appeared on her screen: DO NOT TRUST THE NEXT YOU. The message did not have a sender, it did not need one. Juno checked the hallway again, her hallway was empty.&lt;/p&gt;&lt;p style="margin: 0 0 0.9em 0; line-height: 1.6;"&gt;&lt;span style="font-size: 0.85em; font-style: italic; color: #999; font-weight: normal;"&gt;[6]&lt;/span&gt;     **[4]** The intercom popped with a soft click, then a voice that sounded like her own whispered, "Open it." Juno froze, her hand hovered above the release switch.&lt;/p&gt;&lt;p style="margin: 0 0 0.9em 0; line-height: 1.6;"&gt;&lt;span style="font-size: 0.85em; font-style: italic; color: #999; font-weight: normal;"&gt;[7]&lt;/span&gt;     **[5]** She could shut the Gate down, she could call for backup, she could run. Instead she reached for the manual; it had never felt heavier. The first page was marked with a note in pencil: If the second door opens you will hear three knocks.&lt;/p&gt;&lt;p style="margin: 0 0 0.9em 0; line-height: 1.6;"&gt;&lt;span style="font-size: 0.85em; font-style: italic; color: #999; font-weight: normal;"&gt;[8]&lt;/span&gt;     **[6]** Three knocks came immediately; slow, careful, polite. Juno stared at the window and saw movement in the second feed. Someone stood just outside the booth, smiling, wearing her coat.&lt;/p&gt;&lt;p style="margin: 0 0 0.9em 0; line-height: 1.6;"&gt;&lt;span style="font-size: 0.85em; font-style: italic; color: #999; font-weight: normal;"&gt;[9]&lt;/span&gt;     **[7]** Juno raised her hand; to the glass. The other Juno raised hers too and mouthed a single word: "Soon." The booth lights flickered, and the hallway cameras went dark.&lt;/p&gt;&lt;p style="margin: 0 0 0.9em 0; line-height: 1.6;"&gt;&lt;span style="font-size: 0.85em; font-style: italic; color: #999; font-weight: normal;"&gt;[10]&lt;/span&gt;     **[8]** On the emergency screen, a message flashed, seal the chamber immediately, do not look into the hallway window. Juno read it once, then twice, and realized the warning was not written for one world.&lt;/p&gt;&lt;/div&gt;&lt;/div&gt;</mattext></material></presentation></item><item ident="q1" title="Q02"><itemmetadata><qtimetadata><qtimetadatafield><fieldlabel>question_type</fieldlabel><fieldentry>multiple_choice_question</fieldentry></qtimetadatafield><qtimetadatafield><fieldlabel>calculator_type</fieldlabel><fieldentry>none</fieldentry></qtimetadatafield><qtimetadatafield><fieldlabel>points_possible</fieldlabel><fieldentry>13.0</fieldentry></qtimetadatafield><qtimetadatafield><fieldlabel>parent_stimulus_item_ident</fieldlabel><fieldentry>stim_main</fieldentry></qtimetadatafield></qtimetadata></itemmetadata><presentation><material><mattext texttype="text/html">&lt;p&gt;Paragraph 2: The writer wants the second sentence to feel tense but controlled. Which revision best fixes the sentence and keeps the ideas closely connected?&lt;/p&gt;</mattext></material><response_lid ident="response1" rcardinality="Single"><render_choice><response_label ident="a"><material><mattext texttype="text/html">&lt;p&gt;Juno told herself it was a calibration glitch; she did not believe it.&lt;/p&gt;</mattext></material></response_label><response_label ident="b"><material><mattext texttype="text/html">&lt;p&gt;Juno told herself it was a calibration glitch. And she did not believe it.&lt;/p&gt;</mattext></material></response_label><response_label ident="c"><material><mattext texttype="text/html">&lt;p&gt;Juno told herself it was a calibration glitch; but she did not believe it.&lt;/p&gt;</mattext></material></response_label><response_label ident="d"><material><mattext texttype="text/html">&lt;p&gt;Juno told herself it was a calibration glitch, she did not believe it.&lt;/p&gt;</mattext></material></response_label></render_choice></response_lid></presentation><resprocessing><outcomes><decvar maxvalue="100" minvalue="0" varname="SCORE" vartype="Decimal" /></outcomes><respcondition continue="No"><conditionvar><varequal respident="response1">a</varequal></conditionvar><setvar action="Set" varname="SCORE">100</setvar></respcondition></resprocessing></item><item ident="q2" title="Q03"><itemmetadata><qtimetadata><qtimetadatafield><fieldlabel>question_type</fieldlabel><fieldentry>multiple_choice_question</fieldentry></qtimetadatafield><qtimetadatafield><fieldlabel>calculator_type</fieldlabel><fieldentry>none</fieldentry></qtimetadatafield><qtimetadatafield><fieldlabel>points_possible</fieldlabel><fieldentry>13.0</fieldentry></qtimetadatafield><qtimetadatafield><fieldlabel>parent_stimulus_item_ident</fieldlabel><fieldentry>stim_main</fieldentry></qtimetadatafield></qtimetadata></itemmetadata><presentation><material><mattext texttype="text/html">&lt;p&gt;Paragraph 4: The writer wants a clear pause before the suspenseful detail. Which revision is best?&lt;/p&gt;</mattext></material><response_lid ident="response1" rcardinality="Single"><render_choice><response_label ident="a"><material><mattext texttype="text/html">&lt;p&gt;Juno froze her hand hovered; above the release switch.&lt;/p&gt;</mattext></material></response_label><response_label ident="b"><material><mattext texttype="text/html">&lt;p&gt;Juno froze; and her hand hovered above the release switch.&lt;/p&gt;</mattext></material></response_label><response_label ident="c"><material><mattext texttype="text/html">&lt;p&gt;Juno froze; her hand hovered above the release switch.&lt;/p&gt;</mattext></material></response_label><response_label ident="d"><material><mattext texttype="text/html">&lt;p&gt;Juno froze, her hand; hovered above the release switch.&lt;/p&gt;</mattext></material></response_label></render_choice></response_lid></presentation><resprocessing><outcomes><decvar maxvalue="100" minvalue="0" varname="SCORE" vartype="Decimal" /></outcomes><respcondition continue="No"><conditionvar><varequal respident="response1">c</varequal></conditionvar><setvar action="Set" varname="SCORE">100</setvar></respcondition></resprocessing></item><item ident="q3" title="Q04"><itemmetadata><qtimetadata><qtimetadatafield><fieldlabel>question_type</fieldlabel><fieldentry>multiple_choice_question</fieldentry></qtimetadatafield><qtimetadatafield><fieldlabel>calculator_type</fieldlabel><fieldentry>none</fieldentry></qtimetadatafield><qtimetadatafield><fieldlabel>points_possible</fieldlabel><fieldentry>13.0</fieldentry></qtimetadatafield><qtimetadatafield><fieldlabel>parent_stimulus_item_ident</fieldlabel><fieldentry>stim_main</fieldentry></qtimetadatafield></qtimetadata></itemmetadata><presentation><material><mattext texttype="text/html">&lt;p&gt;Paragraph 6: The writer wants to connect two complete thoughts without making the sentence feel rushed. Which revision is best?&lt;/p&gt;</mattext></material><response_lid ident="response1" rcardinality="Single"><render_choice><response_label ident="a"><material><mattext texttype="text/html">&lt;p&gt;Three knocks came immediately; slow, careful, polite.&lt;/p&gt;</mattext></material></response_label><response_label ident="b"><material><mattext texttype="text/html">&lt;p&gt;Three knocks came immediately; they were slow, careful, and polite.&lt;/p&gt;</mattext></material></response_label><response_label ident="c"><material><mattext texttype="text/html">&lt;p&gt;Three knocks came immediately, they were slow, careful, and polite.&lt;/p&gt;</mattext></material></response_label><response_label ident="d"><material><mattext texttype="text/html">&lt;p&gt;Three knocks came immediately. They were slow, careful, and polite.&lt;/p&gt;</mattext></material></response_label></render_choice></response_lid></presentation><resprocessing><outcomes><decvar maxvalue="100" minvalue="0" varname="SCORE" vartype="Decimal" /></outcomes><respcondition continue="No"><conditionvar><varequal respident="response1">b</varequal></conditionvar><setvar action="Set" varname="SCORE">100</setvar></respcondition></resprocessing></item><item ident="q4" title="Q05"><itemmetadata><qtimetadata><qtimetadatafield><fieldlabel>question_type</fieldlabel><fieldentry>multiple_choice_question</fieldentry></qtimetadatafield><qtimetadatafield><fieldlabel>calculator_type</fieldlabel><fieldentry>none</fieldentry></qtimetadatafield><qtimetadatafield><fieldlabel>points_possible</fieldlabel><fieldentry>13.0</fieldentry></qtimetadatafield><qtimetadatafield><fieldlabel>parent_stimulus_item_ident</fieldlabel><fieldentry>stim_main</fieldentry></qtimetadatafield></qtimetadata></itemmetadata><presentation><material><mattext texttype="text/html">&lt;p&gt;Paragraph 7: The writer wants the action to read smoothly. Which revision is best?&lt;/p&gt;</mattext></material><response_lid ident="response1" rcardinality="Single"><render_choice><response_label ident="a"><material><mattext texttype="text/html">&lt;p&gt;Juno raised her hand to; the glass.&lt;/p&gt;</mattext></material></response_label><response_label ident="b"><material><mattext texttype="text/html">&lt;p&gt;Juno raised her hand to the glass.&lt;/p&gt;</mattext></material></response_label><response_label ident="c"><material><mattext texttype="text/html">&lt;p&gt;Juno; raised her hand to the glass.&lt;/p&gt;</mattext></material></response_label><response_label ident="d"><material><mattext texttype="text/html">&lt;p&gt;Juno raised her hand; to the glass.&lt;/p&gt;</mattext></material></response_label></render_choice></response_lid></presentation><resprocessing><outcomes><decvar maxvalue="100" minvalue="0" varname="SCORE" vartype="Decimal" /></outcomes><respcondition continue="No"><conditionvar><varequal respident="response1">b</varequal></conditionvar><setvar action="Set" varname="SCORE">100</setvar></respcondition></resprocessing></item><item ident="q5" title="Q06"><itemmetadata><qtimetadata><qtimetadatafield><fieldlabel>question_type</fieldlabel><fieldentry>multiple_choice_question</fieldentry></qtimetadatafield><qtimetadatafield><fieldlabel>calculator_type</fieldlabel><fieldentry>none</fieldentry></qtimetadatafield><qtimetadatafield><fieldlabel>points_possible</fieldlabel><fieldentry>12.0</fieldentry></qtimetadatafield><qtimetadatafield><fieldlabel>parent_stimulus_item_ident</fieldlabel><fieldentry>stim_main</fieldentry></qtimetadatafield></qtimetadata></itemmetadata><presentation><material><mattext texttype="text/html">&lt;p&gt;Paragraph 5: The writer wants the sentence to feel steady and escalating, like a countdown. Which revision is best?&lt;/p&gt;</mattext></material><response_lid ident="response1" rcardinality="Single"><render_choice><response_label ident="a"><material><mattext texttype="text/html">&lt;p&gt;She could shut the Gate down. She could call for backup; she could run.&lt;/p&gt;</mattext></material></response_label><response_label ident="b"><material><mattext texttype="text/html">&lt;p&gt;She could shut the Gate down; and she could call for backup; and she could run.&lt;/p&gt;</mattext></material></response_label><response_label ident="c"><material><mattext texttype="text/html">&lt;p&gt;She could shut the Gate down; she could call for backup; she could run.&lt;/p&gt;</mattext></material></response_label><response_label ident="d"><material><mattext texttype="text/html">&lt;p&gt;She could shut the Gate down, she could call for backup; she could run.&lt;/p&gt;</mattext></material></response_label></render_choice></response_lid></presentation><resprocessing><outcomes><decvar maxvalue="100" minvalue="0" varname="SCORE" vartype="Decimal" /></outcomes><respcondition continue="No"><conditionvar><varequal respident="response1">c</varequal></conditionvar><setvar action="Set" varname="SCORE">100</setvar></respcondition></resprocessing></item><item ident="q6" title="Q07"><itemmetadata><qtimetadata><qtimetadatafield><fieldlabel>question_type</fieldlabel><fieldentry>multiple_choice_question</fieldentry></qtimetadatafield><qtimetadatafield><fieldlabel>calculator_type</fieldlabel><fieldentry>none</fieldentry></qtimetadatafield><qtimetadatafield><fieldlabel>points_possible</fieldlabel><fieldentry>12.0</fieldentry></qtimetadatafield><qtimetadatafield><fieldlabel>parent_stimulus_item_ident</fieldlabel><fieldentry>stim_main</fieldentry></qtimetadatafield></qtimetadata></itemmetadata><presentation><material><mattext texttype="text/html">&lt;p&gt;Paragraph 8: The writer wants the warning to feel urgent but clear. Which revision best fixes the sentence?&lt;/p&gt;</mattext></material><response_lid ident="response1" rcardinality="Single"><render_choice><response_label ident="a"><material><mattext texttype="text/html">&lt;p&gt;On the emergency screen, a message flashed: seal the chamber immediately; do not look into the hallway window.&lt;/p&gt;</mattext></material></response_label><response_label ident="b"><material><mattext texttype="text/html">&lt;p&gt;On the emergency screen, a message flashed, seal the chamber immediately, do not look into the hallway window.&lt;/p&gt;</mattext></material></response_label><response_label ident="c"><material><mattext texttype="text/html">&lt;p&gt;On the emergency screen, a message flashed; seal the chamber immediately, do not look into the hallway window.&lt;/p&gt;</mattext></material></response_label><response_label ident="d"><material><mattext texttype="text/html">&lt;p&gt;On the emergency screen a message flashed: seal the chamber immediately do not look into the hallway window.&lt;/p&gt;</mattext></material></response_label></render_choice></response_lid></presentation><resprocessing><outcomes><decvar maxvalue="100" minvalue="0" varname="SCORE" vartype="Decimal" /></outcomes><respcondition continue="No"><conditionvar><varequal respident="response1">a</varequal></conditionvar><setvar action="Set" varname="SCORE">100</setvar></respcondition></resprocessing></item><item ident="q7" title="Q08"><itemmetadata><qtimetadata><qtimetadatafield><fieldlabel>question_type</fieldlabel><fieldentry>multiple_choice_question</fieldentry></qtimetadatafield><qtimetadatafield><fieldlabel>calculator_type</fieldlabel><fieldentry>none</fieldentry></qtimetadatafield><qtimetadatafield><fieldlabel>points_possible</fieldlabel><fieldentry>12.0</fieldentry></qtimetadatafield><qtimetadatafield><fieldlabel>parent_stimulus_item_ident</fieldlabel><fieldentry>stim_main</fieldentry></qtimetadatafield></qtimetadata></itemmetadata><presentation><material><mattext texttype="text/html">&lt;p&gt;Paragraph 3: The writer wants the second sentence to feel like a warning that keeps coming. Which revision best creates that effect?&lt;/p&gt;</mattext></material><response_lid ident="response1" rcardinality="Single"><render_choice><response_label ident="a"><material><mattext texttype="text/html">&lt;p&gt;The message did not have a sender; and it did not need one.&lt;/p&gt;</mattext></material></response_label><response_label ident="b"><material><mattext texttype="text/html">&lt;p&gt;The message did not have a sender. It did not need one.&lt;/p&gt;</mattext></material></response_label><response_label ident="c"><material><mattext texttype="text/html">&lt;p&gt;The message did not have a sender, it did not need one.&lt;/p&gt;</mattext></material></response_label><response_label ident="d"><material><mattext texttype="text/html">&lt;p&gt;The message did not have a sender; it did not need one.&lt;/p&gt;</mattext></material></response_label></render_choice></response_lid></presentation><resprocessing><outcomes><decvar maxvalue="100" minvalue="0" varname="SCORE" vartype="Decimal" /></outcomes><respcondition continue="No"><conditionvar><varequal respident="response1">d</varequal></conditionvar><setvar action="Set" varname="SCORE">100</setvar></respcondition></resprocessing></item><item ident="q8" title="Q09"><itemmetadata><qtimetadata><qtimetadatafield><fieldlabel>question_type</fieldlabel><fieldentry>multiple_choice_question</fieldentry></qtimetadatafield><qtimetadatafield><fieldlabel>calculator_type</fieldlabel><fieldentry>none</fieldentry></qtimetadatafield><qtimetadatafield><fieldlabel>points_possible</fieldlabel><fieldentry>12.0</fieldentry></qtimetadatafield><qtimetadatafield><fieldlabel>parent_stimulus_item_ident</fieldlabel><fieldentry>stim_main</fieldentry></qtimetadatafield></qtimetadata></itemmetadata><presentation><material><mattext texttype="text/html">&lt;p&gt;Paragraph 1: The writer wants to show two images that belong together in the reader's mind. Which revision is best?&lt;/p&gt;</mattext></material><response_lid ident="response1" rcardinality="Single"><render_choice><response_label ident="a"><material><mattext texttype="text/html">&lt;p&gt;Juno sat alone in the control booth under the snowline; and watching frost creep across the glass.&lt;/p&gt;</mattext></material></response_label><response_label ident="b"><material><mattext texttype="text/html">&lt;p&gt;Juno sat alone; in the control booth under the snowline, watching frost creep across the glass.&lt;/p&gt;</mattext></material></response_label><response_label ident="c"><material><mattext texttype="text/html">&lt;p&gt;Juno sat alone in the control booth under the snowline; watching frost creep across the glass.&lt;/p&gt;</mattext></material></response_label><response_label ident="d"><material><mattext texttype="text/html">&lt;p&gt;Juno sat alone in the control booth under the snowline, watching frost creep across the glass.&lt;/p&gt;</mattext></material></response_label></render_choice></response_lid></presentation><resprocessing><outcomes><decvar maxvalue="100" minvalue="0" varname="SCORE" vartype="Decimal" /></outcomes><respcondition continue="No"><conditionvar><varequal respident="response1">d</varequal></conditionvar><setvar action="Set" varname="SCORE">100</setvar></respcondition></resprocessing></item></section></assessment></questestinterop>
