<?xml version="1.0"?>
<questestinterop xmlns="http://www.imsglobal.org/xsd/ims_qtiasiv1p2" xmlns:xsi="http://www.w3.org/2001/XMLSchema-instance" xsi:schemaLocation="http://www.imsglobal.org/xsd/ims_qtiasiv1p2 http://www.imsglobal.org/xsd/ims_qtiasiv1p2p1.xsd"><assessment ident="assessment_4ddefe79" title="Chapter 8 - While Loops (Lesson 2)"><qtimetadata><qtimetadatafield><fieldlabel>cc_maxattempts</fieldlabel><fieldentry>1</fieldentry></qtimetadatafield></qtimetadata><section ident="root_section"><item ident="stim_l2_intro" title="Q01"><itemmetadata><qtimetadata><qtimetadatafield><fieldlabel>question_type</fieldlabel><fieldentry>text_only_question</fieldentry></qtimetadatafield><qtimetadatafield><fieldlabel>points_possible</fieldlabel><fieldentry>0.0</fieldentry></qtimetadatafield></qtimetadata></itemmetadata><presentation><material><mattext texttype="text/html"><div style="margin:10px 0;"><div style="font-family: inherit; font-size:0.95em; padding:14px 18px; background:#fff; border:1px solid #d9d9d9; border-left:5px solid #4b79ff; line-height:1.6;"><p style="margin: 0 0 0.9em 0; line-height: 1.6;"><span style="font-size: 0.85em; font-style: italic; color: #999; font-weight: normal;">[1]</span>     A while loop repeats as long as its condition is True. If it starts False, the loop never runs. If it never becomes False, the loop becomes infinite.</p></div></div></mattext></material></presentation></item><item ident="item_q02_e2bf9229" title="Q02"><itemmetadata><qtimetadata><qtimetadatafield><fieldlabel>question_type</fieldlabel><fieldentry>STIMULUS_END</fieldentry></qtimetadatafield><qtimetadatafield><fieldlabel>points_possible</fieldlabel><fieldentry>0.0</fieldentry></qtimetadatafield></qtimetadata></itemmetadata><presentation><material><mattext texttype="text/html"><p></p></mattext></material><response_lid ident="response1" rcardinality="Single"><render_choice /></response_lid></presentation><resprocessing><outcomes><decvar maxvalue="100" minvalue="0" varname="SCORE" vartype="Decimal" /></outcomes></resprocessing></item><item ident="mc_use_case" title="Q03"><itemmetadata><qtimetadata><qtimetadatafield><fieldlabel>question_type</fieldlabel><fieldentry>multiple_choice_question</fieldentry></qtimetadatafield><qtimetadatafield><fieldlabel>calculator_type</fieldlabel><fieldentry>none</fieldentry></qtimetadatafield><qtimetadatafield><fieldlabel>points_possible</fieldlabel><fieldentry>7.0</fieldentry></qtimetadatafield></qtimetadata></itemmetadata><presentation><material><mattext texttype="text/html"><p>Which scenario is most appropriate for a while loop?</p></mattext></material><response_lid ident="response1" rcardinality="Single"><render_choice><response_label ident="a"><material><mattext texttype="text/html"><p>Printing numbers one time</p></mattext></material></response_label><response_label ident="b"><material><mattext texttype="text/html"><p>Repeating a question until input is valid</p></mattext></material></response_label><response_label ident="c"><material><mattext texttype="text/html"><p>Running a set number of times</p></mattext></material></response_label><response_label ident="d"><material><mattext texttype="text/html"><p>Looping through characters in a string</p></mattext></material></response_label></render_choice></response_lid></presentation><resprocessing><outcomes><decvar maxvalue="100" minvalue="0" varname="SCORE" vartype="Decimal" /></outcomes><respcondition continue="No"><conditionvar><varequal respident="response1">b</varequal></conditionvar><setvar action="Set" varname="SCORE">100</setvar></respcondition></resprocessing></item><item ident="mc_zero_runs" title="Q04"><itemmetadata><qtimetadata><qtimetadatafield><fieldlabel>question_type</fieldlabel><fieldentry>multiple_choice_question</fieldentry></qtimetadatafield><qtimetadatafield><fieldlabel>calculator_type</fieldlabel><fieldentry>none</fieldentry></qtimetadatafield><qtimetadatafield><fieldlabel>points_possible</fieldlabel><fieldentry>7.0</fieldentry></qtimetadatafield></qtimetadata></itemmetadata><presentation><material><mattext texttype="text/html"><p>Which loop will run zero times?</p></mattext></material><response_lid ident="response1" rcardinality="Single"><render_choice><response_label ident="a"><material><mattext texttype="text/html"><pre style="background-color: #272822; color: #F8F8F2; padding: 10px; border-radius: 4px; font-family: 'Courier New', Consolas, monospace; overflow-x: auto; line-height: 1.5; white-space: pre; display: block;"><code class="language-python"><span style="color: #F92672;">while</span> <span style="color: #F92672;">True</span>:
    <span style="color: #F92672;">break</span></code></pre></mattext></material></response_label><response_label ident="b"><material><mattext texttype="text/html"><pre style="background-color: #272822; color: #F8F8F2; padding: 10px; border-radius: 4px; font-family: 'Courier New', Consolas, monospace; overflow-x: auto; line-height: 1.5; white-space: pre; display: block;"><code class="language-python"><span style="color: #F92672;">while</span> x &lt; <span style="color: #AE81FF;">0</span>:
    <span style="color: #A6E22E;"><span style="color: #66D9EF;">print</span></span>(x)</code></pre></mattext></material></response_label><response_label ident="c"><material><mattext texttype="text/html"><pre style="background-color: #272822; color: #F8F8F2; padding: 10px; border-radius: 4px; font-family: 'Courier New', Consolas, monospace; overflow-x: auto; line-height: 1.5; white-space: pre; display: block;"><code class="language-python"><span style="color: #F92672;">while</span> x &lt; <span style="color: #AE81FF;">10</span>:
    x += <span style="color: #AE81FF;">1</span></code></pre></mattext></material></response_label><response_label ident="d"><material><mattext texttype="text/html"><pre style="background-color: #272822; color: #F8F8F2; padding: 10px; border-radius: 4px; font-family: 'Courier New', Consolas, monospace; overflow-x: auto; line-height: 1.5; white-space: pre; display: block;"><code class="language-python"><span style="color: #F92672;">while</span> x != <span style="color: #AE81FF;">5</span>:
    x = <span style="color: #AE81FF;">5</span></code></pre></mattext></material></response_label></render_choice></response_lid></presentation><resprocessing><outcomes><decvar maxvalue="100" minvalue="0" varname="SCORE" vartype="Decimal" /></outcomes><respcondition continue="No"><conditionvar><varequal respident="response1">b</varequal></conditionvar><setvar action="Set" varname="SCORE">100</setvar></respcondition></resprocessing></item><item ident="tf_condition_top" title="Q05"><itemmetadata><qtimetadata><qtimetadatafield><fieldlabel>question_type</fieldlabel><fieldentry>true_false_question</fieldentry></qtimetadatafield><qtimetadatafield><fieldlabel>calculator_type</fieldlabel><fieldentry>none</fieldentry></qtimetadatafield><qtimetadatafield><fieldlabel>points_possible</fieldlabel><fieldentry>7.0</fieldentry></qtimetadatafield></qtimetadata></itemmetadata><presentation><material><mattext texttype="text/html"><p>True or False: A while loop checks its condition before its body runs.</p></mattext></material><response_lid ident="response1" rcardinality="Single"><render_choice><response_label ident="true"><material><mattext texttype="text/html"><p>True</p></mattext></material></response_label><response_label ident="false"><material><mattext texttype="text/html"><p>False</p></mattext></material></response_label></render_choice></response_lid></presentation><resprocessing><outcomes><decvar maxvalue="100" minvalue="0" varname="SCORE" vartype="Decimal" /></outcomes><respcondition continue="No"><conditionvar><varequal respident="response1">false</varequal></conditionvar><setvar action="Set" varname="SCORE">100</setvar></respcondition></resprocessing></item><item ident="fitb_infinite" title="Q06"><itemmetadata><qtimetadata><qtimetadatafield><fieldlabel>question_type</fieldlabel><fieldentry>fill_in_multiple_blanks_question</fieldentry></qtimetadatafield><qtimetadatafield><fieldlabel>calculator_type</fieldlabel><fieldentry>none</fieldentry></qtimetadatafield><qtimetadatafield><fieldlabel>points_possible</fieldlabel><fieldentry>7.0</fieldentry></qtimetadatafield></qtimetadata></itemmetadata><presentation><material><mattext texttype="text/html"><p>A while loop is infinite if the condition never becomes _____.</p>
<p>[21f2332126f04d88b2e93b98ef79f286]</p></mattext></material><response_lid ident="response_21f2332126f04d88b2e93b98ef79f286"><material><mattext>Question</mattext></material><render_choice><response_label scoring_algorithm="TextContainsAnswer" answer_type="openEntry" ident="21f2332126f04d88b2e93b98ef79f286-0"><material><mattext texttype="text/plain">false</mattext></material></response_label><response_label scoring_algorithm="TextContainsAnswer" answer_type="openEntry" ident="21f2332126f04d88b2e93b98ef79f286-1"><material><mattext texttype="text/plain">False</mattext></material></response_label></render_choice></response_lid></presentation><resprocessing><outcomes><decvar maxvalue="100" minvalue="0" varname="SCORE" vartype="Decimal" /></outcomes><respcondition><conditionvar><varequal respident="response_21f2332126f04d88b2e93b98ef79f286">21f2332126f04d88b2e93b98ef79f286-0</varequal></conditionvar><setvar action="Add" varname="SCORE">100.00</setvar></respcondition><respcondition><conditionvar><varequal respident="response_21f2332126f04d88b2e93b98ef79f286">21f2332126f04d88b2e93b98ef79f286-1</varequal></conditionvar><setvar action="Add" varname="SCORE">100.00</setvar></respcondition></resprocessing></item><item ident="mc_password_issue" title="Q07"><itemmetadata><qtimetadata><qtimetadatafield><fieldlabel>question_type</fieldlabel><fieldentry>multiple_choice_question</fieldentry></qtimetadatafield><qtimetadatafield><fieldlabel>calculator_type</fieldlabel><fieldentry>none</fieldentry></qtimetadatafield><qtimetadatafield><fieldlabel>points_possible</fieldlabel><fieldentry>7.0</fieldentry></qtimetadatafield></qtimetadata></itemmetadata><presentation><material><mattext texttype="text/html"><p>What is the issue in this code?</p>
<pre style="background-color: #272822; color: #F8F8F2; padding: 10px; border-radius: 4px; font-family: 'Courier New', Consolas, monospace; overflow-x: auto; line-height: 1.5;"><code class="language-python">p = <span style="color: #A6E22E;"><span style="color: #66D9EF;">input</span></span>(<span style="color: #E6DB74;">'Enter: '</span>)
<span style="color: #F92672;">while</span> p != <span style="color: #E6DB74;">'SECRET'</span>:
    <span style="color: #A6E22E;"><span style="color: #66D9EF;">print</span></span>(<span style="color: #E6DB74;">'Try again'</span>)```</code></pre></mattext></material><response_lid ident="response1" rcardinality="Single"><render_choice><response_label ident="a"><material><mattext texttype="text/html"><p>The operator should be ==</p></mattext></material></response_label><response_label ident="b"><material><mattext texttype="text/html"><p>A break is required</p></mattext></material></response_label><response_label ident="c"><material><mattext texttype="text/html"><p>print() must be moved</p></mattext></material></response_label><response_label ident="d"><material><mattext texttype="text/html"><p>p is never updated</p></mattext></material></response_label></render_choice></response_lid></presentation><resprocessing><outcomes><decvar maxvalue="100" minvalue="0" varname="SCORE" vartype="Decimal" /></outcomes><respcondition continue="No"><conditionvar><varequal respident="response1">d</varequal></conditionvar><setvar action="Set" varname="SCORE">100</setvar></respcondition></resprocessing></item><item ident="ordering_userinput" title="Q08"><itemmetadata><qtimetadata><qtimetadatafield><fieldlabel>question_type</fieldlabel><fieldentry>ordering_question</fieldentry></qtimetadatafield><qtimetadatafield><fieldlabel>calculator_type</fieldlabel><fieldentry>none</fieldentry></qtimetadatafield><qtimetadatafield><fieldlabel>points_possible</fieldlabel><fieldentry>13.0</fieldentry></qtimetadatafield></qtimetadata></itemmetadata><presentation><material><mattext texttype="text/html"><p>Put these steps in order.</p></mattext></material><response_lid ident="response1" rcardinality="Ordered"><render_extension><material position="top"><mattext texttype="text/html"><p>Put these steps in order.</p></mattext></material><ims_render_object shuffle="No"><flow_label><response_label ident="b158f055-d9ff-4107-a80b-4ab6c2470f2a"><material><mattext texttype="text/html"><p>Prompt user</p></mattext></material></response_label><response_label ident="f0d6a15e-298f-4840-879c-5da9b9559a53"><material><mattext texttype="text/html"><p>Check condition</p></mattext></material></response_label><response_label ident="670b9907-bf00-4c3f-b7b7-13ceddd846f7"><material><mattext texttype="text/html"><p>Run body</p></mattext></material></response_label><response_label ident="12c0d673-ddad-4d33-9643-1aff0d4b1712"><material><mattext texttype="text/html"><p>Update input</p></mattext></material></response_label></flow_label></ims_render_object><material position="bottom"><mattext /></material></render_extension></response_lid></presentation><resprocessing><outcomes><decvar maxvalue="100" minvalue="0" varname="SCORE" vartype="Decimal" /></outcomes><respcondition continue="No"><conditionvar><varequal respident="response1">b158f055-d9ff-4107-a80b-4ab6c2470f2a</varequal><varequal respident="response1">f0d6a15e-298f-4840-879c-5da9b9559a53</varequal><varequal respident="response1">670b9907-bf00-4c3f-b7b7-13ceddd846f7</varequal><varequal respident="response1">12c0d673-ddad-4d33-9643-1aff0d4b1712</varequal></conditionvar><setvar action="Set" varname="SCORE">100</setvar></respcondition></resprocessing></item><item ident="mc_nested_behavior" title="Q09"><itemmetadata><qtimetadata><qtimetadatafield><fieldlabel>question_type</fieldlabel><fieldentry>multiple_choice_question</fieldentry></qtimetadatafield><qtimetadatafield><fieldlabel>calculator_type</fieldlabel><fieldentry>none</fieldentry></qtimetadatafield><qtimetadatafield><fieldlabel>points_possible</fieldlabel><fieldentry>7.0</fieldentry></qtimetadatafield></qtimetadata></itemmetadata><presentation><material><mattext texttype="text/html"><p>How does an inner loop behave inside a nested while loop?</p></mattext></material><response_lid ident="response1" rcardinality="Single"><render_choice><response_label ident="a"><material><mattext texttype="text/html"><p>It completes all its iterations each time</p></mattext></material></response_label><response_label ident="b"><material><mattext texttype="text/html"><p>It runs only when the outer loop ends</p></mattext></material></response_label><response_label ident="c"><material><mattext texttype="text/html"><p>It runs once per outer iteration</p></mattext></material></response_label><response_label ident="d"><material><mattext texttype="text/html"><p>It always runs the same number of times as the outer loop</p></mattext></material></response_label></render_choice></response_lid></presentation><resprocessing><outcomes><decvar maxvalue="100" minvalue="0" varname="SCORE" vartype="Decimal" /></outcomes><respcondition continue="No"><conditionvar><varequal respident="response1">a</varequal></conditionvar><setvar action="Set" varname="SCORE">100</setvar></respcondition></resprocessing></item><item ident="mc_missed_increment" title="Q10"><itemmetadata><qtimetadata><qtimetadatafield><fieldlabel>question_type</fieldlabel><fieldentry>multiple_choice_question</fieldentry></qtimetadatafield><qtimetadatafield><fieldlabel>calculator_type</fieldlabel><fieldentry>none</fieldentry></qtimetadatafield><qtimetadatafield><fieldlabel>points_possible</fieldlabel><fieldentry>7.0</fieldentry></qtimetadatafield></qtimetadata></itemmetadata><presentation><material><mattext texttype="text/html"><p>Why does this loop never end?</p>
<pre style="background-color: #272822; color: #F8F8F2; padding: 10px; border-radius: 4px; font-family: 'Courier New', Consolas, monospace; overflow-x: auto; line-height: 1.5;"><code class="language-python">count = <span style="color: #AE81FF;">1</span>
<span style="color: #F92672;">while</span> count &lt; <span style="color: #AE81FF;">5</span>:
    <span style="color: #A6E22E;"><span style="color: #66D9EF;">print</span></span>(count)```</code></pre></mattext></material><response_lid ident="response1" rcardinality="Single"><render_choice><response_label ident="a"><material><mattext texttype="text/html"><p>The operator should be &gt;</p></mattext></material></response_label><response_label ident="b"><material><mattext texttype="text/html"><p>print() stops the loop</p></mattext></material></response_label><response_label ident="c"><material><mattext texttype="text/html"><p>count is not incremented</p></mattext></material></response_label><response_label ident="d"><material><mattext texttype="text/html"><p>It requires input()</p></mattext></material></response_label></render_choice></response_lid></presentation><resprocessing><outcomes><decvar maxvalue="100" minvalue="0" varname="SCORE" vartype="Decimal" /></outcomes><respcondition continue="No"><conditionvar><varequal respident="response1">c</varequal></conditionvar><setvar action="Set" varname="SCORE">100</setvar></respcondition></resprocessing></item><item ident="categorization_loop_behavior" title="Q11"><itemmetadata><qtimetadata><qtimetadatafield><fieldlabel>question_type</fieldlabel><fieldentry>categorization_question</fieldentry></qtimetadatafield><qtimetadatafield><fieldlabel>calculator_type</fieldlabel><fieldentry>none</fieldentry></qtimetadatafield><qtimetadatafield><fieldlabel>points_possible</fieldlabel><fieldentry>7.0</fieldentry></qtimetadatafield></qtimetadata></itemmetadata><presentation><material><mattext texttype="text/html"><p>Classify each loop.</p></mattext></material><response_lid ident="19a5a5bd-f748-4e24-ae2a-9b6dc89eb426" rcardinality="Multiple"><material><mattext texttype="text/html"><p>Runs Zero Times</p></mattext></material><render_choice><response_label ident="7e3616a0-bd6a-4da2-a79e-38234a5aaf25"><material><mattext texttype="text/html"><p><pre style="background-color: #272822; color: #F8F8F2; padding: 10px; border-radius: 4px; font-family: 'Courier New', Consolas, monospace; overflow-x: auto; line-height: 1.5; white-space: pre; display: block;"><code class="language-python"><span style="color: #F92672;">while</span> x &lt; <span style="color: #AE81FF;">0</span>:
    <span style="color: #A6E22E;"><span style="color: #66D9EF;">print</span></span>(x)</code></pre></p></mattext></material></response_label><response_label ident="1595ab34-245d-4d4f-8459-1a466903ac28"><material><mattext texttype="text/html"><p><pre style="background-color: #272822; color: #F8F8F2; padding: 10px; border-radius: 4px; font-family: 'Courier New', Consolas, monospace; overflow-x: auto; line-height: 1.5; white-space: pre; display: block;"><code class="language-python"><span style="color: #F92672;">while</span> user != <span style="color: #E6DB74;">'q'</span>:
    user = <span style="color: #A6E22E;"><span style="color: #66D9EF;">input</span></span>()</code></pre></p></mattext></material></response_label><response_label ident="b7ab6320-c93c-4a67-9ab6-8eac70596c92"><material><mattext texttype="text/html"><p><pre style="background-color: #272822; color: #F8F8F2; padding: 10px; border-radius: 4px; font-family: 'Courier New', Consolas, monospace; overflow-x: auto; line-height: 1.5; white-space: pre; display: block;"><code class="language-python"><span style="color: #F92672;">while</span> <span style="color: #F92672;">True</span>:
    <span style="color: #A6E22E;"><span style="color: #66D9EF;">print</span></span>(<span style="color: #E6DB74;">'go'</span>)</code></pre></p></mattext></material></response_label></render_choice></response_lid><response_lid ident="960064c7-05d7-4348-b6b8-501152c66b1b" rcardinality="Multiple"><material><mattext texttype="text/html"><p>Runs At Least Once</p></mattext></material><render_choice><response_label ident="7e3616a0-bd6a-4da2-a79e-38234a5aaf25"><material><mattext texttype="text/html"><p><pre style="background-color: #272822; color: #F8F8F2; padding: 10px; border-radius: 4px; font-family: 'Courier New', Consolas, monospace; overflow-x: auto; line-height: 1.5; white-space: pre; display: block;"><code class="language-python"><span style="color: #F92672;">while</span> x &lt; <span style="color: #AE81FF;">0</span>:
    <span style="color: #A6E22E;"><span style="color: #66D9EF;">print</span></span>(x)</code></pre></p></mattext></material></response_label><response_label ident="1595ab34-245d-4d4f-8459-1a466903ac28"><material><mattext texttype="text/html"><p><pre style="background-color: #272822; color: #F8F8F2; padding: 10px; border-radius: 4px; font-family: 'Courier New', Consolas, monospace; overflow-x: auto; line-height: 1.5; white-space: pre; display: block;"><code class="language-python"><span style="color: #F92672;">while</span> user != <span style="color: #E6DB74;">'q'</span>:
    user = <span style="color: #A6E22E;"><span style="color: #66D9EF;">input</span></span>()</code></pre></p></mattext></material></response_label><response_label ident="b7ab6320-c93c-4a67-9ab6-8eac70596c92"><material><mattext texttype="text/html"><p><pre style="background-color: #272822; color: #F8F8F2; padding: 10px; border-radius: 4px; font-family: 'Courier New', Consolas, monospace; overflow-x: auto; line-height: 1.5; white-space: pre; display: block;"><code class="language-python"><span style="color: #F92672;">while</span> <span style="color: #F92672;">True</span>:
    <span style="color: #A6E22E;"><span style="color: #66D9EF;">print</span></span>(<span style="color: #E6DB74;">'go'</span>)</code></pre></p></mattext></material></response_label></render_choice></response_lid><response_lid ident="a1fec576-c0f3-40dc-b54d-746eb94c4a33" rcardinality="Multiple"><material><mattext texttype="text/html"><p>Infinite Loop</p></mattext></material><render_choice><response_label ident="7e3616a0-bd6a-4da2-a79e-38234a5aaf25"><material><mattext texttype="text/html"><p><pre style="background-color: #272822; color: #F8F8F2; padding: 10px; border-radius: 4px; font-family: 'Courier New', Consolas, monospace; overflow-x: auto; line-height: 1.5; white-space: pre; display: block;"><code class="language-python"><span style="color: #F92672;">while</span> x &lt; <span style="color: #AE81FF;">0</span>:
    <span style="color: #A6E22E;"><span style="color: #66D9EF;">print</span></span>(x)</code></pre></p></mattext></material></response_label><response_label ident="1595ab34-245d-4d4f-8459-1a466903ac28"><material><mattext texttype="text/html"><p><pre style="background-color: #272822; color: #F8F8F2; padding: 10px; border-radius: 4px; font-family: 'Courier New', Consolas, monospace; overflow-x: auto; line-height: 1.5; white-space: pre; display: block;"><code class="language-python"><span style="color: #F92672;">while</span> user != <span style="color: #E6DB74;">'q'</span>:
    user = <span style="color: #A6E22E;"><span style="color: #66D9EF;">input</span></span>()</code></pre></p></mattext></material></response_label><response_label ident="b7ab6320-c93c-4a67-9ab6-8eac70596c92"><material><mattext texttype="text/html"><p><pre style="background-color: #272822; color: #F8F8F2; padding: 10px; border-radius: 4px; font-family: 'Courier New', Consolas, monospace; overflow-x: auto; line-height: 1.5; white-space: pre; display: block;"><code class="language-python"><span style="color: #F92672;">while</span> <span style="color: #F92672;">True</span>:
    <span style="color: #A6E22E;"><span style="color: #66D9EF;">print</span></span>(<span style="color: #E6DB74;">'go'</span>)</code></pre></p></mattext></material></response_label></render_choice></response_lid></presentation><resprocessing><outcomes><decvar maxvalue="100" minvalue="0" varname="SCORE" vartype="Decimal" /></outcomes><respcondition><conditionvar><varequal respident="19a5a5bd-f748-4e24-ae2a-9b6dc89eb426">7e3616a0-bd6a-4da2-a79e-38234a5aaf25</varequal></conditionvar><setvar action="Add" varname="SCORE">33.33</setvar></respcondition><respcondition><conditionvar><varequal respident="960064c7-05d7-4348-b6b8-501152c66b1b">1595ab34-245d-4d4f-8459-1a466903ac28</varequal></conditionvar><setvar action="Add" varname="SCORE">33.33</setvar></respcondition><respcondition><conditionvar><varequal respident="a1fec576-c0f3-40dc-b54d-746eb94c4a33">b7ab6320-c93c-4a67-9ab6-8eac70596c92</varequal></conditionvar><setvar action="Add" varname="SCORE">33.34</setvar></respcondition></resprocessing></item><item ident="tf_nested" title="Q12"><itemmetadata><qtimetadata><qtimetadatafield><fieldlabel>question_type</fieldlabel><fieldentry>true_false_question</fieldentry></qtimetadatafield><qtimetadatafield><fieldlabel>calculator_type</fieldlabel><fieldentry>none</fieldentry></qtimetadatafield><qtimetadatafield><fieldlabel>points_possible</fieldlabel><fieldentry>7.0</fieldentry></qtimetadatafield></qtimetadata></itemmetadata><presentation><material><mattext texttype="text/html"><p>True or False: An inner loop may run many times for each outer-loop iteration.</p></mattext></material><response_lid ident="response1" rcardinality="Single"><render_choice><response_label ident="true"><material><mattext texttype="text/html"><p>True</p></mattext></material></response_label><response_label ident="false"><material><mattext texttype="text/html"><p>False</p></mattext></material></response_label></render_choice></response_lid></presentation><resprocessing><outcomes><decvar maxvalue="100" minvalue="0" varname="SCORE" vartype="Decimal" /></outcomes><respcondition continue="No"><conditionvar><varequal respident="response1">true</varequal></conditionvar><setvar action="Set" varname="SCORE">100</setvar></respcondition></resprocessing></item><item ident="fitb_condition" title="Q13"><itemmetadata><qtimetadata><qtimetadatafield><fieldlabel>question_type</fieldlabel><fieldentry>fill_in_multiple_blanks_question</fieldentry></qtimetadatafield><qtimetadatafield><fieldlabel>calculator_type</fieldlabel><fieldentry>none</fieldentry></qtimetadatafield><qtimetadatafield><fieldlabel>points_possible</fieldlabel><fieldentry>6.0</fieldentry></qtimetadatafield></qtimetadata></itemmetadata><presentation><material><mattext texttype="text/html"><p>A while-loop condition must be a _____ value.</p>
<p>[4b3e051f6fc745848bf0b6a241a4ddc6]</p></mattext></material><response_lid ident="response_4b3e051f6fc745848bf0b6a241a4ddc6"><material><mattext>Question</mattext></material><render_choice><response_label scoring_algorithm="TextContainsAnswer" answer_type="openEntry" ident="4b3e051f6fc745848bf0b6a241a4ddc6-0"><material><mattext texttype="text/plain">boolean</mattext></material></response_label><response_label scoring_algorithm="TextContainsAnswer" answer_type="openEntry" ident="4b3e051f6fc745848bf0b6a241a4ddc6-1"><material><mattext texttype="text/plain">true or false</mattext></material></response_label><response_label scoring_algorithm="TextContainsAnswer" answer_type="openEntry" ident="4b3e051f6fc745848bf0b6a241a4ddc6-2"><material><mattext texttype="text/plain">true/false</mattext></material></response_label></render_choice></response_lid></presentation><resprocessing><outcomes><decvar maxvalue="100" minvalue="0" varname="SCORE" vartype="Decimal" /></outcomes><respcondition><conditionvar><varequal respident="response_4b3e051f6fc745848bf0b6a241a4ddc6">4b3e051f6fc745848bf0b6a241a4ddc6-0</varequal></conditionvar><setvar action="Add" varname="SCORE">100.00</setvar></respcondition><respcondition><conditionvar><varequal respident="response_4b3e051f6fc745848bf0b6a241a4ddc6">4b3e051f6fc745848bf0b6a241a4ddc6-1</varequal></conditionvar><setvar action="Add" varname="SCORE">100.00</setvar></respcondition><respcondition><conditionvar><varequal respident="response_4b3e051f6fc745848bf0b6a241a4ddc6">4b3e051f6fc745848bf0b6a241a4ddc6-2</varequal></conditionvar><setvar action="Add" varname="SCORE">100.00</setvar></respcondition></resprocessing></item><item ident="mc_safe_loop" title="Q14"><itemmetadata><qtimetadata><qtimetadatafield><fieldlabel>question_type</fieldlabel><fieldentry>multiple_choice_question</fieldentry></qtimetadatafield><qtimetadatafield><fieldlabel>calculator_type</fieldlabel><fieldentry>none</fieldentry></qtimetadatafield><qtimetadatafield><fieldlabel>points_possible</fieldlabel><fieldentry>6.0</fieldentry></qtimetadatafield></qtimetadata></itemmetadata><presentation><material><mattext texttype="text/html"><p>Which change makes this loop stop?</p>
<pre style="background-color: #272822; color: #F8F8F2; padding: 10px; border-radius: 4px; font-family: 'Courier New', Consolas, monospace; overflow-x: auto; line-height: 1.5;"><code class="language-python">x = <span style="color: #AE81FF;">10</span>
<span style="color: #F92672;">while</span> x &gt; <span style="color: #AE81FF;">0</span>:
    <span style="color: #A6E22E;"><span style="color: #66D9EF;">print</span></span>(x)```</code></pre></mattext></material><response_lid ident="response1" rcardinality="Single"><render_choice><response_label ident="a"><material><mattext texttype="text/html"><p>Flip &gt; to &lt;</p></mattext></material></response_label><response_label ident="b"><material><mattext texttype="text/html"><p>Remove the condition</p></mattext></material></response_label><response_label ident="c"><material><mattext texttype="text/html"><p>Use input() instead of print()</p></mattext></material></response_label><response_label ident="d"><material><mattext texttype="text/html"><p>Add x -= 1</p></mattext></material></response_label></render_choice></response_lid></presentation><resprocessing><outcomes><decvar maxvalue="100" minvalue="0" varname="SCORE" vartype="Decimal" /></outcomes><respcondition continue="No"><conditionvar><varequal respident="response1">d</varequal></conditionvar><setvar action="Set" varname="SCORE">100</setvar></respcondition></resprocessing></item><item ident="mc_skip_logic" title="Q15"><itemmetadata><qtimetadata><qtimetadatafield><fieldlabel>question_type</fieldlabel><fieldentry>multiple_choice_question</fieldentry></qtimetadatafield><qtimetadatafield><fieldlabel>calculator_type</fieldlabel><fieldentry>none</fieldentry></qtimetadatafield><qtimetadatafield><fieldlabel>points_possible</fieldlabel><fieldentry>6.0</fieldentry></qtimetadatafield></qtimetadata></itemmetadata><presentation><material><mattext texttype="text/html"><p>What does this loop print?</p>
<pre style="background-color: #272822; color: #F8F8F2; padding: 10px; border-radius: 4px; font-family: 'Courier New', Consolas, monospace; overflow-x: auto; line-height: 1.5;"><code class="language-python">n = <span style="color: #AE81FF;">1</span>
<span style="color: #F92672;">while</span> n &lt; <span style="color: #AE81FF;">6</span>:
    <span style="color: #F92672;">if</span> n % <span style="color: #AE81FF;">2</span> == <span style="color: #AE81FF;">0</span>:
        n += <span style="color: #AE81FF;">1</span>
        <span style="color: #F92672;">continue</span>
    <span style="color: #A6E22E;"><span style="color: #66D9EF;">print</span></span>(n)
    n += <span style="color: #AE81FF;">1</span>```</code></pre></mattext></material><response_lid ident="response1" rcardinality="Single"><render_choice><response_label ident="a"><material><mattext texttype="text/html"><p>2, 4</p></mattext></material></response_label><response_label ident="b"><material><mattext texttype="text/html"><p>Nothing</p></mattext></material></response_label><response_label ident="c"><material><mattext texttype="text/html"><p>1, 3, 5</p></mattext></material></response_label><response_label ident="d"><material><mattext texttype="text/html"><p>1 through 6</p></mattext></material></response_label></render_choice></response_lid></presentation><resprocessing><outcomes><decvar maxvalue="100" minvalue="0" varname="SCORE" vartype="Decimal" /></outcomes><respcondition continue="No"><conditionvar><varequal respident="response1">c</varequal></conditionvar><setvar action="Set" varname="SCORE">100</setvar></respcondition></resprocessing></item><item ident="mc_false_start" title="Q16"><itemmetadata><qtimetadata><qtimetadatafield><fieldlabel>question_type</fieldlabel><fieldentry>multiple_choice_question</fieldentry></qtimetadatafield><qtimetadatafield><fieldlabel>calculator_type</fieldlabel><fieldentry>none</fieldentry></qtimetadatafield><qtimetadatafield><fieldlabel>points_possible</fieldlabel><fieldentry>6.0</fieldentry></qtimetadatafield></qtimetadata></itemmetadata><presentation><material><mattext texttype="text/html"><p>Which statement about while loops is correct?</p></mattext></material><response_lid ident="response1" rcardinality="Single"><render_choice><response_label ident="a"><material><mattext texttype="text/html"><p>A False condition prevents the loop from running</p></mattext></material></response_label><response_label ident="b"><material><mattext texttype="text/html"><p>A while loop must run twice</p></mattext></material></response_label><response_label ident="c"><material><mattext texttype="text/html"><p>A while loop must use break</p></mattext></material></response_label><response_label ident="d"><material><mattext texttype="text/html"><p>A while loop always runs once</p></mattext></material></response_label></render_choice></response_lid></presentation><resprocessing><outcomes><decvar maxvalue="100" minvalue="0" varname="SCORE" vartype="Decimal" /></outcomes><respcondition continue="No"><conditionvar><varequal respident="response1">a</varequal></conditionvar><setvar action="Set" varname="SCORE">100</setvar></respcondition></resprocessing></item></section></assessment></questestinterop>
