<?xml version="1.0"?>
<manifest xmlns="http://www.imsglobal.org/xsd/imsccv1p1/imscp_v1p1" xmlns:lom="http://ltsc.ieee.org/xsd/imsccv1p1/LOM/resource" xmlns:imsmd="http://www.imsglobal.org/xsd/imsmd_v1p2" xmlns:xsi="http://www.w3.org/2001/XMLSchema-instance" identifier="32c4e448-67b3-4f3a-bb6e-ea5c2488b335" xsi:schemaLocation="http://www.imsglobal.org/xsd/imsccv1p1/imscp_v1p1 http://www.imsglobal.org/xsd/imscp_v1p1.xsd http://ltsc.ieee.org/xsd/imsccv1p1/LOM/resource http://www.imsglobal.org/profile/cc/ccv1p1/LOM/ccv1p1_lomresource_v1p0.xsd http://www.imsglobal.org/xsd/imsmd_v1p2 http://www.imsglobal.org/xsd/imsmd_v1p2p2.xsd">
	<metadata>
		<schema>IMS Content</schema>
		<schemaversion>1.1.3</schemaversion>
		<imsmd:lom>
			<imsmd:general>
				<imsmd:title>
					<imsmd:string>Thanksgiving Turkey Preparation Quiz</imsmd:string>
				</imsmd:title>
			</imsmd:general>
			<imsmd:lifeCycle>
				<imsmd:contribute>
					<imsmd:date>
						<imsmd:dateTime>2025-11-24</imsmd:dateTime>
					</imsmd:date>
				</imsmd:contribute>
			</imsmd:lifeCycle>
		</imsmd:lom>
	</metadata>
	<organizations/>
	<resources>
		<resource identifier="db76ebfa-6ae5-4dcb-8b06-ad2f27e146cd" type="imsqti_xmlv1p2">
			<file href="db76ebfa-6ae5-4dcb-8b06-ad2f27e146cd/db76ebfa-6ae5-4dcb-8b06-ad2f27e146cd.xml"/>
			<dependency identifierref="379d09b8-8c00-4a46-9893-e3afa9ee66e4"/>
		</resource>
		<resource identifier="379d09b8-8c00-4a46-9893-e3afa9ee66e4" type="associatedcontent/imscc_xmlv1p1/learning-application-resource" href="db76ebfa-6ae5-4dcb-8b06-ad2f27e146cd/assessment_meta.xml">
			<file href="db76ebfa-6ae5-4dcb-8b06-ad2f27e146cd/assessment_meta.xml"/>
		</resource>
	</resources>
</manifest>
