<?xml version="1.0"?>
<manifest xmlns="http://www.imsglobal.org/xsd/imsccv1p1/imscp_v1p1" xmlns:lom="http://ltsc.ieee.org/xsd/imsccv1p1/LOM/resource" xmlns:imsmd="http://www.imsglobal.org/xsd/imsmd_v1p2" xmlns:xsi="http://www.w3.org/2001/XMLSchema-instance" identifier="0e386a14-9c8f-47c3-a36b-1454fcc08e84" xsi:schemaLocation="http://www.imsglobal.org/xsd/imsccv1p1/imscp_v1p1 http://www.imsglobal.org/xsd/imscp_v1p1.xsd http://ltsc.ieee.org/xsd/imsccv1p1/LOM/resource http://www.imsglobal.org/profile/cc/ccv1p1/LOM/ccv1p1_lomresource_v1p0.xsd http://www.imsglobal.org/xsd/imsmd_v1p2 http://www.imsglobal.org/xsd/imsmd_v1p2p2.xsd">
	<metadata>
		<schema>IMS Content</schema>
		<schemaversion>1.1.3</schemaversion>
		<imsmd:lom>
			<imsmd:general>
				<imsmd:title>
					<imsmd:string>Attempt 5 - Stimulus Plus MC Set</imsmd:string>
				</imsmd:title>
			</imsmd:general>
			<imsmd:lifeCycle>
				<imsmd:contribute>
					<imsmd:date>
						<imsmd:dateTime>2025-11-21</imsmd:dateTime>
					</imsmd:date>
				</imsmd:contribute>
			</imsmd:lifeCycle>
		</imsmd:lom>
	</metadata>
	<organizations/>
	<resources>
		<resource identifier="8373de81-de8d-480b-8770-d1aab7b36e05" type="imsqti_xmlv1p2">
			<file href="8373de81-de8d-480b-8770-d1aab7b36e05/8373de81-de8d-480b-8770-d1aab7b36e05.xml"/>
			<dependency identifierref="7d9074e2-ce8a-4eb5-bcaf-04e835d376d6"/>
		</resource>
		<resource identifier="7d9074e2-ce8a-4eb5-bcaf-04e835d376d6" type="associatedcontent/imscc_xmlv1p1/learning-application-resource" href="8373de81-de8d-480b-8770-d1aab7b36e05/assessment_meta.xml">
			<file href="8373de81-de8d-480b-8770-d1aab7b36e05/assessment_meta.xml"/>
		</resource>
	</resources>
</manifest>
