<?xml version="1.0"?>
<manifest xmlns="http://www.imsglobal.org/xsd/imsccv1p1/imscp_v1p1" xmlns:lom="http://ltsc.ieee.org/xsd/imsccv1p1/LOM/resource" xmlns:imsmd="http://www.imsglobal.org/xsd/imsmd_v1p2" xmlns:xsi="http://www.w3.org/2001/XMLSchema-instance" identifier="047a211e-b635-45e3-93a0-7b8efa938004" xsi:schemaLocation="http://www.imsglobal.org/xsd/imsccv1p1/imscp_v1p1 http://www.imsglobal.org/xsd/imscp_v1p1.xsd http://ltsc.ieee.org/xsd/imsccv1p1/LOM/resource http://www.imsglobal.org/profile/cc/ccv1p1/LOM/ccv1p1_lomresource_v1p0.xsd http://www.imsglobal.org/xsd/imsmd_v1p2 http://www.imsglobal.org/xsd/imsmd_v1p2p2.xsd">
	<metadata>
		<schema>IMS Content</schema>
		<schemaversion>1.1.3</schemaversion>
		<imsmd:lom>
			<imsmd:general>
				<imsmd:title>
					<imsmd:string>Yule Lads Grammar and Revision Practice</imsmd:string>
				</imsmd:title>
			</imsmd:general>
			<imsmd:lifeCycle>
				<imsmd:contribute>
					<imsmd:date>
						<imsmd:dateTime>2025-12-02</imsmd:dateTime>
					</imsmd:date>
				</imsmd:contribute>
			</imsmd:lifeCycle>
		</imsmd:lom>
	</metadata>
	<organizations/>
	<resources>
		<resource identifier="97193915-04cc-47fb-b4d4-c733ffe890ff" type="imsqti_xmlv1p2">
			<file href="97193915-04cc-47fb-b4d4-c733ffe890ff/97193915-04cc-47fb-b4d4-c733ffe890ff.xml"/>
			<dependency identifierref="ec96b2e4-ca19-40eb-a872-5b219d051d74"/>
		</resource>
		<resource identifier="ec96b2e4-ca19-40eb-a872-5b219d051d74" type="associatedcontent/imscc_xmlv1p1/learning-application-resource" href="97193915-04cc-47fb-b4d4-c733ffe890ff/assessment_meta.xml">
			<file href="97193915-04cc-47fb-b4d4-c733ffe890ff/assessment_meta.xml"/>
		</resource>
	</resources>
</manifest>
