<?xml version="1.0"?>
<manifest xmlns="http://www.imsglobal.org/xsd/imsccv1p1/imscp_v1p1" xmlns:lom="http://ltsc.ieee.org/xsd/imsccv1p1/LOM/resource" xmlns:imsmd="http://www.imsglobal.org/xsd/imsmd_v1p2" xmlns:xsi="http://www.w3.org/2001/XMLSchema-instance" identifier="4576e730-b603-45a1-b4c7-8f575f861180" xsi:schemaLocation="http://www.imsglobal.org/xsd/imsccv1p1/imscp_v1p1 http://www.imsglobal.org/xsd/imscp_v1p1.xsd http://ltsc.ieee.org/xsd/imsccv1p1/LOM/resource http://www.imsglobal.org/profile/cc/ccv1p1/LOM/ccv1p1_lomresource_v1p0.xsd http://www.imsglobal.org/xsd/imsmd_v1p2 http://www.imsglobal.org/xsd/imsmd_v1p2p2.xsd">
	<metadata>
		<schema>IMS Content</schema>
		<schemaversion>1.1.3</schemaversion>
		<imsmd:lom>
			<imsmd:general>
				<imsmd:title>
					<imsmd:string>The Monsters Are Due on Maple Street - Act 1 Reading Quiz</imsmd:string>
				</imsmd:title>
			</imsmd:general>
			<imsmd:lifeCycle>
				<imsmd:contribute>
					<imsmd:date>
						<imsmd:dateTime>2026-01-20</imsmd:dateTime>
					</imsmd:date>
				</imsmd:contribute>
			</imsmd:lifeCycle>
		</imsmd:lom>
	</metadata>
	<organizations/>
	<resources>
		<resource identifier="b10b5861-7eee-4378-8370-d818744f9edf" type="imsqti_xmlv1p2">
			<file href="b10b5861-7eee-4378-8370-d818744f9edf/b10b5861-7eee-4378-8370-d818744f9edf.xml"/>
			<dependency identifierref="1bd0de2a-ec43-4c1f-ba3c-ca1f0dc2cc97"/>
		</resource>
		<resource identifier="1bd0de2a-ec43-4c1f-ba3c-ca1f0dc2cc97" type="associatedcontent/imscc_xmlv1p1/learning-application-resource" href="b10b5861-7eee-4378-8370-d818744f9edf/assessment_meta.xml">
			<file href="b10b5861-7eee-4378-8370-d818744f9edf/assessment_meta.xml"/>
		</resource>
	</resources>
</manifest>
