<?xml version="1.0"?>
<manifest xmlns="http://www.imsglobal.org/xsd/imsccv1p1/imscp_v1p1" xmlns:lom="http://ltsc.ieee.org/xsd/imsccv1p1/LOM/resource" xmlns:imsmd="http://www.imsglobal.org/xsd/imsmd_v1p2" xmlns:xsi="http://www.w3.org/2001/XMLSchema-instance" identifier="4e4bf2bf-9632-4b53-a5a9-ca02fb9d2887" xsi:schemaLocation="http://www.imsglobal.org/xsd/imsccv1p1/imscp_v1p1 http://www.imsglobal.org/xsd/imscp_v1p1.xsd http://ltsc.ieee.org/xsd/imsccv1p1/LOM/resource http://www.imsglobal.org/profile/cc/ccv1p1/LOM/ccv1p1_lomresource_v1p0.xsd http://www.imsglobal.org/xsd/imsmd_v1p2 http://www.imsglobal.org/xsd/imsmd_v1p2p2.xsd">
	<metadata>
		<schema>IMS Content</schema>
		<schemaversion>1.1.3</schemaversion>
		<imsmd:lom>
			<imsmd:general>
				<imsmd:title>
					<imsmd:string>Chapter 9 Quiz 5 - Cumulative Review</imsmd:string>
				</imsmd:title>
			</imsmd:general>
			<imsmd:lifeCycle>
				<imsmd:contribute>
					<imsmd:date>
						<imsmd:dateTime>2026-01-05</imsmd:dateTime>
					</imsmd:date>
				</imsmd:contribute>
			</imsmd:lifeCycle>
		</imsmd:lom>
	</metadata>
	<organizations/>
	<resources>
		<resource identifier="1f9beee8-fab0-4f45-b2b2-0732c6cd534e" type="imsqti_xmlv1p2">
			<file href="1f9beee8-fab0-4f45-b2b2-0732c6cd534e/1f9beee8-fab0-4f45-b2b2-0732c6cd534e.xml"/>
			<dependency identifierref="8de9e77a-7bc3-49fa-a9b9-c8ac1bd4cf69"/>
		</resource>
		<resource identifier="8de9e77a-7bc3-49fa-a9b9-c8ac1bd4cf69" type="associatedcontent/imscc_xmlv1p1/learning-application-resource" href="1f9beee8-fab0-4f45-b2b2-0732c6cd534e/assessment_meta.xml">
			<file href="1f9beee8-fab0-4f45-b2b2-0732c6cd534e/assessment_meta.xml"/>
		</resource>
	</resources>
</manifest>
