<?xml version="1.0"?>
<manifest xmlns="http://www.imsglobal.org/xsd/imsccv1p1/imscp_v1p1" xmlns:lom="http://ltsc.ieee.org/xsd/imsccv1p1/LOM/resource" xmlns:imsmd="http://www.imsglobal.org/xsd/imsmd_v1p2" xmlns:xsi="http://www.w3.org/2001/XMLSchema-instance" identifier="ba3d313f-1d5d-47e5-830d-a201aa118b5b" xsi:schemaLocation="http://www.imsglobal.org/xsd/imsccv1p1/imscp_v1p1 http://www.imsglobal.org/xsd/imscp_v1p1.xsd http://ltsc.ieee.org/xsd/imsccv1p1/LOM/resource http://www.imsglobal.org/profile/cc/ccv1p1/LOM/ccv1p1_lomresource_v1p0.xsd http://www.imsglobal.org/xsd/imsmd_v1p2 http://www.imsglobal.org/xsd/imsmd_v1p2p2.xsd">
	<metadata>
		<schema>IMS Content</schema>
		<schemaversion>1.1.3</schemaversion>
		<imsmd:lom>
			<imsmd:general>
				<imsmd:title>
					<imsmd:string>Practice 4: Final Passages Editing and Revision</imsmd:string>
				</imsmd:title>
			</imsmd:general>
			<imsmd:lifeCycle>
				<imsmd:contribute>
					<imsmd:date>
						<imsmd:dateTime>2026-01-30</imsmd:dateTime>
					</imsmd:date>
				</imsmd:contribute>
			</imsmd:lifeCycle>
		</imsmd:lom>
	</metadata>
	<organizations/>
	<resources>
		<resource identifier="c9efeeb0-21c3-4645-b8ea-acbc7e521f5b" type="imsqti_xmlv1p2">
			<file href="c9efeeb0-21c3-4645-b8ea-acbc7e521f5b/c9efeeb0-21c3-4645-b8ea-acbc7e521f5b.xml"/>
			<dependency identifierref="91aceae9-84e5-4667-9f69-ce059375b2eb"/>
		</resource>
		<resource identifier="91aceae9-84e5-4667-9f69-ce059375b2eb" type="associatedcontent/imscc_xmlv1p1/learning-application-resource" href="c9efeeb0-21c3-4645-b8ea-acbc7e521f5b/assessment_meta.xml">
			<file href="c9efeeb0-21c3-4645-b8ea-acbc7e521f5b/assessment_meta.xml"/>
		</resource>
	</resources>
</manifest>
