<?xml version="1.0"?>
<manifest xmlns="http://www.imsglobal.org/xsd/imsccv1p1/imscp_v1p1" xmlns:lom="http://ltsc.ieee.org/xsd/imsccv1p1/LOM/resource" xmlns:imsmd="http://www.imsglobal.org/xsd/imsmd_v1p2" xmlns:xsi="http://www.w3.org/2001/XMLSchema-instance" identifier="2d3ad2a9-25de-4d32-8018-0503b3360bf8" xsi:schemaLocation="http://www.imsglobal.org/xsd/imsccv1p1/imscp_v1p1 http://www.imsglobal.org/xsd/imscp_v1p1.xsd http://ltsc.ieee.org/xsd/imsccv1p1/LOM/resource http://www.imsglobal.org/profile/cc/ccv1p1/LOM/ccv1p1_lomresource_v1p0.xsd http://www.imsglobal.org/xsd/imsmd_v1p2 http://www.imsglobal.org/xsd/imsmd_v1p2p2.xsd">
	<metadata>
		<schema>IMS Content</schema>
		<schemaversion>1.1.3</schemaversion>
		<imsmd:lom>
			<imsmd:general>
				<imsmd:title>
					<imsmd:string>Christmas Quiz 4 - A View from the Mantel (Revised Choices)</imsmd:string>
				</imsmd:title>
			</imsmd:general>
			<imsmd:lifeCycle>
				<imsmd:contribute>
					<imsmd:date>
						<imsmd:dateTime>2025-12-06</imsmd:dateTime>
					</imsmd:date>
				</imsmd:contribute>
			</imsmd:lifeCycle>
		</imsmd:lom>
	</metadata>
	<organizations/>
	<resources>
		<resource identifier="6cb23d5d-126c-4f7b-9117-c0610eabdb07" type="imsqti_xmlv1p2">
			<file href="6cb23d5d-126c-4f7b-9117-c0610eabdb07/6cb23d5d-126c-4f7b-9117-c0610eabdb07.xml"/>
			<dependency identifierref="e6a74d59-7ba5-43a9-8624-3b749ed92705"/>
		</resource>
		<resource identifier="e6a74d59-7ba5-43a9-8624-3b749ed92705" type="associatedcontent/imscc_xmlv1p1/learning-application-resource" href="6cb23d5d-126c-4f7b-9117-c0610eabdb07/assessment_meta.xml">
			<file href="6cb23d5d-126c-4f7b-9117-c0610eabdb07/assessment_meta.xml"/>
		</resource>
	</resources>
</manifest>
