<?xml version="1.0"?>
<manifest xmlns="http://www.imsglobal.org/xsd/imsccv1p1/imscp_v1p1" xmlns:lom="http://ltsc.ieee.org/xsd/imsccv1p1/LOM/resource" xmlns:imsmd="http://www.imsglobal.org/xsd/imsmd_v1p2" xmlns:xsi="http://www.w3.org/2001/XMLSchema-instance" identifier="7f50f124-b74a-4e36-aa76-571683ccd162" xsi:schemaLocation="http://www.imsglobal.org/xsd/imsccv1p1/imscp_v1p1 http://www.imsglobal.org/xsd/imscp_v1p1.xsd http://ltsc.ieee.org/xsd/imsccv1p1/LOM/resource http://www.imsglobal.org/profile/cc/ccv1p1/LOM/ccv1p1_lomresource_v1p0.xsd http://www.imsglobal.org/xsd/imsmd_v1p2 http://www.imsglobal.org/xsd/imsmd_v1p2p2.xsd">
	<metadata>
		<schema>IMS Content</schema>
		<schemaversion>1.1.3</schemaversion>
		<imsmd:lom>
			<imsmd:general>
				<imsmd:title>
					<imsmd:string>Chapter 9 Quiz 3 - List Traversals</imsmd:string>
				</imsmd:title>
			</imsmd:general>
			<imsmd:lifeCycle>
				<imsmd:contribute>
					<imsmd:date>
						<imsmd:dateTime>2026-01-05</imsmd:dateTime>
					</imsmd:date>
				</imsmd:contribute>
			</imsmd:lifeCycle>
		</imsmd:lom>
	</metadata>
	<organizations/>
	<resources>
		<resource identifier="445fb3ba-56d7-4b59-8084-4729fd76cb22" type="imsqti_xmlv1p2">
			<file href="445fb3ba-56d7-4b59-8084-4729fd76cb22/445fb3ba-56d7-4b59-8084-4729fd76cb22.xml"/>
			<dependency identifierref="38978302-4038-498c-bb83-2b747878a886"/>
		</resource>
		<resource identifier="38978302-4038-498c-bb83-2b747878a886" type="associatedcontent/imscc_xmlv1p1/learning-application-resource" href="445fb3ba-56d7-4b59-8084-4729fd76cb22/assessment_meta.xml">
			<file href="445fb3ba-56d7-4b59-8084-4729fd76cb22/assessment_meta.xml"/>
		</resource>
	</resources>
</manifest>
